{
  "playerValue": {
    "total": 9610000,
    "min": 24000,
    "max": 1600000,
    "avg": 331379.3103448276,
    "median": 250000,
    "standardDeviation": 342359.9047778878,
    "percentile25": 97000,
    "percentile75": 330000,
    "qArr": [
      26000,
      81000,
      210000,
      250000,
      310000,
      420000,
      1000000
    ],
    "skewness": 2.3118350578229374,
    "badValue": 0
  },
  "playerAge": {
    "total": 844,
    "min": 21,
    "max": 41,
    "avg": 29.103448275862068,
    "median": 27,
    "standardDeviation": 5.695399399189677,
    "percentile25": 24,
    "percentile75": 34,
    "qArr": [
      23,
      24,
      25,
      27,
      30,
      35,
      40
    ],
    "skewness": 0.6501159751942563,
    "badValue": 0
  },
  "playerATT": {
    "total": 680,
    "min": 36,
    "max": 63,
    "avg": 48.57142857142857,
    "median": 45.5,
    "standardDeviation": 8.491292058122045,
    "percentile25": 44,
    "percentile75": 57,
    "qArr": [
      36,
      41,
      44,
      45,
      53,
      58,
      63
    ],
    "skewness": 0.25372531950522503,
    "badValue": 0
  },
  "playerTEC": {
    "total": 623,
    "min": 18,
    "max": 55,
    "avg": 44.5,
    "median": 47,
    "standardDeviation": 8.966206396400718,
    "percentile25": 43,
    "percentile75": 50,
    "qArr": [
      18,
      41,
      45,
      47,
      48,
      50,
      55
    ],
    "skewness": -2.2384261680912556,
    "badValue": 0
  },
  "playerTAC": {
    "total": 600,
    "min": 11,
    "max": 58,
    "avg": 42.857142857142854,
    "median": 46,
    "standardDeviation": 11.43214229928146,
    "percentile25": 38,
    "percentile75": 49,
    "qArr": [
      11,
      36,
      39,
      46,
      49,
      53,
      58
    ],
    "skewness": -1.589184185905458,
    "badValue": 0
  },
  "playerDEF": {
    "total": 721,
    "min": 25,
    "max": 72,
    "avg": 51.5,
    "median": 51,
    "standardDeviation": 13.091709481303697,
    "percentile25": 43,
    "percentile75": 62,
    "qArr": [
      25,
      38,
      45,
      49,
      61,
      65,
      72
    ],
    "skewness": -0.2670919348265209,
    "badValue": 0
  },
  "playerCRE": {
    "total": 605,
    "min": 37,
    "max": 56,
    "avg": 43.214285714285715,
    "median": 42.5,
    "standardDeviation": 5.280402736650348,
    "percentile25": 39,
    "percentile75": 45,
    "qArr": [
      37,
      38,
      40,
      42,
      45,
      46,
      56
    ],
    "skewness": 1.2604792060752241,
    "badValue": 0
  },
  "playerTOT": {
    "total": 3229,
    "min": 156,
    "max": 260,
    "avg": 230.64285714285714,
    "median": 233.5,
    "standardDeviation": 24.636230993214458,
    "percentile25": 225,
    "percentile75": 248,
    "qArr": [
      156,
      217,
      225,
      231,
      245,
      248,
      260
    ],
    "skewness": -2.186944659855656,
    "badValue": 0
  },
  "playerRating": {
    "total": 94.60000000000001,
    "min": 5.8,
    "max": 7.2,
    "avg": 6.757142857142858,
    "median": 6.85,
    "standardDeviation": 0.3599886619529757,
    "percentile25": 6.6,
    "percentile75": 7.1,
    "qArr": [
      5.8,
      6.4,
      6.7,
      6.8,
      6.9,
      7.1,
      7.2
    ],
    "skewness": -1.4536092776771092,
    "badValue": 0
  },
  "playerNumber": 29,
  "noATTR": 15,
  "noRating": 15
}