{
  "playerValue": {
    "total": 13151000,
    "min": 24000,
    "max": 3100000,
    "avg": 410968.75,
    "median": 250000,
    "standardDeviation": 547953.3787407808,
    "percentile25": 170000,
    "percentile75": 420000,
    "qArr": [
      26000,
      155000,
      210000,
      240000,
      340000,
      455000,
      1200000
    ],
    "skewness": 4.1717854990367025,
    "badValue": 1
  },
  "playerAge": {
    "total": 884,
    "min": 21,
    "max": 36,
    "avg": 27.625,
    "median": 27.5,
    "standardDeviation": 4.2555111326373005,
    "percentile25": 24,
    "percentile75": 30,
    "qArr": [
      21,
      24,
      25,
      27,
      30,
      32,
      35
    ],
    "skewness": 0.2623687468564924,
    "badValue": 1
  },
  "playerATT": {
    "total": 819,
    "min": 33,
    "max": 65,
    "avg": 48.1764705882353,
    "median": 47,
    "standardDeviation": 9.672491583124048,
    "percentile25": 41,
    "percentile75": 56,
    "qArr": [
      33,
      38,
      44,
      47,
      55,
      58,
      65
    ],
    "skewness": 0.09024257938498136,
    "badValue": 0
  },
  "playerTEC": {
    "total": 851,
    "min": 41,
    "max": 63,
    "avg": 50.05882352941177,
    "median": 51,
    "standardDeviation": 5.5780092193551525,
    "percentile25": 46,
    "percentile75": 52,
    "qArr": [
      41,
      45,
      47,
      51,
      52,
      55,
      63
    ],
    "skewness": 0.35901439974745947,
    "badValue": 0
  },
  "playerTAC": {
    "total": 751,
    "min": 30,
    "max": 61,
    "avg": 44.1764705882353,
    "median": 43,
    "standardDeviation": 7.9796453858820735,
    "percentile25": 40,
    "percentile75": 49,
    "qArr": [
      30,
      35,
      41,
      43,
      48,
      52,
      61
    ],
    "skewness": 0.25174723437777197,
    "badValue": 0
  },
  "playerDEF": {
    "total": 838,
    "min": 29,
    "max": 77,
    "avg": 49.294117647058826,
    "median": 51,
    "standardDeviation": 14.343535973442997,
    "percentile25": 35,
    "percentile75": 60,
    "qArr": [
      29,
      34,
      37,
      51,
      60,
      63,
      77
    ],
    "skewness": 0.1332780142028101,
    "badValue": 0
  },
  "playerCRE": {
    "total": 778,
    "min": 35,
    "max": 59,
    "avg": 45.76470588235294,
    "median": 46,
    "standardDeviation": 7.149902605381137,
    "percentile25": 40,
    "percentile75": 50,
    "qArr": [
      35,
      40,
      40,
      46,
      48,
      51,
      59
    ],
    "skewness": 0.38442158495535056,
    "badValue": 0
  },
  "playerTOT": {
    "total": 4037,
    "min": 218,
    "max": 274,
    "avg": 237.47058823529412,
    "median": 233,
    "standardDeviation": 14.927738282881789,
    "percentile25": 227,
    "percentile75": 250,
    "qArr": [
      218,
      225,
      228,
      233,
      241,
      251,
      274
    ],
    "skewness": 1.017724470128413,
    "badValue": 0
  },
  "playerRating": {
    "total": 114.80000000000001,
    "min": 6,
    "max": 7.4,
    "avg": 6.752941176470589,
    "median": 6.8,
    "standardDeviation": 0.3664096824093515,
    "percentile25": 6.5,
    "percentile75": 7,
    "qArr": [
      6,
      6.5,
      6.6,
      6.8,
      6.9,
      7.1,
      7.4
    ],
    "skewness": -0.4607927290992001,
    "badValue": 0
  },
  "playerNumber": 33,
  "noATTR": 16,
  "noRating": 16
}