{
  "playerValue": {
    "total": 24922609951,
    "min": 23000,
    "max": 196000000,
    "avg": 5931130.402427415,
    "median": 1200000,
    "standardDeviation": 13831241.185305065,
    "percentile25": 390000,
    "percentile75": 4099999,
    "qArr": [
      110000,
      310000,
      640000,
      1200000,
      2400000,
      6400000,
      29000000
    ],
    "skewness": 5.562357311698492,
    "badValue": 353
  },
  "playerAge": {
    "total": 114825,
    "min": 16,
    "max": 43,
    "avg": 25.72244623655914,
    "median": 25,
    "standardDeviation": 4.623967260631903,
    "percentile25": 22,
    "percentile75": 29,
    "qArr": [
      19,
      22,
      23,
      25,
      27,
      30,
      34
    ],
    "skewness": 0.46952338481937633,
    "badValue": 91
  },
  "playerATT": {
    "total": 151359,
    "min": 31,
    "max": 92,
    "avg": 52.628303198887345,
    "median": 53,
    "standardDeviation": 12.115887684972037,
    "percentile25": 42,
    "percentile75": 61,
    "qArr": [
      35,
      40,
      47,
      53,
      58,
      63,
      73
    ],
    "skewness": 0.2820997987872589,
    "badValue": 0
  },
  "playerTEC": {
    "total": 146639,
    "min": 11,
    "max": 93,
    "avg": 50.98713490959666,
    "median": 50,
    "standardDeviation": 8.153271909753308,
    "percentile25": 45,
    "percentile75": 55,
    "qArr": [
      40,
      44,
      47,
      50,
      53,
      57,
      66
    ],
    "skewness": 0.7999927980212338,
    "badValue": 0
  },
  "playerTAC": {
    "total": 138373,
    "min": 11,
    "max": 91,
    "avg": 48.11300417246175,
    "median": 47,
    "standardDeviation": 10.74227531828757,
    "percentile25": 41,
    "percentile75": 55,
    "qArr": [
      32,
      39,
      43,
      47,
      52,
      57,
      68
    ],
    "skewness": 0.38096910458448874,
    "badValue": 0
  },
  "playerDEF": {
    "total": 144141,
    "min": 11,
    "max": 94,
    "avg": 50.11856745479833,
    "median": 50,
    "standardDeviation": 16.89718323525499,
    "percentile25": 35,
    "percentile75": 64,
    "qArr": [
      25,
      33,
      40,
      50,
      58,
      67,
      77
    ],
    "skewness": 0.09345068618499591,
    "badValue": 0
  },
  "playerCRE": {
    "total": 148141,
    "min": 30,
    "max": 99,
    "avg": 51.50938803894298,
    "median": 50,
    "standardDeviation": 10.187237825204857,
    "percentile25": 44,
    "percentile75": 58,
    "qArr": [
      37,
      42,
      47,
      50,
      55,
      60,
      70
    ],
    "skewness": 0.6002191555141736,
    "badValue": 0
  },
  "playerTOT": {
    "total": 728653,
    "min": 156,
    "max": 400,
    "avg": 253.35639777468705,
    "median": 248.5,
    "standardDeviation": 29.267029280050377,
    "percentile25": 234,
    "percentile75": 268,
    "qArr": [
      215,
      231,
      240,
      248,
      259,
      273,
      305
    ],
    "skewness": 1.1743856854482813,
    "badValue": 0
  },
  "playerRating": {
    "total": 19755.130000000016,
    "min": 3.6,
    "max": 9.9,
    "avg": 6.9073881118881175,
    "median": 6.8,
    "standardDeviation": 0.5084684906781464,
    "percentile25": 6.6,
    "percentile75": 7.2,
    "qArr": [
      6.3,
      6.5,
      6.7,
      6.8,
      7,
      7.3,
      7.8
    ],
    "skewness": 0.9840254667701777,
    "badValue": 0
  },
  "playerNumber": 4555,
  "noATTR": 1679,
  "noRating": 1695
}