{
  "playerValue": {
    "total": 1176400000,
    "min": 1900000,
    "max": 147000000,
    "avg": 49016666.666666664,
    "median": 38500000,
    "standardDeviation": 35628273.72872406,
    "percentile25": 20000000,
    "percentile75": 65000000,
    "qArr": [
      11600000,
      17400000,
      31000000,
      38000000,
      50000000,
      68000000,
      121000000
    ],
    "skewness": 1.3656944351446219,
    "badValue": 0
  },
  "playerAge": {
    "total": 621,
    "min": 22,
    "max": 33,
    "avg": 25.875,
    "median": 25.5,
    "standardDeviation": 2.7885554802920214,
    "percentile25": 23,
    "percentile75": 27,
    "qArr": [
      22,
      23,
      25,
      25,
      27,
      28,
      31
    ],
    "skewness": 0.8422069783908301,
    "badValue": 0
  },
  "playerATT": {
    "total": 1169,
    "min": 37,
    "max": 85,
    "avg": 58.45,
    "median": 55.5,
    "standardDeviation": 16.234146112438438,
    "percentile25": 42,
    "percentile75": 75,
    "qArr": [
      37,
      40,
      47,
      52,
      67,
      76,
      81
    ],
    "skewness": 0.20971862611556935,
    "badValue": 0
  },
  "playerTEC": {
    "total": 1129,
    "min": 43,
    "max": 74,
    "avg": 56.45,
    "median": 54.5,
    "standardDeviation": 9.666824711351707,
    "percentile25": 48,
    "percentile75": 63,
    "qArr": [
      43,
      47,
      49,
      53,
      59,
      65,
      73
    ],
    "skewness": 0.49627975098653127,
    "badValue": 0
  },
  "playerTAC": {
    "total": 1174,
    "min": 44,
    "max": 77,
    "avg": 58.7,
    "median": 56.5,
    "standardDeviation": 8.402975663418285,
    "percentile25": 52,
    "percentile75": 64,
    "qArr": [
      44,
      51,
      55,
      56,
      60,
      65,
      73
    ],
    "skewness": 0.6279826180412025,
    "badValue": 0
  },
  "playerDEF": {
    "total": 1090,
    "min": 23,
    "max": 86,
    "avg": 54.5,
    "median": 59,
    "standardDeviation": 20.19282050630867,
    "percentile25": 34,
    "percentile75": 70,
    "qArr": [
      23,
      32,
      36,
      58,
      67,
      72,
      84
    ],
    "skewness": -0.11461348920036338,
    "badValue": 0
  },
  "playerCRE": {
    "total": 1177,
    "min": 37,
    "max": 85,
    "avg": 58.85,
    "median": 59,
    "standardDeviation": 12.362342011123944,
    "percentile25": 47,
    "percentile75": 67,
    "qArr": [
      37,
      47,
      54,
      58,
      65,
      68,
      77
    ],
    "skewness": 0.12977058172015118,
    "badValue": 0
  },
  "playerTOT": {
    "total": 5739,
    "min": 250,
    "max": 388,
    "avg": 286.95,
    "median": 279,
    "standardDeviation": 32.61667518310228,
    "percentile25": 265,
    "percentile75": 294,
    "qArr": [
      250,
      263,
      267,
      277,
      286,
      299,
      332
    ],
    "skewness": 1.7768741497765927,
    "badValue": 0
  },
  "playerRating": {
    "total": 142.5,
    "min": 6.5,
    "max": 8,
    "avg": 7.125,
    "median": 7.1,
    "standardDeviation": 0.3739986630992149,
    "percentile25": 6.9,
    "percentile75": 7.2,
    "qArr": [
      6.5,
      6.7,
      7,
      7.1,
      7.2,
      7.3,
      7.7
    ],
    "skewness": 0.4950794566649849,
    "badValue": 0
  },
  "playerNumber": 24,
  "noATTR": 4,
  "noRating": 4
}