{
  "playerValue": {
    "total": 642070000,
    "min": 140000,
    "max": 67000000,
    "avg": 18884411.76470588,
    "median": 14000000,
    "standardDeviation": 16389801.158248397,
    "percentile25": 6500000,
    "percentile75": 29000000,
    "skewness": 0.9783216995955843,
    "kurtosis": 0.7425516974761153,
    "outliers": [
      67000000
    ],
    "badValue": 0
  },
  "playerAge": {
    "total": 871,
    "min": 19,
    "max": 34,
    "avg": 25.61764705882353,
    "median": 26,
    "standardDeviation": 4.2909940291015864,
    "percentile25": 22,
    "percentile75": 29,
    "skewness": 0.12673366463924074,
    "kurtosis": -1.1389299002308801,
    "outliers": [],
    "badValue": 0
  },
  "playerATT": {
    "total": 1589,
    "min": 34,
    "max": 78,
    "avg": 54.793103448275865,
    "median": 55,
    "standardDeviation": 11.38777114926003,
    "percentile25": 46,
    "percentile75": 64,
    "skewness": 0.1290586514254188,
    "kurtosis": -0.4139970081047215,
    "outliers": [],
    "badValue": 0
  },
  "playerTEC": {
    "total": 1538,
    "min": 37,
    "max": 76,
    "avg": 53.03448275862069,
    "median": 52,
    "standardDeviation": 9.034351144079487,
    "percentile25": 47,
    "percentile75": 59,
    "skewness": 0.7080238791305477,
    "kurtosis": 0.7642702250719666,
    "outliers": [],
    "badValue": 0
  },
  "playerTAC": {
    "total": 1396,
    "min": 31,
    "max": 77,
    "avg": 48.13793103448276,
    "median": 47,
    "standardDeviation": 10.801417971828528,
    "percentile25": 40,
    "percentile75": 56,
    "skewness": 0.4458703074417461,
    "kurtosis": 0.4880955604561632,
    "outliers": [],
    "badValue": 0
  },
  "playerDEF": {
    "total": 1414,
    "min": 13,
    "max": 83,
    "avg": 48.758620689655174,
    "median": 53,
    "standardDeviation": 16.022947278101284,
    "percentile25": 38,
    "percentile75": 58,
    "skewness": -0.25532941056649233,
    "kurtosis": -0.15704733137317284,
    "outliers": [],
    "badValue": 0
  },
  "playerCRE": {
    "total": 1616,
    "min": 38,
    "max": 73,
    "avg": 55.724137931034484,
    "median": 56,
    "standardDeviation": 9.074011969484852,
    "percentile25": 50,
    "percentile75": 63,
    "skewness": -0.16384906320335238,
    "kurtosis": -0.1689516660709458,
    "outliers": [],
    "badValue": 0
  },
  "playerTOT": {
    "total": 7553,
    "min": 219,
    "max": 379,
    "avg": 260.44827586206895,
    "median": 257,
    "standardDeviation": 30.008718511168066,
    "percentile25": 243,
    "percentile75": 276,
    "skewness": 2.1675716105058616,
    "kurtosis": 8.056045056426754,
    "outliers": [
      379
    ],
    "badValue": 0
  },
  "playerRating": {
    "total": 197.95,
    "min": 5.7,
    "max": 9.1,
    "avg": 6.825862068965517,
    "median": 6.8,
    "standardDeviation": 0.6069455309389417,
    "percentile25": 6.6,
    "percentile75": 7,
    "skewness": 1.6996042704465981,
    "kurtosis": 6.5577027326250565,
    "outliers": [
      5.7,
      7.7,
      9.1
    ],
    "badValue": 0
  },
  "playerNumber": 34,
  "noATTR": 5,
  "noRating": 5
}