{
  "playerValue": {
    "total": 385615000,
    "min": 315000,
    "max": 44000000,
    "avg": 12853833.333333334,
    "median": 13250000,
    "standardDeviation": 9868788.652728468,
    "percentile25": 3300000,
    "percentile75": 18200000,
    "qArr": [
      360000,
      2100000,
      7300000,
      12900000,
      16200000,
      20000000,
      30000000
    ],
    "skewness": 0.974166720393753,
    "badValue": 1
  },
  "playerAge": {
    "total": 772,
    "min": 19,
    "max": 35,
    "avg": 24.903225806451612,
    "median": 25,
    "standardDeviation": 3.476695118789027,
    "percentile25": 22,
    "percentile75": 27,
    "qArr": [
      19,
      22,
      24,
      25,
      26,
      27,
      33
    ],
    "skewness": 0.8680885159580334,
    "badValue": 0
  },
  "playerATT": {
    "total": 1574,
    "min": 36,
    "max": 83,
    "avg": 58.2962962962963,
    "median": 60,
    "standardDeviation": 13.151016901435344,
    "percentile25": 45,
    "percentile75": 68,
    "qArr": [
      37,
      43,
      55,
      60,
      65,
      68,
      79
    ],
    "skewness": -0.16289664567156742,
    "badValue": 0
  },
  "playerTEC": {
    "total": 1422,
    "min": 40,
    "max": 74,
    "avg": 52.666666666666664,
    "median": 53,
    "standardDeviation": 8.119478180642272,
    "percentile25": 45,
    "percentile75": 57,
    "qArr": [
      40,
      45,
      51,
      53,
      54,
      58,
      70
    ],
    "skewness": 0.680403582206683,
    "badValue": 0
  },
  "playerTAC": {
    "total": 1308,
    "min": 21,
    "max": 71,
    "avg": 48.44444444444444,
    "median": 49,
    "standardDeviation": 11.096657265552352,
    "percentile25": 41,
    "percentile75": 56,
    "qArr": [
      30,
      40,
      45,
      49,
      51,
      58,
      68
    ],
    "skewness": -0.18134400942259105,
    "badValue": 0
  },
  "playerDEF": {
    "total": 1256,
    "min": 13,
    "max": 75,
    "avg": 46.51851851851852,
    "median": 50,
    "standardDeviation": 17.706182997013535,
    "percentile25": 30,
    "percentile75": 57,
    "qArr": [
      18,
      28,
      38,
      50,
      55,
      68,
      73
    ],
    "skewness": -0.060785420126932936,
    "badValue": 0
  },
  "playerCRE": {
    "total": 1586,
    "min": 41,
    "max": 72,
    "avg": 58.74074074074074,
    "median": 62,
    "standardDeviation": 9.27199124641117,
    "percentile25": 49,
    "percentile75": 66,
    "qArr": [
      42,
      48,
      58,
      62,
      63,
      66,
      71
    ],
    "skewness": -0.6000693815598819,
    "badValue": 0
  },
  "playerTOT": {
    "total": 7146,
    "min": 220,
    "max": 354,
    "avg": 264.6666666666667,
    "median": 263,
    "standardDeviation": 29.396396856556215,
    "percentile25": 242,
    "percentile75": 285,
    "qArr": [
      222,
      237,
      247,
      263,
      277,
      287,
      302
    ],
    "skewness": 0.9112518897739211,
    "badValue": 0
  },
  "playerRating": {
    "total": 186.79999999999995,
    "min": 6.2,
    "max": 8,
    "avg": 6.918518518518517,
    "median": 6.7,
    "standardDeviation": 0.5221302782207159,
    "percentile25": 6.5,
    "percentile75": 7.6,
    "qArr": [
      6.2,
      6.5,
      6.6,
      6.7,
      6.9,
      7.6,
      7.7
    ],
    "skewness": 0.6227124203953528,
    "badValue": 0
  },
  "playerNumber": 31,
  "noATTR": 4,
  "noRating": 4
}