{
  "playerValue": {
    "total": 385615000,
    "min": 315000,
    "max": 44000000,
    "avg": 12853833.333333334,
    "median": 13250000,
    "standardDeviation": 9868788.652728468,
    "percentile25": 3300000,
    "percentile75": 18200000,
    "skewness": 0.974166720393753,
    "kurtosis": 2.0641693359092756,
    "outliers": [
      44000000
    ],
    "badValue": 1
  },
  "playerAge": {
    "total": 772,
    "min": 19,
    "max": 35,
    "avg": 24.903225806451612,
    "median": 25,
    "standardDeviation": 3.476695118789027,
    "percentile25": 22,
    "percentile75": 27,
    "skewness": 0.8680885159580334,
    "kurtosis": 1.8574661054339137,
    "outliers": [
      35
    ],
    "badValue": 0
  },
  "playerATT": {
    "total": 1574,
    "min": 36,
    "max": 83,
    "avg": 58.2962962962963,
    "median": 60,
    "standardDeviation": 13.151016901435344,
    "percentile25": 45,
    "percentile75": 68,
    "skewness": -0.16289664567156742,
    "kurtosis": -0.6437848707201006,
    "outliers": [],
    "badValue": 0
  },
  "playerTEC": {
    "total": 1422,
    "min": 40,
    "max": 74,
    "avg": 52.666666666666664,
    "median": 53,
    "standardDeviation": 8.119478180642272,
    "percentile25": 45,
    "percentile75": 57,
    "skewness": 0.680403582206683,
    "kurtosis": 1.0641191623046815,
    "outliers": [],
    "badValue": 0
  },
  "playerTAC": {
    "total": 1308,
    "min": 21,
    "max": 71,
    "avg": 48.44444444444444,
    "median": 49,
    "standardDeviation": 11.096657265552352,
    "percentile25": 41,
    "percentile75": 56,
    "skewness": -0.18134400942259105,
    "kurtosis": 0.674845114194687,
    "outliers": [],
    "badValue": 0
  },
  "playerDEF": {
    "total": 1256,
    "min": 13,
    "max": 75,
    "avg": 46.51851851851852,
    "median": 50,
    "standardDeviation": 17.706182997013535,
    "percentile25": 30,
    "percentile75": 57,
    "skewness": -0.060785420126932936,
    "kurtosis": -0.8662187975886071,
    "outliers": [],
    "badValue": 0
  },
  "playerCRE": {
    "total": 1586,
    "min": 41,
    "max": 72,
    "avg": 58.74074074074074,
    "median": 62,
    "standardDeviation": 9.27199124641117,
    "percentile25": 49,
    "percentile75": 66,
    "skewness": -0.6000693815598819,
    "kurtosis": -0.6259480432682656,
    "outliers": [],
    "badValue": 0
  },
  "playerTOT": {
    "total": 7146,
    "min": 220,
    "max": 354,
    "avg": 264.6666666666667,
    "median": 263,
    "standardDeviation": 29.396396856556215,
    "percentile25": 242,
    "percentile75": 285,
    "skewness": 0.9112518897739211,
    "kurtosis": 1.8391258462151026,
    "outliers": [
      354
    ],
    "badValue": 0
  },
  "playerRating": {
    "total": 186.79999999999995,
    "min": 6.2,
    "max": 8,
    "avg": 6.918518518518517,
    "median": 6.7,
    "standardDeviation": 0.5221302782207159,
    "percentile25": 6.5,
    "percentile75": 7.6,
    "skewness": 0.6227124203953528,
    "kurtosis": -0.830685483535698,
    "outliers": [],
    "badValue": 0
  },
  "playerNumber": 31,
  "noATTR": 4,
  "noRating": 4
}