{
  "playerValue": {
    "total": 425205000,
    "min": 290000,
    "max": 54000000,
    "avg": 14662241.379310345,
    "median": 11100000,
    "standardDeviation": 12960341.336647954,
    "percentile25": 2600000,
    "percentile75": 23000000,
    "qArr": [
      340000,
      915000,
      9500000,
      11100000,
      17300000,
      26000000,
      39000000
    ],
    "skewness": 1.1136747963814344,
    "badValue": 5
  },
  "playerAge": {
    "total": 808,
    "min": 18,
    "max": 35,
    "avg": 24.484848484848484,
    "median": 23,
    "standardDeviation": 4.349303058911311,
    "percentile25": 21,
    "percentile75": 27,
    "qArr": [
      18,
      20,
      23,
      23,
      26,
      28,
      34
    ],
    "skewness": 0.6567439351082767,
    "badValue": 1
  },
  "playerATT": {
    "total": 1181,
    "min": 37,
    "max": 81,
    "avg": 56.23809523809524,
    "median": 55,
    "standardDeviation": 13.132673763609827,
    "percentile25": 47,
    "percentile75": 66,
    "qArr": [
      38,
      42,
      52,
      55,
      60,
      68,
      80
    ],
    "skewness": 0.32040368741652536,
    "badValue": 0
  },
  "playerTEC": {
    "total": 1062,
    "min": 41,
    "max": 68,
    "avg": 50.57142857142857,
    "median": 50,
    "standardDeviation": 6.729971545764715,
    "percentile25": 46,
    "percentile75": 54,
    "qArr": [
      42,
      44,
      47,
      50,
      54,
      54,
      63
    ],
    "skewness": 0.848036504532281,
    "badValue": 0
  },
  "playerTAC": {
    "total": 1099,
    "min": 30,
    "max": 70,
    "avg": 52.333333333333336,
    "median": 53,
    "standardDeviation": 11.00360691225223,
    "percentile25": 44,
    "percentile75": 60,
    "qArr": [
      38,
      43,
      45,
      53,
      58,
      63,
      70
    ],
    "skewness": -0.058918916033241404,
    "badValue": 0
  },
  "playerDEF": {
    "total": 1077,
    "min": 19,
    "max": 92,
    "avg": 51.285714285714285,
    "median": 48,
    "standardDeviation": 18.93634162169677,
    "percentile25": 35,
    "percentile75": 61,
    "qArr": [
      28,
      34,
      44,
      48,
      59,
      64,
      83
    ],
    "skewness": 0.43104227686455554,
    "badValue": 0
  },
  "playerCRE": {
    "total": 1147,
    "min": 40,
    "max": 75,
    "avg": 54.61904761904762,
    "median": 54,
    "standardDeviation": 10.723699568073691,
    "percentile25": 45,
    "percentile75": 61,
    "qArr": [
      40,
      44,
      49,
      54,
      58,
      61,
      73
    ],
    "skewness": 0.49496181285112584,
    "badValue": 0
  },
  "playerTOT": {
    "total": 5566,
    "min": 214,
    "max": 355,
    "avg": 265.04761904761904,
    "median": 260,
    "standardDeviation": 30.973838716039964,
    "percentile25": 249,
    "percentile75": 284,
    "qArr": [
      228,
      244,
      253,
      260,
      264,
      285,
      321
    ],
    "skewness": 1.2773294661397665,
    "badValue": 0
  },
  "playerRating": {
    "total": 146.8,
    "min": 6.3,
    "max": 8.8,
    "avg": 6.990476190476191,
    "median": 6.9,
    "standardDeviation": 0.6509368793221645,
    "percentile25": 6.5,
    "percentile75": 7.2,
    "qArr": [
      6.4,
      6.4,
      6.5,
      6.9,
      7.1,
      7.5,
      8.3
    ],
    "skewness": 1.413816318100207,
    "badValue": 0
  },
  "playerNumber": 34,
  "noATTR": 13,
  "noRating": 13
}