{
  "playerValue": {
    "total": 1087355000,
    "min": 730000,
    "max": 78000000,
    "avg": 27183875,
    "median": 25000000,
    "standardDeviation": 20201297.06502468,
    "percentile25": 12400000,
    "percentile75": 34000000,
    "skewness": 0.9806361134717511,
    "kurtosis": 0.6757317758297425,
    "outliers": [
      67000000,
      73000000,
      73000000,
      78000000
    ],
    "badValue": 0
  },
  "playerAge": {
    "total": 942,
    "min": 18,
    "max": 32,
    "avg": 23.55,
    "median": 23,
    "standardDeviation": 3.434748899119119,
    "percentile25": 21,
    "percentile75": 26,
    "skewness": 0.754476197964148,
    "kurtosis": 0.06818367137117765,
    "outliers": [],
    "badValue": 0
  },
  "playerATT": {
    "total": 1837,
    "min": 37,
    "max": 82,
    "avg": 59.25806451612903,
    "median": 62,
    "standardDeviation": 13.93757451462328,
    "percentile25": 46,
    "percentile75": 71,
    "skewness": -0.03077874897176157,
    "kurtosis": -1.1205217706451633,
    "outliers": [],
    "badValue": 0
  },
  "playerTEC": {
    "total": 1737,
    "min": 44,
    "max": 79,
    "avg": 56.03225806451613,
    "median": 55,
    "standardDeviation": 9.474869548741069,
    "percentile25": 47,
    "percentile75": 63,
    "skewness": 0.7071099033228355,
    "kurtosis": 0.047448695573701904,
    "outliers": [],
    "badValue": 0
  },
  "playerTAC": {
    "total": 1607,
    "min": 32,
    "max": 74,
    "avg": 51.83870967741935,
    "median": 53,
    "standardDeviation": 10.420503282358693,
    "percentile25": 42,
    "percentile75": 59,
    "skewness": -0.1347804442952885,
    "kurtosis": -0.3920254457673997,
    "outliers": [],
    "badValue": 0
  },
  "playerDEF": {
    "total": 1618,
    "min": 16,
    "max": 86,
    "avg": 52.193548387096776,
    "median": 53,
    "standardDeviation": 20.856528883933887,
    "percentile25": 32,
    "percentile75": 72,
    "skewness": -0.1450195763151881,
    "kurtosis": -1.0670886911415978,
    "outliers": [],
    "badValue": 0
  },
  "playerCRE": {
    "total": 1831,
    "min": 43,
    "max": 84,
    "avg": 59.064516129032256,
    "median": 60,
    "standardDeviation": 10.652685512904089,
    "percentile25": 49,
    "percentile75": 68,
    "skewness": 0.1487085905931292,
    "kurtosis": -0.5913590127457904,
    "outliers": [],
    "badValue": 0
  },
  "playerTOT": {
    "total": 8630,
    "min": 219,
    "max": 380,
    "avg": 278.38709677419354,
    "median": 266,
    "standardDeviation": 36.076690195225055,
    "percentile25": 255,
    "percentile75": 308,
    "skewness": 0.7573854296186603,
    "kurtosis": 0.7055837024615341,
    "outliers": [],
    "badValue": 0
  },
  "playerRating": {
    "total": 220.40000000000003,
    "min": 5.5,
    "max": 8.7,
    "avg": 7.10967741935484,
    "median": 7.2,
    "standardDeviation": 0.6522194557987153,
    "percentile25": 6.6,
    "percentile75": 7.6,
    "skewness": 0.022875763804954236,
    "kurtosis": 0.5503315610799406,
    "outliers": [],
    "badValue": 0
  },
  "playerNumber": 40,
  "noATTR": 9,
  "noRating": 9
}