{
  "playerValue": {
    "total": 337504999,
    "min": 145000,
    "max": 43000000,
    "avg": 13500199.96,
    "median": 12400000,
    "standardDeviation": 10842130.12797836,
    "percentile25": 4099999,
    "percentile75": 23000000,
    "qArr": [
      540000,
      730000,
      5600000,
      12400000,
      19500000,
      23000000,
      29000000
    ],
    "skewness": 0.7475582583951297,
    "badValue": 5
  },
  "playerAge": {
    "total": 771,
    "min": 17,
    "max": 39,
    "avg": 25.7,
    "median": 24.5,
    "standardDeviation": 5.1778373863998475,
    "percentile25": 22,
    "percentile75": 28,
    "qArr": [
      20,
      21,
      23,
      24,
      27,
      30,
      36
    ],
    "skewness": 0.8420008957546034,
    "badValue": 0
  },
  "playerATT": {
    "total": 1150,
    "min": 35,
    "max": 79,
    "avg": 54.76190476190476,
    "median": 53,
    "standardDeviation": 13.405417390723093,
    "percentile25": 42,
    "percentile75": 66,
    "qArr": [
      39,
      41,
      44,
      53,
      63,
      66,
      75
    ],
    "skewness": 0.23336612524739705,
    "badValue": 0
  },
  "playerTEC": {
    "total": 1081,
    "min": 40,
    "max": 68,
    "avg": 51.476190476190474,
    "median": 51,
    "standardDeviation": 6.623328523153868,
    "percentile25": 46,
    "percentile75": 54,
    "qArr": [
      45,
      46,
      47,
      51,
      54,
      55,
      61
    ],
    "skewness": 0.726876954658354,
    "badValue": 0
  },
  "playerTAC": {
    "total": 1140,
    "min": 40,
    "max": 91,
    "avg": 54.285714285714285,
    "median": 52,
    "standardDeviation": 12.892016197346832,
    "percentile25": 43,
    "percentile75": 64,
    "qArr": [
      40,
      41,
      47,
      52,
      57,
      64,
      72
    ],
    "skewness": 1.1959381981880384,
    "badValue": 0
  },
  "playerDEF": {
    "total": 1117,
    "min": 11,
    "max": 92,
    "avg": 53.19047619047619,
    "median": 59,
    "standardDeviation": 22.552835420131288,
    "percentile25": 33,
    "percentile75": 67,
    "qArr": [
      19,
      29,
      43,
      59,
      65,
      71,
      85
    ],
    "skewness": -0.14775490674776676,
    "badValue": 0
  },
  "playerCRE": {
    "total": 1117,
    "min": 38,
    "max": 83,
    "avg": 53.19047619047619,
    "median": 52,
    "standardDeviation": 10.307736565637287,
    "percentile25": 48,
    "percentile75": 61,
    "qArr": [
      38,
      45,
      51,
      52,
      54,
      61,
      68
    ],
    "skewness": 1.073324021594291,
    "badValue": 0
  },
  "playerTOT": {
    "total": 5605,
    "min": 220,
    "max": 352,
    "avg": 266.9047619047619,
    "median": 258,
    "standardDeviation": 35.21485720261341,
    "percentile25": 239,
    "percentile75": 280,
    "qArr": [
      227,
      239,
      250,
      258,
      271,
      289,
      330
    ],
    "skewness": 1.0339572186056236,
    "badValue": 0
  },
  "playerRating": {
    "total": 143,
    "min": 5.7,
    "max": 7.8,
    "avg": 6.809523809523809,
    "median": 6.9,
    "standardDeviation": 0.5013360833619755,
    "percentile25": 6.4,
    "percentile75": 7.1,
    "qArr": [
      6.3,
      6.3,
      6.6,
      6.9,
      7,
      7.2,
      7.7
    ],
    "skewness": 0.021568985662498878,
    "badValue": 0
  },
  "playerNumber": 30,
  "noATTR": 9,
  "noRating": 9
}