{
  "playerValue": {
    "total": 290280000,
    "min": 110000,
    "max": 27000000,
    "avg": 10367142.857142856,
    "median": 9000000,
    "standardDeviation": 8497365.603166524,
    "percentile25": 2100000,
    "percentile75": 16500000,
    "qArr": [
      195000,
      1200000,
      3900000,
      8600000,
      16200000,
      19400000,
      26000000
    ],
    "skewness": 0.420210489512351,
    "badValue": 2
  },
  "playerAge": {
    "total": 781,
    "min": 17,
    "max": 36,
    "avg": 26.033333333333335,
    "median": 27,
    "standardDeviation": 4.520201568760205,
    "percentile25": 22,
    "percentile75": 29,
    "qArr": [
      17,
      22,
      24,
      27,
      28,
      29,
      33
    ],
    "skewness": -0.06012351735605469,
    "badValue": 0
  },
  "playerATT": {
    "total": 1244,
    "min": 33,
    "max": 79,
    "avg": 56.54545454545455,
    "median": 60.5,
    "standardDeviation": 13.479706203728735,
    "percentile25": 46,
    "percentile75": 68,
    "qArr": [
      37,
      41,
      47,
      60,
      67,
      69,
      75
    ],
    "skewness": -0.2095168665657699,
    "badValue": 0
  },
  "playerTEC": {
    "total": 1142,
    "min": 38,
    "max": 73,
    "avg": 51.90909090909091,
    "median": 49.5,
    "standardDeviation": 8.753747721607798,
    "percentile25": 46,
    "percentile75": 56,
    "qArr": [
      41,
      46,
      47,
      49,
      54,
      60,
      69
    ],
    "skewness": 0.9489239170495875,
    "badValue": 0
  },
  "playerTAC": {
    "total": 1049,
    "min": 26,
    "max": 74,
    "avg": 47.68181818181818,
    "median": 46,
    "standardDeviation": 11.246762619593586,
    "percentile25": 40,
    "percentile75": 55,
    "qArr": [
      29,
      40,
      42,
      46,
      54,
      58,
      63
    ],
    "skewness": 0.26790634609746183,
    "badValue": 0
  },
  "playerDEF": {
    "total": 1077,
    "min": 17,
    "max": 92,
    "avg": 48.95454545454545,
    "median": 44,
    "standardDeviation": 22.708583224545638,
    "percentile25": 29,
    "percentile75": 73,
    "qArr": [
      19,
      23,
      35,
      43,
      66,
      74,
      78
    ],
    "skewness": 0.20696797892537644,
    "badValue": 0
  },
  "playerCRE": {
    "total": 1219,
    "min": 33,
    "max": 81,
    "avg": 55.40909090909091,
    "median": 55,
    "standardDeviation": 12.298037873465429,
    "percentile25": 48,
    "percentile75": 64,
    "qArr": [
      38,
      46,
      49,
      55,
      60,
      66,
      77
    ],
    "skewness": 0.22890107932216047,
    "badValue": 0
  },
  "playerTOT": {
    "total": 5731,
    "min": 224,
    "max": 358,
    "avg": 260.5,
    "median": 256.5,
    "standardDeviation": 30.25009391420433,
    "percentile25": 235,
    "percentile75": 276,
    "qArr": [
      225,
      234,
      248,
      256,
      264,
      279,
      298
    ],
    "skewness": 1.593296240998637,
    "badValue": 0
  },
  "playerRating": {
    "total": 151.1,
    "min": 6,
    "max": 7.7,
    "avg": 6.868181818181818,
    "median": 6.9,
    "standardDeviation": 0.44862047498805974,
    "percentile25": 6.5,
    "percentile75": 7.2,
    "qArr": [
      6.1,
      6.5,
      6.7,
      6.9,
      7.1,
      7.2,
      7.6
    ],
    "skewness": -0.040403942230007546,
    "badValue": 0
  },
  "playerNumber": 30,
  "noATTR": 8,
  "noRating": 8
}