{
  "playerValue": {
    "total": 290280000,
    "min": 110000,
    "max": 27000000,
    "avg": 10367142.857142856,
    "median": 9000000,
    "standardDeviation": 8497365.603166524,
    "percentile25": 2100000,
    "percentile75": 16500000,
    "skewness": 0.420210489512351,
    "kurtosis": -1.0408696075714459,
    "outliers": [],
    "badValue": 2
  },
  "playerAge": {
    "total": 781,
    "min": 17,
    "max": 36,
    "avg": 26.033333333333335,
    "median": 27,
    "standardDeviation": 4.520201568760205,
    "percentile25": 22,
    "percentile75": 29,
    "skewness": -0.06012351735605469,
    "kurtosis": 0.029709318961023357,
    "outliers": [],
    "badValue": 0
  },
  "playerATT": {
    "total": 1244,
    "min": 33,
    "max": 79,
    "avg": 56.54545454545455,
    "median": 60.5,
    "standardDeviation": 13.479706203728735,
    "percentile25": 46,
    "percentile75": 68,
    "skewness": -0.2095168665657699,
    "kurtosis": -1.0959294942404676,
    "outliers": [],
    "badValue": 0
  },
  "playerTEC": {
    "total": 1142,
    "min": 38,
    "max": 73,
    "avg": 51.90909090909091,
    "median": 49.5,
    "standardDeviation": 8.753747721607798,
    "percentile25": 46,
    "percentile75": 56,
    "skewness": 0.9489239170495875,
    "kurtosis": 0.7087623638699805,
    "outliers": [
      73
    ],
    "badValue": 0
  },
  "playerTAC": {
    "total": 1049,
    "min": 26,
    "max": 74,
    "avg": 47.68181818181818,
    "median": 46,
    "standardDeviation": 11.246762619593586,
    "percentile25": 40,
    "percentile75": 55,
    "skewness": 0.26790634609746183,
    "kurtosis": 0.414419342079142,
    "outliers": [],
    "badValue": 0
  },
  "playerDEF": {
    "total": 1077,
    "min": 17,
    "max": 92,
    "avg": 48.95454545454545,
    "median": 44,
    "standardDeviation": 22.708583224545638,
    "percentile25": 29,
    "percentile75": 73,
    "skewness": 0.20696797892537644,
    "kurtosis": -1.1388072132632692,
    "outliers": [],
    "badValue": 0
  },
  "playerCRE": {
    "total": 1219,
    "min": 33,
    "max": 81,
    "avg": 55.40909090909091,
    "median": 55,
    "standardDeviation": 12.298037873465429,
    "percentile25": 48,
    "percentile75": 64,
    "skewness": 0.22890107932216047,
    "kurtosis": -0.0760317166519977,
    "outliers": [],
    "badValue": 0
  },
  "playerTOT": {
    "total": 5731,
    "min": 224,
    "max": 358,
    "avg": 260.5,
    "median": 256.5,
    "standardDeviation": 30.25009391420433,
    "percentile25": 235,
    "percentile75": 276,
    "skewness": 1.593296240998637,
    "kurtosis": 4.1303126183785395,
    "outliers": [
      358
    ],
    "badValue": 0
  },
  "playerRating": {
    "total": 151.1,
    "min": 6,
    "max": 7.7,
    "avg": 6.868181818181818,
    "median": 6.9,
    "standardDeviation": 0.44862047498805974,
    "percentile25": 6.5,
    "percentile75": 7.2,
    "skewness": -0.040403942230007546,
    "kurtosis": -0.2575656005307585,
    "outliers": [],
    "badValue": 0
  },
  "playerNumber": 30,
  "noATTR": 8,
  "noRating": 8
}