{
  "playerValue": {
    "total": 90020000,
    "min": 290000,
    "max": 14400000,
    "avg": 3600800,
    "median": 1900000,
    "standardDeviation": 3592323.9497573157,
    "percentile25": 855000,
    "percentile75": 6400000,
    "qArr": [
      360000,
      485000,
      1000000,
      1900000,
      4900000,
      6500000,
      9400000
    ],
    "skewness": 1.4173205103528814,
    "badValue": 3
  },
  "playerAge": {
    "total": 705,
    "min": 20,
    "max": 33,
    "avg": 26.11111111111111,
    "median": 26,
    "standardDeviation": 3.7646831880216483,
    "percentile25": 23,
    "percentile75": 29,
    "qArr": [
      20,
      22,
      25,
      26,
      27,
      30,
      32
    ],
    "skewness": 0.015108892338865004,
    "badValue": 1
  },
  "playerATT": {
    "total": 1101,
    "min": 33,
    "max": 81,
    "avg": 52.42857142857143,
    "median": 55,
    "standardDeviation": 12.311711143968452,
    "percentile25": 40,
    "percentile75": 61,
    "qArr": [
      35,
      40,
      49,
      55,
      59,
      62,
      66
    ],
    "skewness": 0.17290166968183465,
    "badValue": 0
  },
  "playerTEC": {
    "total": 1060,
    "min": 44,
    "max": 60,
    "avg": 50.476190476190474,
    "median": 50,
    "standardDeviation": 5.482604938904478,
    "percentile25": 45,
    "percentile75": 55,
    "qArr": [
      44,
      44,
      45,
      50,
      54,
      56,
      59
    ],
    "skewness": 0.14887518691957838,
    "badValue": 0
  },
  "playerTAC": {
    "total": 959,
    "min": 31,
    "max": 60,
    "avg": 45.666666666666664,
    "median": 45,
    "standardDeviation": 7.3376610606698005,
    "percentile25": 42,
    "percentile75": 50,
    "qArr": [
      34,
      41,
      42,
      45,
      48,
      54,
      55
    ],
    "skewness": -0.061765805605622726,
    "badValue": 0
  },
  "playerDEF": {
    "total": 1064,
    "min": 28,
    "max": 76,
    "avg": 50.666666666666664,
    "median": 57,
    "standardDeviation": 16.003967761995277,
    "percentile25": 34,
    "percentile75": 62,
    "qArr": [
      29,
      33,
      39,
      57,
      60,
      64,
      72
    ],
    "skewness": -0.041464484535765435,
    "badValue": 0
  },
  "playerCRE": {
    "total": 1059,
    "min": 37,
    "max": 71,
    "avg": 50.42857142857143,
    "median": 49,
    "standardDeviation": 8.605487886732949,
    "percentile25": 45,
    "percentile75": 56,
    "qArr": [
      39,
      43,
      47,
      49,
      54,
      56,
      66
    ],
    "skewness": 0.6025059791632337,
    "badValue": 0
  },
  "playerTOT": {
    "total": 5243,
    "min": 217,
    "max": 348,
    "avg": 249.66666666666666,
    "median": 239,
    "standardDeviation": 27.13341523329163,
    "percentile25": 236,
    "percentile75": 252,
    "qArr": [
      222,
      234,
      238,
      239,
      250,
      260,
      283
    ],
    "skewness": 2.5834143287762377,
    "badValue": 0
  },
  "playerRating": {
    "total": 150.2,
    "min": 6.2,
    "max": 9.8,
    "avg": 7.152380952380952,
    "median": 7,
    "standardDeviation": 0.8335917966527215,
    "percentile25": 6.7,
    "percentile75": 7.3,
    "qArr": [
      6.2,
      6.7,
      6.8,
      7,
      7,
      7.3,
      8.9
    ],
    "skewness": 2.081461162588669,
    "badValue": 0
  },
  "playerNumber": 28,
  "noATTR": 7,
  "noRating": 7
}