{
  "playerValue": {
    "total": 90020000,
    "min": 290000,
    "max": 14400000,
    "avg": 3600800,
    "median": 1900000,
    "standardDeviation": 3592323.9497573157,
    "percentile25": 855000,
    "percentile75": 6400000,
    "skewness": 1.4173205103528814,
    "kurtosis": 1.9609120981860375,
    "outliers": [],
    "badValue": 3
  },
  "playerAge": {
    "total": 705,
    "min": 20,
    "max": 33,
    "avg": 26.11111111111111,
    "median": 26,
    "standardDeviation": 3.7646831880216483,
    "percentile25": 23,
    "percentile75": 29,
    "skewness": 0.015108892338865004,
    "kurtosis": -0.7719846408796438,
    "outliers": [],
    "badValue": 1
  },
  "playerATT": {
    "total": 1101,
    "min": 33,
    "max": 81,
    "avg": 52.42857142857143,
    "median": 55,
    "standardDeviation": 12.311711143968452,
    "percentile25": 40,
    "percentile75": 61,
    "skewness": 0.17290166968183465,
    "kurtosis": -0.06483732405420017,
    "outliers": [],
    "badValue": 0
  },
  "playerTEC": {
    "total": 1060,
    "min": 44,
    "max": 60,
    "avg": 50.476190476190474,
    "median": 50,
    "standardDeviation": 5.482604938904478,
    "percentile25": 45,
    "percentile75": 55,
    "skewness": 0.14887518691957838,
    "kurtosis": -1.3021314694615418,
    "outliers": [],
    "badValue": 0
  },
  "playerTAC": {
    "total": 959,
    "min": 31,
    "max": 60,
    "avg": 45.666666666666664,
    "median": 45,
    "standardDeviation": 7.3376610606698005,
    "percentile25": 42,
    "percentile75": 50,
    "skewness": -0.061765805605622726,
    "kurtosis": -0.11233072166464275,
    "outliers": [],
    "badValue": 0
  },
  "playerDEF": {
    "total": 1064,
    "min": 28,
    "max": 76,
    "avg": 50.666666666666664,
    "median": 57,
    "standardDeviation": 16.003967761995277,
    "percentile25": 34,
    "percentile75": 62,
    "skewness": -0.041464484535765435,
    "kurtosis": -1.3468029578142016,
    "outliers": [],
    "badValue": 0
  },
  "playerCRE": {
    "total": 1059,
    "min": 37,
    "max": 71,
    "avg": 50.42857142857143,
    "median": 49,
    "standardDeviation": 8.605487886732949,
    "percentile25": 45,
    "percentile75": 56,
    "skewness": 0.6025059791632337,
    "kurtosis": 0.5166942265825267,
    "outliers": [],
    "badValue": 0
  },
  "playerTOT": {
    "total": 5243,
    "min": 217,
    "max": 348,
    "avg": 249.66666666666666,
    "median": 239,
    "standardDeviation": 27.13341523329163,
    "percentile25": 236,
    "percentile75": 252,
    "skewness": 2.5834143287762377,
    "kurtosis": 8.634034585529694,
    "outliers": [
      277,
      283,
      348
    ],
    "badValue": 0
  },
  "playerRating": {
    "total": 150.2,
    "min": 6.2,
    "max": 9.8,
    "avg": 7.152380952380952,
    "median": 7,
    "standardDeviation": 0.8335917966527215,
    "percentile25": 6.7,
    "percentile75": 7.3,
    "skewness": 2.081461162588669,
    "kurtosis": 5.033318931011621,
    "outliers": [
      8.9,
      9.8
    ],
    "badValue": 0
  },
  "playerNumber": 28,
  "noATTR": 7,
  "noRating": 7
}