{
  "playerValue": {
    "total": 952600000,
    "min": 1100000,
    "max": 82000000,
    "avg": 31753333.333333332,
    "median": 29000000,
    "standardDeviation": 23768028.011502247,
    "percentile25": 11900000,
    "percentile75": 49000000,
    "skewness": 0.7174126472344107,
    "kurtosis": -0.3718086898367692,
    "outliers": [],
    "badValue": 0
  },
  "playerAge": {
    "total": 751,
    "min": 19,
    "max": 33,
    "avg": 25.033333333333335,
    "median": 25,
    "standardDeviation": 3.8512624192882807,
    "percentile25": 22,
    "percentile75": 27,
    "skewness": 0.46083145304657996,
    "kurtosis": -0.4012343074991547,
    "outliers": [],
    "badValue": 0
  },
  "playerATT": {
    "total": 1556,
    "min": 36,
    "max": 90,
    "avg": 59.84615384615385,
    "median": 59.5,
    "standardDeviation": 15.142127448566765,
    "percentile25": 48,
    "percentile75": 72,
    "skewness": 0.1704390506629013,
    "kurtosis": -0.6958071232442609,
    "outliers": [],
    "badValue": 0
  },
  "playerTEC": {
    "total": 1490,
    "min": 40,
    "max": 75,
    "avg": 57.30769230769231,
    "median": 57.5,
    "standardDeviation": 8.452442663647505,
    "percentile25": 52,
    "percentile75": 64,
    "skewness": 0.13150465198342667,
    "kurtosis": -0.16899867245255384,
    "outliers": [],
    "badValue": 0
  },
  "playerTAC": {
    "total": 1416,
    "min": 33,
    "max": 77,
    "avg": 54.46153846153846,
    "median": 54,
    "standardDeviation": 10.341219870129773,
    "percentile25": 47,
    "percentile75": 62,
    "skewness": 0.17090313263022203,
    "kurtosis": 0.05385006543463522,
    "outliers": [],
    "badValue": 0
  },
  "playerDEF": {
    "total": 1361,
    "min": 20,
    "max": 87,
    "avg": 52.34615384615385,
    "median": 52.5,
    "standardDeviation": 19.695650257182532,
    "percentile25": 34,
    "percentile75": 68,
    "skewness": 0.1740189192393132,
    "kurtosis": -0.9293271045147238,
    "outliers": [],
    "badValue": 0
  },
  "playerCRE": {
    "total": 1585,
    "min": 37,
    "max": 84,
    "avg": 60.96153846153846,
    "median": 62,
    "standardDeviation": 11.975875652040486,
    "percentile25": 55,
    "percentile75": 68,
    "skewness": -0.37199508153239985,
    "kurtosis": 0.14708795118805185,
    "outliers": [],
    "badValue": 0
  },
  "playerTOT": {
    "total": 7408,
    "min": 225,
    "max": 371,
    "avg": 284.9230769230769,
    "median": 285,
    "standardDeviation": 32.08033554989852,
    "percentile25": 266,
    "percentile75": 302,
    "skewness": 0.5333561458607238,
    "kurtosis": 1.2121748605613178,
    "outliers": [
      371
    ],
    "badValue": 0
  },
  "playerRating": {
    "total": 183.39999999999998,
    "min": 6.1,
    "max": 8.5,
    "avg": 7.053846153846153,
    "median": 6.95,
    "standardDeviation": 0.5637994523633445,
    "percentile25": 6.6,
    "percentile75": 7.4,
    "skewness": 0.7285025474622989,
    "kurtosis": 0.6496566039300045,
    "outliers": [],
    "badValue": 0
  },
  "playerNumber": 30,
  "noATTR": 4,
  "noRating": 4
}