{
  "playerValue": {
    "total": 1375410000,
    "min": 210000,
    "max": 196000000,
    "avg": 49121785.71428572,
    "median": 35500000,
    "standardDeviation": 43867905.94285559,
    "percentile25": 11800000,
    "percentile75": 62000000,
    "skewness": 1.8120336532180288,
    "kurtosis": 3.987785017254075,
    "outliers": [
      142000000,
      196000000
    ],
    "badValue": 0
  },
  "playerAge": {
    "total": 751,
    "min": 20,
    "max": 39,
    "avg": 26.821428571428573,
    "median": 27.5,
    "standardDeviation": 4.766352089900405,
    "percentile25": 22,
    "percentile75": 30,
    "skewness": 0.4397864363486995,
    "kurtosis": -0.06309906030223988,
    "outliers": [],
    "badValue": 0
  },
  "playerATT": {
    "total": 1599,
    "min": 37,
    "max": 86,
    "avg": 59.22222222222222,
    "median": 60,
    "standardDeviation": 14.399931412731037,
    "percentile25": 44,
    "percentile75": 74,
    "skewness": 0.18887794452735485,
    "kurtosis": -1.022126037090581,
    "outliers": [],
    "badValue": 0
  },
  "playerTEC": {
    "total": 1682,
    "min": 43,
    "max": 93,
    "avg": 62.2962962962963,
    "median": 61,
    "standardDeviation": 11.626326494815995,
    "percentile25": 51,
    "percentile75": 70,
    "skewness": 0.6139836241559492,
    "kurtosis": 0.47381709982813325,
    "outliers": [],
    "badValue": 0
  },
  "playerTAC": {
    "total": 1497,
    "min": 26,
    "max": 78,
    "avg": 55.44444444444444,
    "median": 57,
    "standardDeviation": 12.658866994334323,
    "percentile25": 46,
    "percentile75": 65,
    "skewness": -0.2927646858581717,
    "kurtosis": -0.12746347946796055,
    "outliers": [],
    "badValue": 0
  },
  "playerDEF": {
    "total": 1398,
    "min": 25,
    "max": 88,
    "avg": 51.77777777777778,
    "median": 47,
    "standardDeviation": 18.084848033507544,
    "percentile25": 36,
    "percentile75": 69,
    "skewness": 0.5710840377347507,
    "kurtosis": -0.7881042115958716,
    "outliers": [],
    "badValue": 0
  },
  "playerCRE": {
    "total": 1671,
    "min": 45,
    "max": 99,
    "avg": 61.888888888888886,
    "median": 60,
    "standardDeviation": 12.594335391382003,
    "percentile25": 51,
    "percentile75": 73,
    "skewness": 0.8651408009088193,
    "kurtosis": 1.3389439270783763,
    "outliers": [],
    "badValue": 0
  },
  "playerTOT": {
    "total": 7847,
    "min": 201,
    "max": 363,
    "avg": 290.6296296296296,
    "median": 287,
    "standardDeviation": 40.081535555108395,
    "percentile25": 265,
    "percentile75": 323,
    "skewness": -0.08233275589202438,
    "kurtosis": -0.08006158689797971,
    "outliers": [],
    "badValue": 0
  },
  "playerRating": {
    "total": 189.90000000000003,
    "min": 5.6,
    "max": 9.9,
    "avg": 7.033333333333335,
    "median": 6.9,
    "standardDeviation": 0.8036951697788945,
    "percentile25": 6.6,
    "percentile75": 7.3,
    "skewness": 1.8664510484993575,
    "kurtosis": 5.773891156411639,
    "outliers": [
      8.5,
      9.9
    ],
    "badValue": 0
  },
  "playerNumber": 28,
  "noATTR": 1,
  "noRating": 1
}