{
  "playerValue": {
    "total": 362255000,
    "min": 290000,
    "max": 38000000,
    "avg": 12075166.666666666,
    "median": 9150000,
    "standardDeviation": 10529124.408304594,
    "percentile25": 2600000,
    "percentile75": 15600000,
    "qArr": [
      565000,
      2400000,
      5200000,
      7400000,
      13600000,
      19100000,
      34000000
    ],
    "skewness": 1.043199964098643,
    "badValue": 1
  },
  "playerAge": {
    "total": 805,
    "min": 18,
    "max": 33,
    "avg": 25.967741935483872,
    "median": 26,
    "standardDeviation": 3.9225063660199733,
    "percentile25": 23,
    "percentile75": 28,
    "qArr": [
      18,
      22,
      24,
      26,
      27,
      29,
      33
    ],
    "skewness": 0.040832078567004465,
    "badValue": 0
  },
  "playerATT": {
    "total": 1539,
    "min": 35,
    "max": 84,
    "avg": 57,
    "median": 58,
    "standardDeviation": 12.495925261786265,
    "percentile25": 49,
    "percentile75": 68,
    "qArr": [
      36,
      49,
      52,
      58,
      60,
      69,
      75
    ],
    "skewness": 0.014944530047836427,
    "badValue": 0
  },
  "playerTEC": {
    "total": 1404,
    "min": 41,
    "max": 71,
    "avg": 52,
    "median": 51,
    "standardDeviation": 6.9602043392737,
    "percentile25": 47,
    "percentile75": 56,
    "qArr": [
      42,
      47,
      49,
      51,
      53,
      58,
      66
    ],
    "skewness": 0.9845548434217265,
    "badValue": 0
  },
  "playerTAC": {
    "total": 1351,
    "min": 25,
    "max": 73,
    "avg": 50.03703703703704,
    "median": 50,
    "standardDeviation": 12.218630224136575,
    "percentile25": 40,
    "percentile75": 61,
    "qArr": [
      31,
      37,
      47,
      50,
      55,
      61,
      68
    ],
    "skewness": -0.175083924235254,
    "badValue": 0
  },
  "playerDEF": {
    "total": 1337,
    "min": 18,
    "max": 85,
    "avg": 49.51851851851852,
    "median": 56,
    "standardDeviation": 19.928335252934723,
    "percentile25": 33,
    "percentile75": 69,
    "qArr": [
      18,
      28,
      36,
      56,
      62,
      70,
      78
    ],
    "skewness": -0.041545142412159494,
    "badValue": 0
  },
  "playerCRE": {
    "total": 1487,
    "min": 38,
    "max": 84,
    "avg": 55.074074074074076,
    "median": 55,
    "standardDeviation": 11.145256177126315,
    "percentile25": 45,
    "percentile75": 64,
    "qArr": [
      41,
      45,
      48,
      55,
      59,
      64,
      71
    ],
    "skewness": 0.6875340344744795,
    "badValue": 0
  },
  "playerTOT": {
    "total": 7118,
    "min": 215,
    "max": 344,
    "avg": 263.6296296296296,
    "median": 262,
    "standardDeviation": 32.24116088819355,
    "percentile25": 235,
    "percentile75": 290,
    "qArr": [
      217,
      232,
      252,
      262,
      270,
      292,
      327
    ],
    "skewness": 0.6081883851764907,
    "badValue": 0
  },
  "playerRating": {
    "total": 185.91,
    "min": 6,
    "max": 8.5,
    "avg": 6.885555555555555,
    "median": 6.7,
    "standardDeviation": 0.5427115278572364,
    "percentile25": 6.6,
    "percentile75": 7.2,
    "qArr": [
      6.3,
      6.5,
      6.6,
      6.7,
      6.81,
      7.3,
      8
    ],
    "skewness": 1.3562107243725834,
    "badValue": 0
  },
  "playerNumber": 31,
  "noATTR": 4,
  "noRating": 4
}