{
  "playerValue": {
    "total": 362255000,
    "min": 290000,
    "max": 38000000,
    "avg": 12075166.666666666,
    "median": 9150000,
    "standardDeviation": 10529124.408304594,
    "percentile25": 2600000,
    "percentile75": 15600000,
    "skewness": 1.043199964098643,
    "kurtosis": 0.33635511563648324,
    "outliers": [
      38000000
    ],
    "badValue": 1
  },
  "playerAge": {
    "total": 805,
    "min": 18,
    "max": 33,
    "avg": 25.967741935483872,
    "median": 26,
    "standardDeviation": 3.9225063660199733,
    "percentile25": 23,
    "percentile75": 28,
    "skewness": 0.040832078567004465,
    "kurtosis": -0.10439596309743226,
    "outliers": [],
    "badValue": 0
  },
  "playerATT": {
    "total": 1539,
    "min": 35,
    "max": 84,
    "avg": 57,
    "median": 58,
    "standardDeviation": 12.495925261786265,
    "percentile25": 49,
    "percentile75": 68,
    "skewness": 0.014944530047836427,
    "kurtosis": -0.24593611990188524,
    "outliers": [],
    "badValue": 0
  },
  "playerTEC": {
    "total": 1404,
    "min": 41,
    "max": 71,
    "avg": 52,
    "median": 51,
    "standardDeviation": 6.9602043392737,
    "percentile25": 47,
    "percentile75": 56,
    "skewness": 0.9845548434217265,
    "kurtosis": 1.136538089256928,
    "outliers": [
      71
    ],
    "badValue": 0
  },
  "playerTAC": {
    "total": 1351,
    "min": 25,
    "max": 73,
    "avg": 50.03703703703704,
    "median": 50,
    "standardDeviation": 12.218630224136575,
    "percentile25": 40,
    "percentile75": 61,
    "skewness": -0.175083924235254,
    "kurtosis": -0.5638812809288445,
    "outliers": [],
    "badValue": 0
  },
  "playerDEF": {
    "total": 1337,
    "min": 18,
    "max": 85,
    "avg": 49.51851851851852,
    "median": 56,
    "standardDeviation": 19.928335252934723,
    "percentile25": 33,
    "percentile75": 69,
    "skewness": -0.041545142412159494,
    "kurtosis": -1.20792764336767,
    "outliers": [],
    "badValue": 0
  },
  "playerCRE": {
    "total": 1487,
    "min": 38,
    "max": 84,
    "avg": 55.074074074074076,
    "median": 55,
    "standardDeviation": 11.145256177126315,
    "percentile25": 45,
    "percentile75": 64,
    "skewness": 0.6875340344744795,
    "kurtosis": 0.17815397016323287,
    "outliers": [],
    "badValue": 0
  },
  "playerTOT": {
    "total": 7118,
    "min": 215,
    "max": 344,
    "avg": 263.6296296296296,
    "median": 262,
    "standardDeviation": 32.24116088819355,
    "percentile25": 235,
    "percentile75": 290,
    "skewness": 0.6081883851764907,
    "kurtosis": 0.34331201262040034,
    "outliers": [],
    "badValue": 0
  },
  "playerRating": {
    "total": 185.91,
    "min": 6,
    "max": 8.5,
    "avg": 6.885555555555555,
    "median": 6.7,
    "standardDeviation": 0.5427115278572364,
    "percentile25": 6.6,
    "percentile75": 7.2,
    "skewness": 1.3562107243725834,
    "kurtosis": 2.184108193905499,
    "outliers": [
      8.5
    ],
    "badValue": 0
  },
  "playerNumber": 31,
  "noATTR": 4,
  "noRating": 4
}