{
  "playerValue": {
    "total": 19126270967,
    "min": 23000,
    "max": 196000000,
    "avg": 7784400.067969068,
    "median": 1900000,
    "standardDeviation": 16390060.935482193,
    "percentile25": 485000,
    "percentile75": 6900000,
    "qArr": [
      120000,
      370000,
      930000,
      1900000,
      3400000,
      10600000,
      36000000
    ],
    "skewness": 4.8884551192939165,
    "badValue": 206
  },
  "playerAge": {
    "total": 67822,
    "min": 16,
    "max": 42,
    "avg": 25.80745814307458,
    "median": 25,
    "standardDeviation": 4.63330269282911,
    "percentile25": 22,
    "percentile75": 29,
    "qArr": [
      19,
      22,
      23,
      25,
      27,
      30,
      34
    ],
    "skewness": 0.442044634438574,
    "badValue": 35
  },
  "playerATT": {
    "total": 96522,
    "min": 31,
    "max": 92,
    "avg": 52.88876712328767,
    "median": 53,
    "standardDeviation": 12.320745835056723,
    "percentile25": 42,
    "percentile75": 62,
    "qArr": [
      35,
      40,
      47,
      53,
      58,
      64,
      75
    ],
    "skewness": 0.29826047526769034,
    "badValue": 0
  },
  "playerTEC": {
    "total": 93360,
    "min": 18,
    "max": 93,
    "avg": 51.156164383561645,
    "median": 50,
    "standardDeviation": 8.093579161545968,
    "percentile25": 45,
    "percentile75": 56,
    "qArr": [
      41,
      45,
      47,
      50,
      53,
      57,
      66
    ],
    "skewness": 0.8361912443829524,
    "badValue": 0
  },
  "playerTAC": {
    "total": 88117,
    "min": 11,
    "max": 91,
    "avg": 48.28328767123288,
    "median": 47,
    "standardDeviation": 10.559279247766561,
    "percentile25": 41,
    "percentile75": 55,
    "qArr": [
      32,
      40,
      44,
      47,
      52,
      57,
      67
    ],
    "skewness": 0.34652315568928327,
    "badValue": 0
  },
  "playerDEF": {
    "total": 92179,
    "min": 11,
    "max": 92,
    "avg": 50.50904109589041,
    "median": 51,
    "standardDeviation": 16.839160178549854,
    "percentile25": 36,
    "percentile75": 65,
    "qArr": [
      25,
      34,
      41,
      51,
      59,
      67,
      76
    ],
    "skewness": 0.055509013362095454,
    "badValue": 0
  },
  "playerCRE": {
    "total": 94625,
    "min": 30,
    "max": 99,
    "avg": 51.84931506849315,
    "median": 51,
    "standardDeviation": 10.552349907578163,
    "percentile25": 44,
    "percentile75": 58,
    "qArr": [
      37,
      42,
      47,
      51,
      55,
      61,
      71
    ],
    "skewness": 0.6310277599348414,
    "badValue": 0
  },
  "playerTOT": {
    "total": 464803,
    "min": 156,
    "max": 400,
    "avg": 254.68657534246574,
    "median": 250,
    "standardDeviation": 29.68719774902184,
    "percentile25": 235,
    "percentile75": 268,
    "qArr": [
      217,
      232,
      241,
      250,
      260,
      274,
      308
    ],
    "skewness": 1.258265558643357,
    "badValue": 0
  },
  "playerRating": {
    "total": 12600.740000000018,
    "min": 3.6,
    "max": 9.9,
    "avg": 6.912089961601765,
    "median": 6.8,
    "standardDeviation": 0.5229195317334118,
    "percentile25": 6.6,
    "percentile75": 7.2,
    "qArr": [
      6.2,
      6.5,
      6.7,
      6.8,
      7,
      7.3,
      7.9
    ],
    "skewness": 0.8541355626631578,
    "badValue": 0
  },
  "playerNumber": 2663,
  "noATTR": 821,
  "noRating": 823
}