{
  "playerValue": {
    "total": 18399423971,
    "min": 46000,
    "max": 196000000,
    "avg": 10377565.691483362,
    "median": 2900000,
    "standardDeviation": 18637012.11171383,
    "percentile25": 970000,
    "percentile75": 12400000,
    "skewness": 4.209003627641706,
    "kurtosis": 26.21988878116028,
    "outliers": [
      30000000,
      30000000,
      30000000,
      30000000,
      30000000,
      31000000,
      31000000,
      31000000,
      31000000,
      31000000,
      31000000,
      31000000,
      31000000,
      31000000,
      31000000,
      31000000,
      31000000,
      31000000,
      31000000,
      31000000,
      32000000,
      32000000,
      32000000,
      32000000,
      32000000,
      32000000,
      32000000,
      32000000,
      33000000,
      33000000,
      33000000,
      33000000,
      34000000,
      34000000,
      34000000,
      34000000,
      34000000,
      34000000,
      34000000,
      34000000,
      34000000,
      34000000,
      35000000,
      35000000,
      36000000,
      36000000,
      36000000,
      36000000,
      36000000,
      36000000,
      36000000,
      36000000,
      37000000,
      37000000,
      37000000,
      37000000,
      37000000,
      37000000,
      37000000,
      38000000,
      38000000,
      38000000,
      38000000,
      38000000,
      38000000,
      39000000,
      39000000,
      39000000,
      39000000,
      39000000,
      40000000,
      41000000,
      41000000,
      42000000,
      42000000,
      42000000,
      42000000,
      42000000,
      42000000,
      42000000,
      42000000,
      42000000,
      43000000,
      43000000,
      43000000,
      43000000,
      44000000,
      44000000,
      44000000,
      45000000,
      46000000,
      46000000,
      46000000,
      47000000,
      47000000,
      47000000,
      48000000,
      48000000,
      48000000,
      49000000,
      49000000,
      49000000,
      49000000,
      50000000,
      52000000,
      52000000,
      52000000,
      52000000,
      52000000,
      52000000,
      52000000,
      53000000,
      53000000,
      53000000,
      53000000,
      53000000,
      53000000,
      54000000,
      54000000,
      54000000,
      55000000,
      57000000,
      57000000,
      58000000,
      60000000,
      60000000,
      62000000,
      62000000,
      63000000,
      63000000,
      64000000,
      64000000,
      65000000,
      65000000,
      65000000,
      67000000,
      67000000,
      67000000,
      67000000,
      67000000,
      68000000,
      68000000,
      68000000,
      69000000,
      71000000,
      72000000,
      73000000,
      73000000,
      75000000,
      76000000,
      76000000,
      77000000,
      78000000,
      81000000,
      82000000,
      87000000,
      87000000,
      88000000,
      88000000,
      93000000,
      95000000,
      104000000,
      114000000,
      116000000,
      117000000,
      117000000,
      121000000,
      129000000,
      142000000,
      147000000,
      170000000,
      187000000,
      191000000,
      196000000
    ],
    "badValue": 163
  },
  "playerAge": {
    "total": 48622,
    "min": 16,
    "max": 40,
    "avg": 25.46987951807229,
    "median": 25,
    "standardDeviation": 4.514891144799815,
    "percentile25": 22,
    "percentile75": 29,
    "skewness": 0.37174255551491714,
    "kurtosis": -0.4369825127151077,
    "outliers": [
      40
    ],
    "badValue": 27
  },
  "playerATT": {
    "total": 74198,
    "min": 31,
    "max": 92,
    "avg": 53.96218181818182,
    "median": 54,
    "standardDeviation": 12.689008370297813,
    "percentile25": 43,
    "percentile75": 63,
    "skewness": 0.27979363137545465,
    "kurtosis": -0.6182584550896846,
    "outliers": [],
    "badValue": 0
  },
  "playerTEC": {
    "total": 71143,
    "min": 22,
    "max": 93,
    "avg": 51.74036363636364,
    "median": 51,
    "standardDeviation": 8.409531813502703,
    "percentile25": 46,
    "percentile75": 56,
    "skewness": 0.8527018174102677,
    "kurtosis": 1.4217775409559001,
    "outliers": [
      22,
      26,
      28,
      72,
      72,
      72,
      72,
      72,
      72,
      72,
      72,
      72,
      73,
      73,
      73,
      74,
      74,
      74,
      74,
      75,
      75,
      75,
      76,
      76,
      76,
      77,
      77,
      77,
      77,
      77,
      77,
      78,
      79,
      80,
      80,
      80,
      81,
      83,
      84,
      86,
      86,
      93
    ],
    "badValue": 0
  },
  "playerTAC": {
    "total": 67411,
    "min": 11,
    "max": 91,
    "avg": 49.02618181818182,
    "median": 48,
    "standardDeviation": 11.100698010962141,
    "percentile25": 41,
    "percentile75": 56,
    "skewness": 0.33088852288244164,
    "kurtosis": -0.057662927989374335,
    "outliers": [
      11,
      79,
      79,
      80,
      82,
      91
    ],
    "badValue": 0
  },
  "playerDEF": {
    "total": 69503,
    "min": 11,
    "max": 92,
    "avg": 50.547636363636364,
    "median": 51,
    "standardDeviation": 17.553795338241244,
    "percentile25": 35,
    "percentile75": 66,
    "skewness": 0.0499137707806457,
    "kurtosis": -1.0430077406662481,
    "outliers": [],
    "badValue": 0
  },
  "playerCRE": {
    "total": 73274,
    "min": 30,
    "max": 99,
    "avg": 53.29018181818182,
    "median": 52,
    "standardDeviation": 10.86248648764241,
    "percentile25": 45,
    "percentile75": 60,
    "skewness": 0.5483361761423735,
    "kurtosis": 0.10581532716281217,
    "outliers": [
      83,
      83,
      83,
      84,
      84,
      84,
      84,
      85,
      86,
      87,
      87,
      87,
      96,
      99
    ],
    "badValue": 0
  },
  "playerTOT": {
    "total": 355529,
    "min": 192,
    "max": 400,
    "avg": 258.56654545454546,
    "median": 254,
    "standardDeviation": 31.602366552245428,
    "percentile25": 237,
    "percentile75": 274,
    "skewness": 1.1357162556886173,
    "kurtosis": 1.9626443901237458,
    "outliers": [
      330,
      332,
      332,
      333,
      333,
      334,
      335,
      335,
      337,
      338,
      339,
      340,
      340,
      342,
      342,
      343,
      344,
      344,
      344,
      346,
      348,
      348,
      350,
      351,
      351,
      352,
      353,
      354,
      355,
      355,
      357,
      358,
      358,
      361,
      363,
      363,
      363,
      366,
      368,
      369,
      369,
      371,
      371,
      375,
      376,
      379,
      380,
      380,
      385,
      388,
      400
    ],
    "badValue": 0
  },
  "playerRating": {
    "total": 9493.140000000014,
    "min": 4.6,
    "max": 9.9,
    "avg": 6.91415877640205,
    "median": 6.81,
    "standardDeviation": 0.5186409725451534,
    "percentile25": 6.6,
    "percentile75": 7.2,
    "skewness": 0.9950958718034446,
    "kurtosis": 2.924675912217813,
    "outliers": [
      4.6,
      5.5,
      5.5,
      5.6,
      8.2,
      8.2,
      8.2,
      8.2,
      8.2,
      8.2,
      8.2,
      8.2,
      8.2,
      8.3,
      8.3,
      8.3,
      8.3,
      8.3,
      8.4,
      8.4,
      8.4,
      8.5,
      8.5,
      8.5,
      8.5,
      8.5,
      8.5,
      8.6,
      8.7,
      8.8,
      8.8,
      8.9,
      8.9,
      9,
      9,
      9.1,
      9.2,
      9.8,
      9.9
    ],
    "badValue": 0
  },
  "playerNumber": 1936,
  "noATTR": 561,
  "noRating": 563
}