{
  "playerValue": {
    "total": 228809999,
    "min": 320000,
    "max": 24000000,
    "avg": 7626999.966666667,
    "median": 5400000,
    "standardDeviation": 5971470.609082269,
    "percentile25": 3100000,
    "percentile75": 11500000,
    "skewness": 0.9220260061162607,
    "kurtosis": 0.5327595249783892,
    "outliers": [],
    "badValue": 2
  },
  "playerAge": {
    "total": 800,
    "min": 17,
    "max": 36,
    "avg": 25,
    "median": 24.5,
    "standardDeviation": 4.575751304430781,
    "percentile25": 22,
    "percentile75": 28,
    "skewness": 0.4719273622955862,
    "kurtosis": 0.13615894792634942,
    "outliers": [],
    "badValue": 0
  },
  "playerATT": {
    "total": 1229,
    "min": 33,
    "max": 76,
    "avg": 51.208333333333336,
    "median": 50.5,
    "standardDeviation": 11.54332118105049,
    "percentile25": 40,
    "percentile75": 60,
    "skewness": 0.18699578013420384,
    "kurtosis": -0.3778834201690975,
    "outliers": [],
    "badValue": 0
  },
  "playerTEC": {
    "total": 1263,
    "min": 42,
    "max": 68,
    "avg": 52.625,
    "median": 53,
    "standardDeviation": 5.935855035291883,
    "percentile25": 46,
    "percentile75": 57,
    "skewness": 0.3541432174984739,
    "kurtosis": 0.5707709693666518,
    "outliers": [],
    "badValue": 0
  },
  "playerTAC": {
    "total": 1162,
    "min": 32,
    "max": 66,
    "avg": 48.416666666666664,
    "median": 46.5,
    "standardDeviation": 8.133862687691636,
    "percentile25": 43,
    "percentile75": 55,
    "skewness": 0.13198634129964504,
    "kurtosis": -0.13503753096493165,
    "outliers": [],
    "badValue": 0
  },
  "playerDEF": {
    "total": 1214,
    "min": 24,
    "max": 74,
    "avg": 50.583333333333336,
    "median": 52.5,
    "standardDeviation": 15.515896865974442,
    "percentile25": 36,
    "percentile75": 61,
    "skewness": -0.30533206392815526,
    "kurtosis": -0.8988164865057695,
    "outliers": [],
    "badValue": 0
  },
  "playerCRE": {
    "total": 1222,
    "min": 38,
    "max": 68,
    "avg": 50.916666666666664,
    "median": 51,
    "standardDeviation": 6.812468144675777,
    "percentile25": 46,
    "percentile75": 55,
    "skewness": 0.3025098464277191,
    "kurtosis": 0.7146835179556512,
    "outliers": [],
    "badValue": 0
  },
  "playerTOT": {
    "total": 6090,
    "min": 210,
    "max": 305,
    "avg": 253.75,
    "median": 255,
    "standardDeviation": 20.27159342528357,
    "percentile25": 243,
    "percentile75": 262,
    "skewness": 0.15775767112626427,
    "kurtosis": 1.3091388472259502,
    "outliers": [
      210,
      305
    ],
    "badValue": 0
  },
  "playerRating": {
    "total": 166,
    "min": 6,
    "max": 8.2,
    "avg": 6.916666666666667,
    "median": 6.8,
    "standardDeviation": 0.5312459150169742,
    "percentile25": 6.5,
    "percentile75": 7.3,
    "skewness": 0.666629075347834,
    "kurtosis": 0.3395440116684849,
    "outliers": [],
    "badValue": 0
  },
  "playerNumber": 32,
  "noATTR": 8,
  "noRating": 8
}