{
  "playerValue": {
    "total": 764304999,
    "min": 470000,
    "max": 68000000,
    "avg": 25476833.3,
    "median": 18350000,
    "standardDeviation": 19958300.74490339,
    "percentile25": 9200000,
    "percentile75": 42000000,
    "qArr": [
      635000,
      2400000,
      12600000,
      17300000,
      34000000,
      42000000,
      60000000
    ],
    "skewness": 0.47783932988120875,
    "badValue": 0
  },
  "playerAge": {
    "total": 751,
    "min": 18,
    "max": 36,
    "avg": 25.033333333333335,
    "median": 25,
    "standardDeviation": 4.094576358496146,
    "percentile25": 22,
    "percentile75": 28,
    "qArr": [
      18,
      22,
      24,
      25,
      27,
      28,
      32
    ],
    "skewness": 0.3641966146122467,
    "badValue": 0
  },
  "playerATT": {
    "total": 1369,
    "min": 34,
    "max": 82,
    "avg": 54.76,
    "median": 55,
    "standardDeviation": 13.665372296428664,
    "percentile25": 43,
    "percentile75": 64,
    "qArr": [
      37,
      41,
      46,
      55,
      57,
      68,
      81
    ],
    "skewness": 0.42554374223872427,
    "badValue": 0
  },
  "playerTEC": {
    "total": 1378,
    "min": 41,
    "max": 75,
    "avg": 55.12,
    "median": 54,
    "standardDeviation": 7.946420577845097,
    "percentile25": 50,
    "percentile75": 61,
    "qArr": [
      42,
      50,
      52,
      54,
      57,
      61,
      67
    ],
    "skewness": 0.5083920821118172,
    "badValue": 0
  },
  "playerTAC": {
    "total": 1267,
    "min": 25,
    "max": 79,
    "avg": 50.68,
    "median": 50,
    "standardDeviation": 11.456770923781272,
    "percentile25": 45,
    "percentile75": 58,
    "qArr": [
      33,
      44,
      45,
      50,
      53,
      58,
      70
    ],
    "skewness": 0.2684946694038764,
    "badValue": 0
  },
  "playerDEF": {
    "total": 1318,
    "min": 23,
    "max": 87,
    "avg": 52.72,
    "median": 55,
    "standardDeviation": 18.57421869150894,
    "percentile25": 37,
    "percentile75": 64,
    "qArr": [
      25,
      27,
      48,
      55,
      61,
      69,
      84
    ],
    "skewness": -0.06104543382594082,
    "badValue": 0
  },
  "playerCRE": {
    "total": 1423,
    "min": 36,
    "max": 87,
    "avg": 56.92,
    "median": 54,
    "standardDeviation": 13.377353998455748,
    "percentile25": 47,
    "percentile75": 69,
    "qArr": [
      38,
      45,
      49,
      54,
      61,
      69,
      80
    ],
    "skewness": 0.5199553062340886,
    "badValue": 0
  },
  "playerTOT": {
    "total": 6755,
    "min": 230,
    "max": 380,
    "avg": 270.2,
    "median": 266,
    "standardDeviation": 32.22793819033418,
    "percentile25": 247,
    "percentile75": 281,
    "qArr": [
      239,
      240,
      252,
      266,
      273,
      286,
      325
    ],
    "skewness": 1.8551751231834213,
    "badValue": 0
  },
  "playerRating": {
    "total": 171.60000000000002,
    "min": 5.9,
    "max": 7.7,
    "avg": 6.864000000000001,
    "median": 6.9,
    "standardDeviation": 0.45155730533344274,
    "percentile25": 6.5,
    "percentile75": 7.2,
    "qArr": [
      6.1,
      6.4,
      6.6,
      6.9,
      7,
      7.2,
      7.6
    ],
    "skewness": -0.17869775792350706,
    "badValue": 0
  },
  "playerNumber": 30,
  "noATTR": 5,
  "noRating": 5
}