{
  "playerValue": {
    "total": 411355000,
    "min": 190000,
    "max": 53000000,
    "avg": 12098676.470588235,
    "median": 8200000,
    "standardDeviation": 12836831.390963838,
    "percentile25": 3100000,
    "percentile75": 14300000,
    "qArr": [
      855000,
      2200000,
      4500000,
      7300000,
      11600000,
      21000000,
      47000000
    ],
    "skewness": 1.8335980753499332,
    "badValue": 1
  },
  "playerAge": {
    "total": 860,
    "min": 18,
    "max": 34,
    "avg": 25.294117647058822,
    "median": 24,
    "standardDeviation": 4.21153466345147,
    "percentile25": 22,
    "percentile75": 29,
    "qArr": [
      18,
      22,
      23,
      24,
      27,
      31,
      32
    ],
    "skewness": 0.33060006812548115,
    "badValue": 1
  },
  "playerATT": {
    "total": 1584,
    "min": 37,
    "max": 82,
    "avg": 56.57142857142857,
    "median": 54,
    "standardDeviation": 12.695411351655963,
    "percentile25": 46,
    "percentile75": 64,
    "qArr": [
      40,
      43,
      51,
      52,
      61,
      70,
      81
    ],
    "skewness": 0.4405134978274387,
    "badValue": 0
  },
  "playerTEC": {
    "total": 1516,
    "min": 44,
    "max": 71,
    "avg": 54.142857142857146,
    "median": 53,
    "standardDeviation": 7.342217871005063,
    "percentile25": 50,
    "percentile75": 57,
    "qArr": [
      44,
      47,
      50,
      53,
      56,
      58,
      71
    ],
    "skewness": 0.8760115170103284,
    "badValue": 0
  },
  "playerTAC": {
    "total": 1293,
    "min": 26,
    "max": 76,
    "avg": 46.17857142857143,
    "median": 43.5,
    "standardDeviation": 11.266427914791079,
    "percentile25": 39,
    "percentile75": 52,
    "qArr": [
      32,
      37,
      41,
      43,
      46,
      57,
      66
    ],
    "skewness": 0.8938707062858368,
    "badValue": 0
  },
  "playerDEF": {
    "total": 1299,
    "min": 19,
    "max": 81,
    "avg": 46.392857142857146,
    "median": 45,
    "standardDeviation": 17.625750816255593,
    "percentile25": 29,
    "percentile75": 57,
    "qArr": [
      22,
      28,
      38,
      43,
      54,
      69,
      75
    ],
    "skewness": 0.23857940366139946,
    "badValue": 0
  },
  "playerCRE": {
    "total": 1549,
    "min": 39,
    "max": 80,
    "avg": 55.32142857142857,
    "median": 54.5,
    "standardDeviation": 9.706601477597498,
    "percentile25": 48,
    "percentile75": 60,
    "qArr": [
      40,
      48,
      52,
      54,
      56,
      61,
      78
    ],
    "skewness": 0.7754530388499278,
    "badValue": 0
  },
  "playerTOT": {
    "total": 7241,
    "min": 212,
    "max": 328,
    "avg": 258.60714285714283,
    "median": 255,
    "standardDeviation": 25.498374297918186,
    "percentile25": 243,
    "percentile75": 264,
    "qArr": [
      225,
      240,
      245,
      251,
      261,
      290,
      298
    ],
    "skewness": 0.84695612441379,
    "badValue": 0
  },
  "playerRating": {
    "total": 194.20000000000002,
    "min": 6.2,
    "max": 9,
    "avg": 6.935714285714286,
    "median": 6.9,
    "standardDeviation": 0.5406439848618931,
    "percentile25": 6.6,
    "percentile75": 7,
    "qArr": [
      6.3,
      6.5,
      6.7,
      6.9,
      7,
      7.2,
      8
    ],
    "skewness": 2.2599350823155735,
    "badValue": 0
  },
  "playerNumber": 35,
  "noATTR": 7,
  "noRating": 7
}