{
  "playerValue": {
    "total": 75676999,
    "min": 52000,
    "max": 8600000,
    "avg": 2702749.964285714,
    "median": 1950000,
    "standardDeviation": 2481429.3436840917,
    "percentile25": 375000,
    "percentile75": 4300000,
    "qArr": [
      140000,
      270000,
      1000000,
      1800000,
      3900000,
      5400000,
      7300000
    ],
    "skewness": 0.8270523579573396,
    "badValue": 1
  },
  "playerAge": {
    "total": 716,
    "min": 19,
    "max": 35,
    "avg": 25.571428571428573,
    "median": 25,
    "standardDeviation": 3.858465381734144,
    "percentile25": 22,
    "percentile75": 28,
    "qArr": [
      20,
      22,
      24,
      25,
      27,
      29,
      33
    ],
    "skewness": 0.5986412093843247,
    "badValue": 1
  },
  "playerATT": {
    "total": 929,
    "min": 36,
    "max": 69,
    "avg": 54.64705882352941,
    "median": 53,
    "standardDeviation": 9.999653973252029,
    "percentile25": 49,
    "percentile75": 64,
    "qArr": [
      36,
      47,
      50,
      53,
      61,
      65,
      69
    ],
    "skewness": -0.31916401299215164,
    "badValue": 0
  },
  "playerTEC": {
    "total": 863,
    "min": 40,
    "max": 66,
    "avg": 50.76470588235294,
    "median": 52,
    "standardDeviation": 5.385486069763106,
    "percentile25": 48,
    "percentile75": 53,
    "qArr": [
      40,
      46,
      49,
      52,
      52,
      54,
      66
    ],
    "skewness": 0.8417874788619255,
    "badValue": 0
  },
  "playerTAC": {
    "total": 805,
    "min": 24,
    "max": 71,
    "avg": 47.35294117647059,
    "median": 47,
    "standardDeviation": 14.676676881728284,
    "percentile25": 34,
    "percentile75": 59,
    "qArr": [
      24,
      31,
      40,
      47,
      55,
      63,
      71
    ],
    "skewness": 0.05950821087911255,
    "badValue": 0
  },
  "playerDEF": {
    "total": 848,
    "min": 25,
    "max": 78,
    "avg": 49.88235294117647,
    "median": 41,
    "standardDeviation": 17.845356466174728,
    "percentile25": 36,
    "percentile75": 71,
    "qArr": [
      25,
      35,
      38,
      41,
      61,
      73,
      78
    ],
    "skewness": 0.544667161178643,
    "badValue": 0
  },
  "playerCRE": {
    "total": 917,
    "min": 37,
    "max": 69,
    "avg": 53.94117647058823,
    "median": 54,
    "standardDeviation": 9.116698242851468,
    "percentile25": 48,
    "percentile75": 58,
    "qArr": [
      37,
      45,
      51,
      54,
      57,
      63,
      69
    ],
    "skewness": 0.005828189699709718,
    "badValue": 0
  },
  "playerTOT": {
    "total": 4362,
    "min": 214,
    "max": 333,
    "avg": 256.5882352941176,
    "median": 256,
    "standardDeviation": 25.458290741407765,
    "percentile25": 240,
    "percentile75": 266,
    "qArr": [
      214,
      239,
      245,
      256,
      261,
      267,
      333
    ],
    "skewness": 1.4546584564103744,
    "badValue": 0
  },
  "playerRating": {
    "total": 119.5,
    "min": 6.3,
    "max": 8.9,
    "avg": 7.029411764705882,
    "median": 7,
    "standardDeviation": 0.5737028395405463,
    "percentile25": 6.7,
    "percentile75": 7.2,
    "qArr": [
      6.3,
      6.5,
      6.8,
      7,
      7.1,
      7.2,
      8.9
    ],
    "skewness": 2.148293581439413,
    "badValue": 0
  },
  "playerNumber": 29,
  "noATTR": 12,
  "noRating": 12
}