{
  "playerValue": {
    "total": 312639999,
    "min": 195000,
    "max": 76000000,
    "avg": 12024615.346153846,
    "median": 5150000,
    "standardDeviation": 16007041.904452166,
    "percentile25": 1600000,
    "percentile75": 16600000,
    "qArr": [
      205000,
      1500000,
      2800000,
      4900000,
      12400000,
      21000000,
      34000000
    ],
    "skewness": 2.8152708804504742,
    "badValue": 1
  },
  "playerAge": {
    "total": 686,
    "min": 19,
    "max": 35,
    "avg": 26.384615384615383,
    "median": 25,
    "standardDeviation": 4.549530179268076,
    "percentile25": 23,
    "percentile75": 30,
    "qArr": [
      21,
      22,
      24,
      25,
      28,
      31,
      35
    ],
    "skewness": 0.40015567005330593,
    "badValue": 1
  },
  "playerATT": {
    "total": 1073,
    "min": 36,
    "max": 80,
    "avg": 56.473684210526315,
    "median": 56,
    "standardDeviation": 13.986340784202849,
    "percentile25": 43,
    "percentile75": 70,
    "qArr": [
      36,
      42,
      46,
      56,
      64,
      72,
      80
    ],
    "skewness": 0.17536694618453819,
    "badValue": 0
  },
  "playerTEC": {
    "total": 1062,
    "min": 43,
    "max": 76,
    "avg": 55.89473684210526,
    "median": 52,
    "standardDeviation": 8.967160771346133,
    "percentile25": 49,
    "percentile75": 62,
    "qArr": [
      43,
      49,
      49,
      52,
      60,
      65,
      76
    ],
    "skewness": 0.8184567937605576,
    "badValue": 0
  },
  "playerTAC": {
    "total": 1032,
    "min": 35,
    "max": 76,
    "avg": 54.31578947368421,
    "median": 58,
    "standardDeviation": 13.203080308772238,
    "percentile25": 39,
    "percentile75": 66,
    "qArr": [
      35,
      38,
      47,
      58,
      61,
      67,
      76
    ],
    "skewness": -0.09583542512354719,
    "badValue": 0
  },
  "playerDEF": {
    "total": 1029,
    "min": 26,
    "max": 82,
    "avg": 54.1578947368421,
    "median": 57,
    "standardDeviation": 19.475391105848473,
    "percentile25": 32,
    "percentile75": 74,
    "qArr": [
      26,
      32,
      37,
      57,
      66,
      75,
      82
    ],
    "skewness": -0.18693165920525726,
    "badValue": 0
  },
  "playerCRE": {
    "total": 1141,
    "min": 42,
    "max": 83,
    "avg": 60.05263157894737,
    "median": 61,
    "standardDeviation": 10.45025149136072,
    "percentile25": 52,
    "percentile75": 68,
    "qArr": [
      42,
      50,
      55,
      61,
      66,
      69,
      83
    ],
    "skewness": 0.15491606509591285,
    "badValue": 0
  },
  "playerTOT": {
    "total": 5337,
    "min": 238,
    "max": 368,
    "avg": 280.89473684210526,
    "median": 279,
    "standardDeviation": 26.740260867211774,
    "percentile25": 271,
    "percentile75": 291,
    "qArr": [
      238,
      256,
      273,
      279,
      284,
      297,
      368
    ],
    "skewness": 1.7284728813318389,
    "badValue": 0
  },
  "playerRating": {
    "total": 129.89999999999998,
    "min": 5.7,
    "max": 7.9,
    "avg": 6.836842105263156,
    "median": 7,
    "standardDeviation": 0.5460003145514705,
    "percentile25": 6.5,
    "percentile75": 7.1,
    "qArr": [
      5.7,
      6.5,
      6.8,
      7,
      7.1,
      7.2,
      7.9
    ],
    "skewness": -0.547780111572005,
    "badValue": 0
  },
  "playerNumber": 27,
  "noATTR": 8,
  "noRating": 8
}