{
  "playerValue": {
    "total": 509145000,
    "min": 270000,
    "max": 38000000,
    "avg": 15910781.25,
    "median": 15350000,
    "standardDeviation": 12641652.143643979,
    "percentile25": 2600000,
    "percentile75": 27000000,
    "qArr": [
      475000,
      2100000,
      3700000,
      11000000,
      24000000,
      29000000,
      36000000
    ],
    "skewness": 0.13719808989038257,
    "badValue": 1
  },
  "playerAge": {
    "total": 845,
    "min": 19,
    "max": 35,
    "avg": 26.40625,
    "median": 26,
    "standardDeviation": 4.407801145412528,
    "percentile25": 22,
    "percentile75": 29,
    "qArr": [
      20,
      22,
      24,
      26,
      29,
      30,
      35
    ],
    "skewness": 0.19653032902317427,
    "badValue": 1
  },
  "playerATT": {
    "total": 1597,
    "min": 37,
    "max": 82,
    "avg": 57.035714285714285,
    "median": 55,
    "standardDeviation": 13.649914031275967,
    "percentile25": 44,
    "percentile75": 66,
    "qArr": [
      37,
      42,
      53,
      54,
      65,
      68,
      81
    ],
    "skewness": 0.11498889315226825,
    "badValue": 0
  },
  "playerTEC": {
    "total": 1494,
    "min": 38,
    "max": 77,
    "avg": 53.357142857142854,
    "median": 53.5,
    "standardDeviation": 8.341866379526682,
    "percentile25": 45,
    "percentile75": 58,
    "qArr": [
      42,
      45,
      50,
      53,
      56,
      62,
      63
    ],
    "skewness": 0.5613149870999485,
    "badValue": 0
  },
  "playerTAC": {
    "total": 1457,
    "min": 29,
    "max": 74,
    "avg": 52.035714285714285,
    "median": 49,
    "standardDeviation": 11.727507781942002,
    "percentile25": 45,
    "percentile75": 58,
    "qArr": [
      34,
      42,
      47,
      49,
      56,
      67,
      74
    ],
    "skewness": 0.36921134660253224,
    "badValue": 0
  },
  "playerDEF": {
    "total": 1403,
    "min": 17,
    "max": 80,
    "avg": 50.107142857142854,
    "median": 50.5,
    "standardDeviation": 18.192108347369995,
    "percentile25": 35,
    "percentile75": 63,
    "qArr": [
      18,
      35,
      39,
      48,
      57,
      71,
      77
    ],
    "skewness": 0.020115434308246135,
    "badValue": 0
  },
  "playerCRE": {
    "total": 1563,
    "min": 36,
    "max": 79,
    "avg": 55.82142857142857,
    "median": 57.5,
    "standardDeviation": 11.215593645292547,
    "percentile25": 46,
    "percentile75": 62,
    "qArr": [
      36,
      44,
      49,
      57,
      61,
      63,
      76
    ],
    "skewness": 0.07712566002514022,
    "badValue": 0
  },
  "playerTOT": {
    "total": 7514,
    "min": 212,
    "max": 357,
    "avg": 268.35714285714283,
    "median": 265.5,
    "standardDeviation": 31.057796681250224,
    "percentile25": 250,
    "percentile75": 280,
    "qArr": [
      222,
      247,
      259,
      264,
      275,
      285,
      346
    ],
    "skewness": 1.0540666142955468,
    "badValue": 0
  },
  "playerRating": {
    "total": 193.70000000000002,
    "min": 6.5,
    "max": 7.6,
    "avg": 6.917857142857144,
    "median": 6.9,
    "standardDeviation": 0.32077314127474155,
    "percentile25": 6.6,
    "percentile75": 7.1,
    "qArr": [
      6.5,
      6.6,
      6.8,
      6.9,
      7,
      7.1,
      7.6
    ],
    "skewness": 0.718417533735906,
    "badValue": 0
  },
  "playerNumber": 33,
  "noATTR": 5,
  "noRating": 5
}