{
  "playerValue": {
    "total": 509145000,
    "min": 270000,
    "max": 38000000,
    "avg": 15910781.25,
    "median": 15350000,
    "standardDeviation": 12641652.143643979,
    "percentile25": 2600000,
    "percentile75": 27000000,
    "skewness": 0.13719808989038257,
    "kurtosis": -1.5517002230712897,
    "outliers": [],
    "badValue": 1
  },
  "playerAge": {
    "total": 845,
    "min": 19,
    "max": 35,
    "avg": 26.40625,
    "median": 26,
    "standardDeviation": 4.407801145412528,
    "percentile25": 22,
    "percentile75": 29,
    "skewness": 0.19653032902317427,
    "kurtosis": -0.8160662916216821,
    "outliers": [],
    "badValue": 1
  },
  "playerATT": {
    "total": 1597,
    "min": 37,
    "max": 82,
    "avg": 57.035714285714285,
    "median": 55,
    "standardDeviation": 13.649914031275967,
    "percentile25": 44,
    "percentile75": 66,
    "skewness": 0.11498889315226825,
    "kurtosis": -0.7744359333139177,
    "outliers": [],
    "badValue": 0
  },
  "playerTEC": {
    "total": 1494,
    "min": 38,
    "max": 77,
    "avg": 53.357142857142854,
    "median": 53.5,
    "standardDeviation": 8.341866379526682,
    "percentile25": 45,
    "percentile75": 58,
    "skewness": 0.5613149870999485,
    "kurtosis": 1.0632596281329194,
    "outliers": [],
    "badValue": 0
  },
  "playerTAC": {
    "total": 1457,
    "min": 29,
    "max": 74,
    "avg": 52.035714285714285,
    "median": 49,
    "standardDeviation": 11.727507781942002,
    "percentile25": 45,
    "percentile75": 58,
    "skewness": 0.36921134660253224,
    "kurtosis": -0.31014039679984107,
    "outliers": [],
    "badValue": 0
  },
  "playerDEF": {
    "total": 1403,
    "min": 17,
    "max": 80,
    "avg": 50.107142857142854,
    "median": 50.5,
    "standardDeviation": 18.192108347369995,
    "percentile25": 35,
    "percentile75": 63,
    "skewness": 0.020115434308246135,
    "kurtosis": -0.8420519596846425,
    "outliers": [],
    "badValue": 0
  },
  "playerCRE": {
    "total": 1563,
    "min": 36,
    "max": 79,
    "avg": 55.82142857142857,
    "median": 57.5,
    "standardDeviation": 11.215593645292547,
    "percentile25": 46,
    "percentile75": 62,
    "skewness": 0.07712566002514022,
    "kurtosis": -0.28980750577971737,
    "outliers": [],
    "badValue": 0
  },
  "playerTOT": {
    "total": 7514,
    "min": 212,
    "max": 357,
    "avg": 268.35714285714283,
    "median": 265.5,
    "standardDeviation": 31.057796681250224,
    "percentile25": 250,
    "percentile75": 280,
    "skewness": 1.0540666142955468,
    "kurtosis": 2.5724096596044914,
    "outliers": [
      346,
      357
    ],
    "badValue": 0
  },
  "playerRating": {
    "total": 193.70000000000002,
    "min": 6.5,
    "max": 7.6,
    "avg": 6.917857142857144,
    "median": 6.9,
    "standardDeviation": 0.32077314127474155,
    "percentile25": 6.6,
    "percentile75": 7.1,
    "skewness": 0.718417533735906,
    "kurtosis": -0.11276645462700197,
    "outliers": [],
    "badValue": 0
  },
  "playerNumber": 33,
  "noATTR": 5,
  "noRating": 5
}