{
  "playerValue": {
    "total": 42135000,
    "min": 140000,
    "max": 7500000,
    "avg": 1560555.5555555555,
    "median": 1400000,
    "standardDeviation": 1459593.0009406942,
    "percentile25": 425000,
    "percentile75": 2100000,
    "qArr": [
      145000,
      410000,
      825000,
      1400000,
      1900000,
      2300000,
      3000000
    ],
    "skewness": 2.646904117792529,
    "badValue": 1
  },
  "playerAge": {
    "total": 690,
    "min": 20,
    "max": 33,
    "avg": 25.555555555555557,
    "median": 24,
    "standardDeviation": 4.365973934308554,
    "percentile25": 23,
    "percentile75": 29,
    "qArr": [
      20,
      21,
      23,
      24,
      28,
      30,
      33
    ],
    "skewness": 0.37064453808847564,
    "badValue": 1
  },
  "playerATT": {
    "total": 852,
    "min": 33,
    "max": 74,
    "avg": 50.11764705882353,
    "median": 46,
    "standardDeviation": 10.78606046460063,
    "percentile25": 43,
    "percentile75": 58,
    "qArr": [
      33,
      40,
      44,
      46,
      56,
      58,
      74
    ],
    "skewness": 0.5029488231070132,
    "badValue": 0
  },
  "playerTEC": {
    "total": 857,
    "min": 44,
    "max": 70,
    "avg": 50.411764705882355,
    "median": 50,
    "standardDeviation": 6.269054000587628,
    "percentile25": 46,
    "percentile75": 52,
    "qArr": [
      44,
      45,
      46,
      50,
      51,
      53,
      70
    ],
    "skewness": 2.0344622105537296,
    "badValue": 0
  },
  "playerTAC": {
    "total": 857,
    "min": 29,
    "max": 78,
    "avg": 50.411764705882355,
    "median": 51,
    "standardDeviation": 12.266927433164305,
    "percentile25": 43,
    "percentile75": 58,
    "qArr": [
      29,
      38,
      43,
      51,
      58,
      62,
      78
    ],
    "skewness": 0.30905113872140155,
    "badValue": 0
  },
  "playerDEF": {
    "total": 950,
    "min": 34,
    "max": 79,
    "avg": 55.88235294117647,
    "median": 53,
    "standardDeviation": 14.519286779360579,
    "percentile25": 42,
    "percentile75": 68,
    "qArr": [
      34,
      39,
      47,
      53,
      66,
      70,
      79
    ],
    "skewness": -0.06130593325708596,
    "badValue": 0
  },
  "playerCRE": {
    "total": 891,
    "min": 39,
    "max": 84,
    "avg": 52.411764705882355,
    "median": 52,
    "standardDeviation": 10.566644653756192,
    "percentile25": 45,
    "percentile75": 55,
    "qArr": [
      39,
      43,
      47,
      52,
      55,
      57,
      84
    ],
    "skewness": 1.5468843998492294,
    "badValue": 0
  },
  "playerTOT": {
    "total": 4407,
    "min": 224,
    "max": 369,
    "avg": 259.2352941176471,
    "median": 253,
    "standardDeviation": 32.73697210434334,
    "percentile25": 244,
    "percentile75": 262,
    "qArr": [
      224,
      237,
      248,
      253,
      262,
      266,
      369
    ],
    "skewness": 2.4992451821086,
    "badValue": 0
  },
  "playerRating": {
    "total": 123.51000000000002,
    "min": 6.7,
    "max": 8.2,
    "avg": 7.26529411764706,
    "median": 7.2,
    "standardDeviation": 0.41085445608274096,
    "percentile25": 7,
    "percentile75": 7.4,
    "qArr": [
      6.7,
      6.9,
      7,
      7.2,
      7.4,
      7.5,
      8.2
    ],
    "skewness": 0.9200710941289096,
    "badValue": 0
  },
  "playerNumber": 28,
  "noATTR": 11,
  "noRating": 11
}