{
  "playerValue": {
    "total": 179384999,
    "min": 160000,
    "max": 31000000,
    "avg": 6899423.038461538,
    "median": 3200000,
    "standardDeviation": 8387657.649429816,
    "percentile25": 1500000,
    "percentile75": 10800000,
    "qArr": [
      190000,
      1400000,
      1900000,
      3100000,
      4099999,
      11400000,
      27000000
    ],
    "skewness": 1.8196401379083993,
    "badValue": 6
  },
  "playerAge": {
    "total": 821,
    "min": 18,
    "max": 38,
    "avg": 25.65625,
    "median": 25,
    "standardDeviation": 5.6877575491137105,
    "percentile25": 20,
    "percentile75": 29,
    "qArr": [
      19,
      20,
      23,
      25,
      27,
      32,
      36
    ],
    "skewness": 0.6073546012429638,
    "badValue": 0
  },
  "playerATT": {
    "total": 1169,
    "min": 37,
    "max": 88,
    "avg": 55.666666666666664,
    "median": 54,
    "standardDeviation": 12.24096686709305,
    "percentile25": 46,
    "percentile75": 60,
    "qArr": [
      37,
      46,
      50,
      54,
      59,
      62,
      78
    ],
    "skewness": 0.8956359090014184,
    "badValue": 0
  },
  "playerTEC": {
    "total": 1126,
    "min": 45,
    "max": 64,
    "avg": 53.61904761904762,
    "median": 54,
    "standardDeviation": 4.775694319764161,
    "percentile25": 51,
    "percentile75": 57,
    "qArr": [
      47,
      49,
      52,
      54,
      55,
      58,
      60
    ],
    "skewness": 0.15248299204119098,
    "badValue": 0
  },
  "playerTAC": {
    "total": 1000,
    "min": 25,
    "max": 72,
    "avg": 47.61904761904762,
    "median": 44,
    "standardDeviation": 12.202560974281822,
    "percentile25": 38,
    "percentile75": 56,
    "qArr": [
      33,
      36,
      42,
      44,
      55,
      59,
      67
    ],
    "skewness": 0.2219910388180989,
    "badValue": 0
  },
  "playerDEF": {
    "total": 1036,
    "min": 27,
    "max": 89,
    "avg": 49.333333333333336,
    "median": 47,
    "standardDeviation": 17.277382223818993,
    "percentile25": 33,
    "percentile75": 63,
    "qArr": [
      27,
      31,
      42,
      47,
      52,
      67,
      74
    ],
    "skewness": 0.638816374543149,
    "badValue": 0
  },
  "playerCRE": {
    "total": 1125,
    "min": 40,
    "max": 72,
    "avg": 53.57142857142857,
    "median": 52,
    "standardDeviation": 9.378655749811344,
    "percentile25": 47,
    "percentile75": 61,
    "qArr": [
      41,
      47,
      48,
      52,
      57,
      61,
      71
    ],
    "skewness": 0.43755256748826765,
    "badValue": 0
  },
  "playerTOT": {
    "total": 5456,
    "min": 212,
    "max": 363,
    "avg": 259.8095238095238,
    "median": 260,
    "standardDeviation": 29.562877377225337,
    "percentile25": 241,
    "percentile75": 270,
    "qArr": [
      234,
      237,
      246,
      260,
      267,
      270,
      289
    ],
    "skewness": 2.0357770266562274,
    "badValue": 0
  },
  "playerRating": {
    "total": 143.6,
    "min": 6.1,
    "max": 8,
    "avg": 6.838095238095238,
    "median": 6.8,
    "standardDeviation": 0.4466554978804672,
    "percentile25": 6.5,
    "percentile75": 7,
    "qArr": [
      6.2,
      6.5,
      6.6,
      6.8,
      7,
      7.3,
      7.5
    ],
    "skewness": 0.7826894611116337,
    "badValue": 0
  },
  "playerNumber": 32,
  "noATTR": 11,
  "noRating": 11
}