{
  "playerValue": {
    "total": 7426150974,
    "min": 23000,
    "max": 191000000,
    "avg": 4016306.6381828017,
    "median": 1200000,
    "standardDeviation": 11877761.713912733,
    "percentile25": 375000,
    "percentile75": 2900000,
    "qArr": [
      97000,
      305000,
      620000,
      1200000,
      2100000,
      3700000,
      15500000
    ],
    "skewness": 9.070338552783548,
    "badValue": 179
  },
  "playerAge": {
    "total": 51620,
    "min": 16,
    "max": 42,
    "avg": 25.939698492462313,
    "median": 25,
    "standardDeviation": 4.670702217608826,
    "percentile25": 22,
    "percentile75": 29,
    "qArr": [
      19,
      22,
      24,
      25,
      27,
      30,
      34
    ],
    "skewness": 0.43679197631592537,
    "badValue": 38
  },
  "playerATT": {
    "total": 68389,
    "min": 31,
    "max": 92,
    "avg": 51.575414781297134,
    "median": 52,
    "standardDeviation": 11.52228997665337,
    "percentile25": 41,
    "percentile75": 60,
    "qArr": [
      35,
      39,
      46,
      52,
      57,
      62,
      69
    ],
    "skewness": 0.2488738361783786,
    "badValue": 0
  },
  "playerTEC": {
    "total": 66470,
    "min": 18,
    "max": 86,
    "avg": 50.12820512820513,
    "median": 49,
    "standardDeviation": 7.540949302725681,
    "percentile25": 45,
    "percentile75": 54,
    "qArr": [
      40,
      44,
      47,
      49,
      52,
      56,
      64
    ],
    "skewness": 0.7669274149721651,
    "badValue": 0
  },
  "playerTAC": {
    "total": 62675,
    "min": 11,
    "max": 82,
    "avg": 47.26621417797888,
    "median": 47,
    "standardDeviation": 10.068731611071312,
    "percentile25": 40,
    "percentile75": 54,
    "qArr": [
      32,
      39,
      43,
      47,
      50,
      55,
      65
    ],
    "skewness": 0.344943297437759,
    "badValue": 0
  },
  "playerDEF": {
    "total": 66770,
    "min": 16,
    "max": 89,
    "avg": 50.35444947209653,
    "median": 51,
    "standardDeviation": 15.926523613467639,
    "percentile25": 36,
    "percentile75": 64,
    "qArr": [
      27,
      34,
      41,
      51,
      58,
      66,
      75
    ],
    "skewness": 0.06716871183822531,
    "badValue": 0
  },
  "playerCRE": {
    "total": 66704,
    "min": 30,
    "max": 87,
    "avg": 50.30467571644042,
    "median": 49,
    "standardDeviation": 9.897320165755335,
    "percentile25": 43,
    "percentile75": 57,
    "qArr": [
      37,
      41,
      45,
      49,
      53,
      58,
      68
    ],
    "skewness": 0.6555404330097262,
    "badValue": 0
  },
  "playerTOT": {
    "total": 331008,
    "min": 156,
    "max": 400,
    "avg": 249.6289592760181,
    "median": 246,
    "standardDeviation": 26.539441719640532,
    "percentile25": 232,
    "percentile75": 262,
    "qArr": [
      214,
      229,
      238,
      246,
      255,
      267,
      297
    ],
    "skewness": 1.3594173361315156,
    "badValue": 0
  },
  "playerRating": {
    "total": 9141.800000000003,
    "min": 3.6,
    "max": 9.6,
    "avg": 6.904682779456196,
    "median": 6.8,
    "standardDeviation": 0.5092990019519464,
    "percentile25": 6.6,
    "percentile75": 7.2,
    "qArr": [
      6.2,
      6.5,
      6.7,
      6.8,
      7,
      7.3,
      7.9
    ],
    "skewness": 0.6448500318892566,
    "badValue": 0
  },
  "playerNumber": 2028,
  "noATTR": 702,
  "noRating": 704
}