{
  "playerValue": {
    "total": 6699303978,
    "min": 46000,
    "max": 191000000,
    "avg": 5750475.517596566,
    "median": 1900000,
    "standardDeviation": 14649322.03954077,
    "percentile25": 725000,
    "percentile75": 4300000,
    "skewness": 7.329378638114374,
    "kurtosis": 70.23952965474624,
    "outliers": [
      9700000,
      9700000,
      9700000,
      9700000,
      9700000,
      9700000,
      9700000,
      10300000,
      10300000,
      10300000,
      10400000,
      10400000,
      10700000,
      10800000,
      10800000,
      10800000,
      11000000,
      11000000,
      11100000,
      11300000,
      11300000,
      11400000,
      11500000,
      11600000,
      11600000,
      11600000,
      11600000,
      11600000,
      12300000,
      12400000,
      12400000,
      12400000,
      12400000,
      12400000,
      12400000,
      12400000,
      12400000,
      12700000,
      12700000,
      12800000,
      13000000,
      13400000,
      13500000,
      13600000,
      13600000,
      13700000,
      13700000,
      13700000,
      13800000,
      13800000,
      13900000,
      14000000,
      14100000,
      14400000,
      14600000,
      14700000,
      14800000,
      14900000,
      15000000,
      15500000,
      15500000,
      15500000,
      15500000,
      15500000,
      15500000,
      15500000,
      15500000,
      15600000,
      15600000,
      15700000,
      16100000,
      16200000,
      16300000,
      16300000,
      16500000,
      16600000,
      16800000,
      17300000,
      17500000,
      17500000,
      18100000,
      18500000,
      18500000,
      19100000,
      19400000,
      19500000,
      19700000,
      20000000,
      21000000,
      21000000,
      21000000,
      21000000,
      21000000,
      23000000,
      23000000,
      23000000,
      23000000,
      23000000,
      23000000,
      23000000,
      24000000,
      24000000,
      24000000,
      26000000,
      26000000,
      26000000,
      27000000,
      27000000,
      27000000,
      27000000,
      27000000,
      27000000,
      27000000,
      27000000,
      28000000,
      29000000,
      29000000,
      29000000,
      29000000,
      30000000,
      31000000,
      31000000,
      31000000,
      31000000,
      31000000,
      31000000,
      32000000,
      34000000,
      36000000,
      38000000,
      39000000,
      39000000,
      42000000,
      43000000,
      43000000,
      44000000,
      45000000,
      47000000,
      48000000,
      48000000,
      52000000,
      52000000,
      52000000,
      63000000,
      63000000,
      65000000,
      76000000,
      76000000,
      88000000,
      93000000,
      95000000,
      104000000,
      116000000,
      117000000,
      129000000,
      170000000,
      187000000,
      191000000
    ],
    "badValue": 129
  },
  "playerAge": {
    "total": 32402,
    "min": 16,
    "max": 40,
    "avg": 25.513385826771653,
    "median": 25,
    "standardDeviation": 4.523888686864187,
    "percentile25": 22,
    "percentile75": 29,
    "skewness": 0.3359603861283942,
    "kurtosis": -0.48213411111974525,
    "outliers": [
      40
    ],
    "badValue": 24
  },
  "playerATT": {
    "total": 46065,
    "min": 31,
    "max": 92,
    "avg": 52.58561643835616,
    "median": 53,
    "standardDeviation": 11.906627733356505,
    "percentile25": 42,
    "percentile75": 61,
    "skewness": 0.27318166999738924,
    "kurtosis": -0.4345612801008363,
    "outliers": [
      92
    ],
    "badValue": 0
  },
  "playerTEC": {
    "total": 44253,
    "min": 22,
    "max": 86,
    "avg": 50.51712328767123,
    "median": 49,
    "standardDeviation": 7.8954890848452015,
    "percentile25": 45,
    "percentile75": 54,
    "skewness": 0.8489139045756722,
    "kurtosis": 1.895351245344505,
    "outliers": [
      22,
      26,
      28,
      31,
      68,
      68,
      68,
      68,
      68,
      68,
      69,
      69,
      70,
      70,
      70,
      71,
      71,
      72,
      72,
      72,
      74,
      75,
      76,
      77,
      77,
      77,
      78,
      80,
      80,
      83,
      86,
      86
    ],
    "badValue": 0
  },
  "playerTAC": {
    "total": 41969,
    "min": 11,
    "max": 82,
    "avg": 47.90981735159817,
    "median": 47,
    "standardDeviation": 10.81115796278641,
    "percentile25": 40,
    "percentile75": 55,
    "skewness": 0.3851452364649521,
    "kurtosis": 0.09872182569875454,
    "outliers": [
      11,
      78,
      79,
      80,
      82
    ],
    "badValue": 0
  },
  "playerDEF": {
    "total": 44094,
    "min": 16,
    "max": 89,
    "avg": 50.33561643835616,
    "median": 51,
    "standardDeviation": 16.639726929587393,
    "percentile25": 35,
    "percentile75": 64,
    "skewness": 0.06607284733894729,
    "kurtosis": -1.0539769848198932,
    "outliers": [],
    "badValue": 0
  },
  "playerCRE": {
    "total": 45353,
    "min": 30,
    "max": 87,
    "avg": 51.77283105022831,
    "median": 51,
    "standardDeviation": 10.409854030433191,
    "percentile25": 43,
    "percentile75": 58,
    "skewness": 0.5833951518690548,
    "kurtosis": 0.10070625766509167,
    "outliers": [
      81,
      81,
      83,
      83,
      84,
      86,
      87,
      87
    ],
    "badValue": 0
  },
  "playerTOT": {
    "total": 221734,
    "min": 192,
    "max": 400,
    "avg": 253.12100456621005,
    "median": 249,
    "standardDeviation": 29.2842153142398,
    "percentile25": 233,
    "percentile75": 267,
    "skewness": 1.280319555852844,
    "kurtosis": 2.9813358710441826,
    "outliers": [
      320,
      322,
      323,
      324,
      324,
      326,
      328,
      329,
      333,
      333,
      334,
      338,
      342,
      342,
      343,
      346,
      350,
      351,
      351,
      355,
      357,
      358,
      363,
      368,
      369,
      369,
      375,
      376,
      385,
      400
    ],
    "badValue": 0
  },
  "playerRating": {
    "total": 6034.200000000003,
    "min": 4.6,
    "max": 9.2,
    "avg": 6.904118993135015,
    "median": 6.8,
    "standardDeviation": 0.4951487440626437,
    "percentile25": 6.6,
    "percentile75": 7.2,
    "skewness": 0.7587321663378427,
    "kurtosis": 1.984365765254426,
    "outliers": [
      4.6,
      5.5,
      8.2,
      8.2,
      8.2,
      8.2,
      8.2,
      8.2,
      8.3,
      8.3,
      8.3,
      8.4,
      8.4,
      8.5,
      8.5,
      8.5,
      8.6,
      8.8,
      8.9,
      9,
      9.2
    ],
    "badValue": 0
  },
  "playerNumber": 1294,
  "noATTR": 418,
  "noRating": 420
}