{
  "playerValue": {
    "total": 30806999,
    "min": 93000,
    "max": 4099999,
    "avg": 1540349.95,
    "median": 1400000,
    "standardDeviation": 966461.7796555886,
    "percentile25": 540000,
    "percentile75": 2100000,
    "skewness": 0.6215431091048511,
    "kurtosis": 1.3773850151993017,
    "outliers": [],
    "badValue": 2
  },
  "playerAge": {
    "total": 561,
    "min": 18,
    "max": 32,
    "avg": 25.5,
    "median": 26,
    "standardDeviation": 3.2994489898108195,
    "percentile25": 23,
    "percentile75": 27,
    "skewness": -0.004374922758668131,
    "kurtosis": 0.6844018865771391,
    "outliers": [],
    "badValue": 0
  },
  "playerATT": {
    "total": 801,
    "min": 33,
    "max": 65,
    "avg": 50.0625,
    "median": 49,
    "standardDeviation": 11.210869446657561,
    "percentile25": 40,
    "percentile75": 63,
    "skewness": 0.01438053827898243,
    "kurtosis": -1.1648138339222722,
    "outliers": [],
    "badValue": 0
  },
  "playerTEC": {
    "total": 797,
    "min": 41,
    "max": 59,
    "avg": 49.8125,
    "median": 49.5,
    "standardDeviation": 4.475192034985762,
    "percentile25": 47,
    "percentile75": 52,
    "skewness": -0.0736590978337884,
    "kurtosis": 0.9941035613819782,
    "outliers": [],
    "badValue": 0
  },
  "playerTAC": {
    "total": 784,
    "min": 35,
    "max": 63,
    "avg": 49,
    "median": 48,
    "standardDeviation": 7.615773105863909,
    "percentile25": 42,
    "percentile75": 52,
    "skewness": 0.2990940618440184,
    "kurtosis": 0.3145858105430035,
    "outliers": [],
    "badValue": 0
  },
  "playerDEF": {
    "total": 841,
    "min": 30,
    "max": 75,
    "avg": 52.5625,
    "median": 53,
    "standardDeviation": 15.004035915379568,
    "percentile25": 35,
    "percentile75": 66,
    "skewness": -0.14535829904476355,
    "kurtosis": -0.9605992535852246,
    "outliers": [],
    "badValue": 0
  },
  "playerCRE": {
    "total": 762,
    "min": 30,
    "max": 67,
    "avg": 47.625,
    "median": 45.5,
    "standardDeviation": 9.771610665596537,
    "percentile25": 40,
    "percentile75": 51,
    "skewness": 0.2369376916602802,
    "kurtosis": 0.2078233692369973,
    "outliers": [],
    "badValue": 0
  },
  "playerTOT": {
    "total": 3985,
    "min": 220,
    "max": 305,
    "avg": 249.0625,
    "median": 250,
    "standardDeviation": 20.580539199690566,
    "percentile25": 231,
    "percentile75": 259,
    "skewness": 1.1095419221121645,
    "kurtosis": 2.735674393769175,
    "outliers": [
      305
    ],
    "badValue": 0
  },
  "playerRating": {
    "total": 112.51,
    "min": 6,
    "max": 8.4,
    "avg": 7.031875,
    "median": 7.1,
    "standardDeviation": 0.5259422348271718,
    "percentile25": 6.61,
    "percentile75": 7.2,
    "skewness": 0.7415353572859075,
    "kurtosis": 2.746260213407158,
    "outliers": [
      8.4
    ],
    "badValue": 0
  },
  "playerNumber": 22,
  "noATTR": 6,
  "noRating": 6
}