{
  "playerValue": {
    "total": 89319997,
    "min": 370000,
    "max": 13700000,
    "avg": 3572799.88,
    "median": 2600000,
    "standardDeviation": 2868592.983584828,
    "percentile25": 1700000,
    "percentile75": 4500000,
    "qArr": [
      575000,
      1200000,
      2100000,
      2600000,
      4099999,
      4700000,
      8199999
    ],
    "skewness": 2.052937432848814,
    "badValue": 1
  },
  "playerAge": {
    "total": 687,
    "min": 22,
    "max": 33,
    "avg": 27.48,
    "median": 27,
    "standardDeviation": 3.764252913925949,
    "percentile25": 24,
    "percentile75": 31,
    "qArr": [
      22,
      23,
      25,
      27,
      30,
      31,
      33
    ],
    "skewness": 0.05869871433742353,
    "badValue": 1
  },
  "playerATT": {
    "total": 1193,
    "min": 35,
    "max": 78,
    "avg": 54.22727272727273,
    "median": 53.5,
    "standardDeviation": 12.376413851948824,
    "percentile25": 43,
    "percentile75": 67,
    "qArr": [
      36,
      40,
      50,
      53,
      58,
      67,
      73
    ],
    "skewness": 0.20687260631039417,
    "badValue": 0
  },
  "playerTEC": {
    "total": 1118,
    "min": 37,
    "max": 68,
    "avg": 50.81818181818182,
    "median": 48,
    "standardDeviation": 8.424187922213056,
    "percentile25": 45,
    "percentile75": 57,
    "qArr": [
      40,
      44,
      47,
      48,
      53,
      58,
      65
    ],
    "skewness": 0.5600258178712663,
    "badValue": 0
  },
  "playerTAC": {
    "total": 1046,
    "min": 29,
    "max": 71,
    "avg": 47.54545454545455,
    "median": 46,
    "standardDeviation": 9.95776203739517,
    "percentile25": 41,
    "percentile75": 55,
    "qArr": [
      35,
      39,
      42,
      46,
      52,
      57,
      62
    ],
    "skewness": 0.47728205795277806,
    "badValue": 0
  },
  "playerDEF": {
    "total": 1040,
    "min": 22,
    "max": 87,
    "avg": 47.27272727272727,
    "median": 45.5,
    "standardDeviation": 16.47637928612246,
    "percentile25": 33,
    "percentile75": 57,
    "qArr": [
      24,
      32,
      40,
      45,
      55,
      60,
      78
    ],
    "skewness": 0.6289783772144235,
    "badValue": 0
  },
  "playerCRE": {
    "total": 1168,
    "min": 34,
    "max": 73,
    "avg": 53.09090909090909,
    "median": 49,
    "standardDeviation": 10.612638652736356,
    "percentile25": 45,
    "percentile75": 61,
    "qArr": [
      40,
      45,
      47,
      49,
      59,
      62,
      73
    ],
    "skewness": 0.36645831602797274,
    "badValue": 0
  },
  "playerTOT": {
    "total": 5565,
    "min": 199,
    "max": 350,
    "avg": 252.95454545454547,
    "median": 247.5,
    "standardDeviation": 31.002166013371728,
    "percentile25": 233,
    "percentile75": 273,
    "qArr": [
      218,
      232,
      239,
      247,
      256,
      277,
      293
    ],
    "skewness": 1.3654276777828944,
    "badValue": 0
  },
  "playerRating": {
    "total": 145.9,
    "min": 6.1,
    "max": 7.2,
    "avg": 6.631818181818182,
    "median": 6.6,
    "standardDeviation": 0.3153444921991354,
    "percentile25": 6.3,
    "percentile75": 6.9,
    "qArr": [
      6.2,
      6.3,
      6.5,
      6.6,
      6.7,
      7,
      7.1
    ],
    "skewness": 0.22293481934796253,
    "badValue": 0
  },
  "playerNumber": 26,
  "noATTR": 4,
  "noRating": 4
}