{
  "playerValue": {
    "total": 154469999,
    "min": 450000,
    "max": 23000000,
    "avg": 5941153.807692308,
    "median": 3949999.5,
    "standardDeviation": 5057047.13576443,
    "percentile25": 2400000,
    "percentile75": 8300000,
    "qArr": [
      620000,
      2400000,
      2900000,
      3800000,
      7200000,
      9500000,
      14700000
    ],
    "skewness": 1.7879480305022295,
    "badValue": 1
  },
  "playerAge": {
    "total": 762,
    "min": 19,
    "max": 37,
    "avg": 28.22222222222222,
    "median": 29,
    "standardDeviation": 4.184037863058384,
    "percentile25": 24,
    "percentile75": 31,
    "qArr": [
      23,
      23,
      27,
      29,
      31,
      32,
      33
    ],
    "skewness": -0.26393493658064227,
    "badValue": 0
  },
  "playerATT": {
    "total": 1188,
    "min": 37,
    "max": 73,
    "avg": 56.57142857142857,
    "median": 57,
    "standardDeviation": 10.106911489864032,
    "percentile25": 51,
    "percentile75": 62,
    "qArr": [
      39,
      50,
      54,
      57,
      59,
      68,
      73
    ],
    "skewness": -0.16236654615568782,
    "badValue": 0
  },
  "playerTEC": {
    "total": 1152,
    "min": 40,
    "max": 80,
    "avg": 54.857142857142854,
    "median": 55,
    "standardDeviation": 8.800896676641829,
    "percentile25": 50,
    "percentile75": 60,
    "qArr": [
      42,
      47,
      52,
      55,
      59,
      61,
      63
    ],
    "skewness": 0.7528201692256281,
    "badValue": 0
  },
  "playerTAC": {
    "total": 984,
    "min": 29,
    "max": 65,
    "avg": 46.857142857142854,
    "median": 44,
    "standardDeviation": 10.338488948656694,
    "percentile25": 40,
    "percentile75": 55,
    "qArr": [
      35,
      37,
      42,
      44,
      49,
      58,
      63
    ],
    "skewness": 0.3666307802557104,
    "badValue": 0
  },
  "playerDEF": {
    "total": 958,
    "min": 24,
    "max": 81,
    "avg": 45.61904761904762,
    "median": 41,
    "standardDeviation": 16.657548526193594,
    "percentile25": 32,
    "percentile75": 58,
    "qArr": [
      25,
      32,
      33,
      41,
      51,
      58,
      74
    ],
    "skewness": 0.7555347953488288,
    "badValue": 0
  },
  "playerCRE": {
    "total": 1216,
    "min": 43,
    "max": 87,
    "avg": 57.904761904761905,
    "median": 58,
    "standardDeviation": 9.884594853584092,
    "percentile25": 51,
    "percentile75": 63,
    "qArr": [
      44,
      51,
      53,
      58,
      62,
      63,
      74
    ],
    "skewness": 1.1835833429893308,
    "badValue": 0
  },
  "playerTOT": {
    "total": 5498,
    "min": 212,
    "max": 342,
    "avg": 261.8095238095238,
    "median": 266,
    "standardDeviation": 32.19082840044002,
    "percentile25": 232,
    "percentile75": 279,
    "qArr": [
      215,
      232,
      247,
      266,
      275,
      280,
      317
    ],
    "skewness": 0.5505406164178596,
    "badValue": 0
  },
  "playerRating": {
    "total": 142.5,
    "min": 6.3,
    "max": 8.1,
    "avg": 6.785714285714286,
    "median": 6.6,
    "standardDeviation": 0.4432410010750513,
    "percentile25": 6.5,
    "percentile75": 6.9,
    "qArr": [
      6.3,
      6.4,
      6.6,
      6.6,
      6.9,
      7.1,
      7.5
    ],
    "skewness": 1.412593444075723,
    "badValue": 0
  },
  "playerNumber": 27,
  "noATTR": 6,
  "noRating": 6
}