{
  "playerValue": {
    "total": 1368990000,
    "min": 270000,
    "max": 191000000,
    "avg": 50703333.333333336,
    "median": 23000000,
    "standardDeviation": 58634883.751846835,
    "percentile25": 6300000,
    "percentile75": 95000000,
    "skewness": 1.3708290978167108,
    "kurtosis": 0.8674322638878307,
    "outliers": [],
    "badValue": 3
  },
  "playerAge": {
    "total": 755,
    "min": 18,
    "max": 39,
    "avg": 25.166666666666668,
    "median": 24.5,
    "standardDeviation": 4.919914181726705,
    "percentile25": 21,
    "percentile75": 28,
    "skewness": 0.9238148260077907,
    "kurtosis": 0.7208669308914,
    "outliers": [
      39
    ],
    "badValue": 0
  },
  "playerATT": {
    "total": 1361,
    "min": 39,
    "max": 92,
    "avg": 61.86363636363637,
    "median": 63.5,
    "standardDeviation": 15.442843163053805,
    "percentile25": 46,
    "percentile75": 76,
    "skewness": 0.12640544148300975,
    "kurtosis": -0.7775136555697726,
    "outliers": [],
    "badValue": 0
  },
  "playerTEC": {
    "total": 1334,
    "min": 40,
    "max": 86,
    "avg": 60.63636363636363,
    "median": 59.5,
    "standardDeviation": 12.531942657739043,
    "percentile25": 49,
    "percentile75": 68,
    "skewness": 0.6762808595247216,
    "kurtosis": 0.17703849141194183,
    "outliers": [],
    "badValue": 0
  },
  "playerTAC": {
    "total": 1338,
    "min": 46,
    "max": 80,
    "avg": 60.81818181818182,
    "median": 59.5,
    "standardDeviation": 10.151741291013549,
    "percentile25": 52,
    "percentile75": 69,
    "skewness": 0.32367461198677255,
    "kurtosis": -0.8890521924998618,
    "outliers": [],
    "badValue": 0
  },
  "playerDEF": {
    "total": 1140,
    "min": 22,
    "max": 86,
    "avg": 51.81818181818182,
    "median": 54,
    "standardDeviation": 19.664542071353534,
    "percentile25": 32,
    "percentile75": 69,
    "skewness": 0.09934849805614528,
    "kurtosis": -1.2156937710914573,
    "outliers": [],
    "badValue": 0
  },
  "playerCRE": {
    "total": 1397,
    "min": 44,
    "max": 80,
    "avg": 63.5,
    "median": 65,
    "standardDeviation": 11.888688283023871,
    "percentile25": 53,
    "percentile75": 74,
    "skewness": -0.2958893266161506,
    "kurtosis": -1.059734237877406,
    "outliers": [],
    "badValue": 0
  },
  "playerTOT": {
    "total": 6570,
    "min": 217,
    "max": 375,
    "avg": 298.6363636363636,
    "median": 299.5,
    "standardDeviation": 36.24605991696384,
    "percentile25": 275,
    "percentile75": 316,
    "skewness": 0.05145307051108509,
    "kurtosis": 0.5682374954633005,
    "outliers": [],
    "badValue": 0
  },
  "playerRating": {
    "total": 162,
    "min": 6.5,
    "max": 9,
    "avg": 7.363636363636363,
    "median": 7.25,
    "standardDeviation": 0.6248966856757964,
    "percentile25": 6.9,
    "percentile75": 7.6,
    "skewness": 1.0677661647274945,
    "kurtosis": 1.1720167696473114,
    "outliers": [
      9
    ],
    "badValue": 0
  },
  "playerNumber": 30,
  "noATTR": 8,
  "noRating": 8
}