{
  "playerValue": {
    "total": 59545000,
    "min": 155000,
    "max": 8700000,
    "avg": 2205370.3703703703,
    "median": 2200000,
    "standardDeviation": 1650131.2663418998,
    "percentile25": 970000,
    "percentile75": 2900000,
    "skewness": 2.2809932712244456,
    "kurtosis": 8.788502431432633,
    "outliers": [
      8700000
    ],
    "badValue": 2
  },
  "playerAge": {
    "total": 812,
    "min": 19,
    "max": 36,
    "avg": 28,
    "median": 28,
    "standardDeviation": 4.339076653724447,
    "percentile25": 26,
    "percentile75": 32,
    "skewness": -0.18594282340471832,
    "kurtosis": -0.4503522720978328,
    "outliers": [],
    "badValue": 0
  },
  "playerATT": {
    "total": 1209,
    "min": 35,
    "max": 70,
    "avg": 54.95454545454545,
    "median": 57,
    "standardDeviation": 10.257933837355855,
    "percentile25": 47,
    "percentile75": 63,
    "skewness": -0.3702368757513738,
    "kurtosis": -0.6621684584700698,
    "outliers": [],
    "badValue": 0
  },
  "playerTEC": {
    "total": 1137,
    "min": 38,
    "max": 61,
    "avg": 51.68181818181818,
    "median": 52,
    "standardDeviation": 6.145111609581626,
    "percentile25": 47,
    "percentile75": 57,
    "skewness": -0.42510791213214394,
    "kurtosis": -0.08120568815775275,
    "outliers": [],
    "badValue": 0
  },
  "playerTAC": {
    "total": 1047,
    "min": 29,
    "max": 75,
    "avg": 47.59090909090909,
    "median": 46,
    "standardDeviation": 13.486218861250684,
    "percentile25": 37,
    "percentile75": 56,
    "skewness": 0.6765573358991438,
    "kurtosis": -0.22728256993131746,
    "outliers": [],
    "badValue": 0
  },
  "playerDEF": {
    "total": 1003,
    "min": 18,
    "max": 78,
    "avg": 45.59090909090909,
    "median": 42.5,
    "standardDeviation": 19.83719896582976,
    "percentile25": 30,
    "percentile75": 65,
    "skewness": 0.2217798877273995,
    "kurtosis": -1.2273008776898542,
    "outliers": [],
    "badValue": 0
  },
  "playerCRE": {
    "total": 1259,
    "min": 38,
    "max": 76,
    "avg": 57.22727272727273,
    "median": 57,
    "standardDeviation": 9.219208298595523,
    "percentile25": 51,
    "percentile75": 63,
    "skewness": 0.11804363029876644,
    "kurtosis": 0.1400903826463078,
    "outliers": [],
    "badValue": 0
  },
  "playerTOT": {
    "total": 5655,
    "min": 215,
    "max": 289,
    "avg": 257.04545454545456,
    "median": 263,
    "standardDeviation": 20.27644686626977,
    "percentile25": 244,
    "percentile75": 270,
    "skewness": -0.5755912544022879,
    "kurtosis": -0.13838000630678504,
    "outliers": [],
    "badValue": 0
  },
  "playerRating": {
    "total": 153.2,
    "min": 6.3,
    "max": 8.5,
    "avg": 6.963636363636363,
    "median": 6.95,
    "standardDeviation": 0.472464962188592,
    "percentile25": 6.7,
    "percentile75": 7.1,
    "skewness": 1.603632409839683,
    "kurtosis": 4.544596822317301,
    "outliers": [
      8.5
    ],
    "badValue": 0
  },
  "playerNumber": 29,
  "noATTR": 7,
  "noRating": 7
}