{
  "playerValue": {
    "total": 186012999,
    "min": 48000,
    "max": 18500000,
    "avg": 5812906.21875,
    "median": 3750000,
    "standardDeviation": 5095484.067242053,
    "percentile25": 1400000,
    "percentile75": 8700000,
    "qArr": [
      145000,
      830000,
      3200000,
      3600000,
      6200000,
      11000000,
      15500000
    ],
    "skewness": 0.895487252492438,
    "badValue": 2
  },
  "playerAge": {
    "total": 873,
    "min": 19,
    "max": 39,
    "avg": 25.676470588235293,
    "median": 25.5,
    "standardDeviation": 4.956994987687447,
    "percentile25": 22,
    "percentile75": 30,
    "qArr": [
      19,
      21,
      22,
      25,
      27,
      30,
      34
    ],
    "skewness": 0.6907206180173471,
    "badValue": 0
  },
  "playerATT": {
    "total": 1221,
    "min": 40,
    "max": 77,
    "avg": 55.5,
    "median": 52.5,
    "standardDeviation": 11.264384742912666,
    "percentile25": 46,
    "percentile75": 66,
    "qArr": [
      41,
      43,
      48,
      52,
      64,
      67,
      73
    ],
    "skewness": 0.33126179419159946,
    "badValue": 0
  },
  "playerTEC": {
    "total": 1159,
    "min": 37,
    "max": 78,
    "avg": 52.68181818181818,
    "median": 51.5,
    "standardDeviation": 9.96533247010201,
    "percentile25": 45,
    "percentile75": 57,
    "qArr": [
      39,
      44,
      48,
      51,
      56,
      59,
      72
    ],
    "skewness": 0.83857168226932,
    "badValue": 0
  },
  "playerTAC": {
    "total": 1084,
    "min": 34,
    "max": 77,
    "avg": 49.27272727272727,
    "median": 46,
    "standardDeviation": 11.48588785574327,
    "percentile25": 41,
    "percentile75": 59,
    "qArr": [
      34,
      41,
      42,
      46,
      52,
      61,
      70
    ],
    "skewness": 0.8238657159109946,
    "badValue": 0
  },
  "playerDEF": {
    "total": 1151,
    "min": 23,
    "max": 88,
    "avg": 52.31818181818182,
    "median": 57,
    "standardDeviation": 18.16436662468673,
    "percentile25": 35,
    "percentile75": 63,
    "qArr": [
      24,
      32,
      45,
      56,
      59,
      67,
      78
    ],
    "skewness": -0.06957528420701224,
    "badValue": 0
  },
  "playerCRE": {
    "total": 1285,
    "min": 38,
    "max": 81,
    "avg": 58.40909090909091,
    "median": 59.5,
    "standardDeviation": 10.735070355483941,
    "percentile25": 54,
    "percentile75": 66,
    "qArr": [
      41,
      50,
      54,
      59,
      63,
      67,
      77
    ],
    "skewness": -0.027268852655481395,
    "badValue": 0
  },
  "playerTOT": {
    "total": 5900,
    "min": 216,
    "max": 358,
    "avg": 268.1818181818182,
    "median": 263.5,
    "standardDeviation": 30.462549830057895,
    "percentile25": 251,
    "percentile75": 281,
    "qArr": [
      231,
      247,
      253,
      263,
      279,
      283,
      323
    ],
    "skewness": 1.1591573642818702,
    "badValue": 0
  },
  "playerRating": {
    "total": 151.79,
    "min": 6.5,
    "max": 7.7,
    "avg": 6.899545454545454,
    "median": 6.9,
    "standardDeviation": 0.3436498915086172,
    "percentile25": 6.6,
    "percentile75": 7.1,
    "qArr": [
      6.5,
      6.6,
      6.6,
      6.9,
      7,
      7.2,
      7.6
    ],
    "skewness": 0.7941303777958831,
    "badValue": 0
  },
  "playerNumber": 34,
  "noATTR": 12,
  "noRating": 12
}