{
  "playerValue": {
    "total": 254234998,
    "min": 49000,
    "max": 47000000,
    "avg": 8201128.9677419355,
    "median": 2700000,
    "standardDeviation": 10878925.30521281,
    "percentile25": 540000,
    "percentile75": 15000000,
    "qArr": [
      94000,
      465000,
      1500000,
      2700000,
      7400000,
      15500000,
      29000000
    ],
    "skewness": 2.011548868006242,
    "badValue": 1
  },
  "playerAge": {
    "total": 764,
    "min": 17,
    "max": 34,
    "avg": 23.875,
    "median": 23.5,
    "standardDeviation": 3.990222424878092,
    "percentile25": 21,
    "percentile75": 26,
    "qArr": [
      19,
      21,
      22,
      23,
      25,
      27,
      31
    ],
    "skewness": 0.676521518732341,
    "badValue": 0
  },
  "playerATT": {
    "total": 1111,
    "min": 34,
    "max": 87,
    "avg": 55.55,
    "median": 57,
    "standardDeviation": 14.080039062445815,
    "percentile25": 41,
    "percentile75": 62,
    "qArr": [
      34,
      39,
      50,
      56,
      61,
      63,
      75
    ],
    "skewness": 0.26509598586295735,
    "badValue": 0
  },
  "playerTEC": {
    "total": 1007,
    "min": 41,
    "max": 65,
    "avg": 50.35,
    "median": 50.5,
    "standardDeviation": 6.166644144103014,
    "percentile25": 44,
    "percentile75": 53,
    "qArr": [
      41,
      44,
      47,
      49,
      52,
      54,
      61
    ],
    "skewness": 0.59839746603023,
    "badValue": 0
  },
  "playerTAC": {
    "total": 1003,
    "min": 20,
    "max": 71,
    "avg": 50.15,
    "median": 50,
    "standardDeviation": 14.008122643666425,
    "percentile25": 37,
    "percentile75": 63,
    "qArr": [
      20,
      36,
      42,
      50,
      58,
      65,
      67
    ],
    "skewness": -0.3863728414671497,
    "badValue": 0
  },
  "playerDEF": {
    "total": 1043,
    "min": 20,
    "max": 81,
    "avg": 52.15,
    "median": 55.5,
    "standardDeviation": 20.613769669810516,
    "percentile25": 30,
    "percentile75": 71,
    "qArr": [
      20,
      30,
      37,
      48,
      66,
      72,
      78
    ],
    "skewness": -0.12689797427604457,
    "badValue": 0
  },
  "playerCRE": {
    "total": 1089,
    "min": 35,
    "max": 75,
    "avg": 54.45,
    "median": 56.5,
    "standardDeviation": 11.689632158455629,
    "percentile25": 44,
    "percentile75": 65,
    "qArr": [
      35,
      41,
      46,
      55,
      60,
      65,
      69
    ],
    "skewness": -0.14183883672262676,
    "badValue": 0
  },
  "playerTOT": {
    "total": 5253,
    "min": 212,
    "max": 351,
    "avg": 262.65,
    "median": 257,
    "standardDeviation": 37.493032686087155,
    "percentile25": 232,
    "percentile75": 274,
    "qArr": [
      212,
      232,
      239,
      253,
      267,
      284,
      329
    ],
    "skewness": 0.9358149174653544,
    "badValue": 0
  },
  "playerRating": {
    "total": 134.7,
    "min": 6.2,
    "max": 7.6,
    "avg": 6.734999999999999,
    "median": 6.6,
    "standardDeviation": 0.3785168424258027,
    "percentile25": 6.5,
    "percentile75": 7,
    "qArr": [
      6.2,
      6.4,
      6.5,
      6.5,
      6.8,
      7,
      7.5
    ],
    "skewness": 0.9632268535495621,
    "badValue": 0
  },
  "playerNumber": 32,
  "noATTR": 12,
  "noRating": 12
}