{
  "playerValue": {
    "total": 42720000,
    "min": 110000,
    "max": 4400000,
    "avg": 1473103.448275862,
    "median": 1400000,
    "standardDeviation": 1105823.4673864504,
    "percentile25": 580000,
    "percentile75": 2000000,
    "qArr": [
      145000,
      330000,
      970000,
      1400000,
      1800000,
      2100000,
      4300000
    ],
    "skewness": 1.111243036341726,
    "badValue": 2
  },
  "playerAge": {
    "total": 731,
    "min": 17,
    "max": 32,
    "avg": 25.20689655172414,
    "median": 26,
    "standardDeviation": 4.054621121334805,
    "percentile25": 21,
    "percentile75": 28,
    "qArr": [
      20,
      21,
      22,
      26,
      28,
      29,
      32
    ],
    "skewness": -0.0634033628902096,
    "badValue": 2
  },
  "playerATT": {
    "total": 921,
    "min": 34,
    "max": 67,
    "avg": 51.166666666666664,
    "median": 54,
    "standardDeviation": 9.855906294648346,
    "percentile25": 42,
    "percentile75": 58,
    "qArr": [
      34,
      39,
      50,
      53,
      57,
      60,
      67
    ],
    "skewness": -0.4994267400119686,
    "badValue": 0
  },
  "playerTEC": {
    "total": 874,
    "min": 28,
    "max": 65,
    "avg": 48.55555555555556,
    "median": 46,
    "standardDeviation": 8.706461344070993,
    "percentile25": 44,
    "percentile75": 52,
    "qArr": [
      28,
      44,
      45,
      46,
      48,
      59,
      65
    ],
    "skewness": 0.06806842182247434,
    "badValue": 0
  },
  "playerTAC": {
    "total": 867,
    "min": 31,
    "max": 68,
    "avg": 48.166666666666664,
    "median": 50,
    "standardDeviation": 9.13631338244383,
    "percentile25": 42,
    "percentile75": 54,
    "qArr": [
      31,
      37,
      47,
      49,
      52,
      54,
      68
    ],
    "skewness": -0.06441538398915399,
    "badValue": 0
  },
  "playerDEF": {
    "total": 933,
    "min": 33,
    "max": 77,
    "avg": 51.833333333333336,
    "median": 48.5,
    "standardDeviation": 15.840349322747484,
    "percentile25": 36,
    "percentile75": 68,
    "qArr": [
      33,
      35,
      41,
      44,
      60,
      70,
      77
    ],
    "skewness": 0.343940718640585,
    "badValue": 0
  },
  "playerCRE": {
    "total": 899,
    "min": 37,
    "max": 62,
    "avg": 49.94444444444444,
    "median": 48,
    "standardDeviation": 7.78511558625548,
    "percentile25": 45,
    "percentile75": 58,
    "qArr": [
      37,
      42,
      46,
      48,
      52,
      59,
      62
    ],
    "skewness": 0.13223319492089206,
    "badValue": 0
  },
  "playerTOT": {
    "total": 4494,
    "min": 224,
    "max": 281,
    "avg": 249.66666666666666,
    "median": 247.5,
    "standardDeviation": 14.333333333333334,
    "percentile25": 241,
    "percentile75": 259,
    "qArr": [
      224,
      241,
      243,
      246,
      256,
      260,
      281
    ],
    "skewness": 0.20150833925832914,
    "badValue": 0
  },
  "playerRating": {
    "total": 125.26,
    "min": 6.2,
    "max": 7.7,
    "avg": 6.95888888888889,
    "median": 6.9,
    "standardDeviation": 0.3603376331672049,
    "percentile25": 6.7,
    "percentile75": 7.2,
    "qArr": [
      6.2,
      6.7,
      6.8,
      6.9,
      7.1,
      7.2,
      7.7
    ],
    "skewness": 0.20463460886877693,
    "badValue": 0
  },
  "playerNumber": 31,
  "noATTR": 13,
  "noRating": 13
}