{
  "playerValue": {
    "total": 250074999,
    "min": 105000,
    "max": 36000000,
    "avg": 8335833.3,
    "median": 6300000,
    "standardDeviation": 8348997.553475775,
    "percentile25": 2400000,
    "percentile75": 13500000,
    "skewness": 1.6190090892077698,
    "kurtosis": 2.991180845385489,
    "outliers": [
      36000000
    ],
    "badValue": 7
  },
  "playerAge": {
    "total": 847,
    "min": 17,
    "max": 34,
    "avg": 23.52777777777778,
    "median": 24.5,
    "standardDeviation": 4.506082994199872,
    "percentile25": 19,
    "percentile75": 27,
    "skewness": 0.217011856706177,
    "kurtosis": -0.6530190983294704,
    "outliers": [],
    "badValue": 1
  },
  "playerATT": {
    "total": 1445,
    "min": 36,
    "max": 72,
    "avg": 55.57692307692308,
    "median": 58,
    "standardDeviation": 9.507782548737788,
    "percentile25": 46,
    "percentile75": 62,
    "skewness": -0.29141013782584996,
    "kurtosis": -0.7082966570232223,
    "outliers": [],
    "badValue": 0
  },
  "playerTEC": {
    "total": 1461,
    "min": 43,
    "max": 70,
    "avg": 56.19230769230769,
    "median": 56,
    "standardDeviation": 6.5045500688082285,
    "percentile25": 52,
    "percentile75": 60,
    "skewness": 0.2711741135737156,
    "kurtosis": 0.3451938634709868,
    "outliers": [],
    "badValue": 0
  },
  "playerTAC": {
    "total": 1305,
    "min": 30,
    "max": 76,
    "avg": 50.19230769230769,
    "median": 49.5,
    "standardDeviation": 12.282004442927654,
    "percentile25": 40,
    "percentile75": 55,
    "skewness": 0.5184929201377995,
    "kurtosis": 0.015319328466324222,
    "outliers": [],
    "badValue": 0
  },
  "playerDEF": {
    "total": 1196,
    "min": 17,
    "max": 84,
    "avg": 46,
    "median": 37,
    "standardDeviation": 18.553457069526672,
    "percentile25": 32,
    "percentile75": 58,
    "skewness": 0.781302208473541,
    "kurtosis": -0.4115886258665875,
    "outliers": [],
    "badValue": 0
  },
  "playerCRE": {
    "total": 1447,
    "min": 45,
    "max": 73,
    "avg": 55.65384615384615,
    "median": 56,
    "standardDeviation": 6.132776430423836,
    "percentile25": 50,
    "percentile75": 59,
    "skewness": 0.9467700754156712,
    "kurtosis": 1.963991783188678,
    "outliers": [
      73
    ],
    "badValue": 0
  },
  "playerTOT": {
    "total": 6854,
    "min": 226,
    "max": 314,
    "avg": 263.61538461538464,
    "median": 264,
    "standardDeviation": 24.35329218476809,
    "percentile25": 245,
    "percentile75": 284,
    "skewness": 0.3277468761423504,
    "kurtosis": -0.7506314338352253,
    "outliers": [],
    "badValue": 0
  },
  "playerRating": {
    "total": 179.22,
    "min": 5.9,
    "max": 7.6,
    "avg": 6.893076923076923,
    "median": 7,
    "standardDeviation": 0.46273243000155917,
    "percentile25": 6.5,
    "percentile75": 7.2,
    "skewness": -0.6235422389234098,
    "kurtosis": -0.06586930696184812,
    "outliers": [],
    "badValue": 0
  },
  "playerNumber": 37,
  "noATTR": 11,
  "noRating": 11
}