{
  "playerValue": {
    "total": 250074999,
    "min": 105000,
    "max": 36000000,
    "avg": 8335833.3,
    "median": 6300000,
    "standardDeviation": 8348997.553475775,
    "percentile25": 2400000,
    "percentile75": 13500000,
    "qArr": [
      160000,
      960000,
      3200000,
      6200000,
      8199999,
      14400000,
      24000000
    ],
    "skewness": 1.6190090892077698,
    "badValue": 7
  },
  "playerAge": {
    "total": 847,
    "min": 17,
    "max": 34,
    "avg": 23.52777777777778,
    "median": 24.5,
    "standardDeviation": 4.506082994199872,
    "percentile25": 19,
    "percentile75": 27,
    "qArr": [
      17,
      18,
      21,
      24,
      26,
      27,
      32
    ],
    "skewness": 0.217011856706177,
    "badValue": 1
  },
  "playerATT": {
    "total": 1445,
    "min": 36,
    "max": 72,
    "avg": 55.57692307692308,
    "median": 58,
    "standardDeviation": 9.507782548737788,
    "percentile25": 46,
    "percentile75": 62,
    "qArr": [
      40,
      46,
      53,
      58,
      60,
      65,
      68
    ],
    "skewness": -0.29141013782584996,
    "badValue": 0
  },
  "playerTEC": {
    "total": 1461,
    "min": 43,
    "max": 70,
    "avg": 56.19230769230769,
    "median": 56,
    "standardDeviation": 6.5045500688082285,
    "percentile25": 52,
    "percentile75": 60,
    "qArr": [
      45,
      51,
      54,
      56,
      58,
      61,
      68
    ],
    "skewness": 0.2711741135737156,
    "badValue": 0
  },
  "playerTAC": {
    "total": 1305,
    "min": 30,
    "max": 76,
    "avg": 50.19230769230769,
    "median": 49.5,
    "standardDeviation": 12.282004442927654,
    "percentile25": 40,
    "percentile75": 55,
    "qArr": [
      33,
      37,
      45,
      49,
      52,
      59,
      74
    ],
    "skewness": 0.5184929201377995,
    "badValue": 0
  },
  "playerDEF": {
    "total": 1196,
    "min": 17,
    "max": 84,
    "avg": 46,
    "median": 37,
    "standardDeviation": 18.553457069526672,
    "percentile25": 32,
    "percentile75": 58,
    "qArr": [
      28,
      31,
      33,
      37,
      54,
      58,
      81
    ],
    "skewness": 0.781302208473541,
    "badValue": 0
  },
  "playerCRE": {
    "total": 1447,
    "min": 45,
    "max": 73,
    "avg": 55.65384615384615,
    "median": 56,
    "standardDeviation": 6.132776430423836,
    "percentile25": 50,
    "percentile75": 59,
    "qArr": [
      48,
      50,
      54,
      56,
      57,
      59,
      69
    ],
    "skewness": 0.9467700754156712,
    "badValue": 0
  },
  "playerTOT": {
    "total": 6854,
    "min": 226,
    "max": 314,
    "avg": 263.61538461538464,
    "median": 264,
    "standardDeviation": 24.35329218476809,
    "percentile25": 245,
    "percentile75": 284,
    "qArr": [
      229,
      243,
      249,
      263,
      270,
      286,
      301
    ],
    "skewness": 0.3277468761423504,
    "badValue": 0
  },
  "playerRating": {
    "total": 179.22,
    "min": 5.9,
    "max": 7.6,
    "avg": 6.893076923076923,
    "median": 7,
    "standardDeviation": 0.46273243000155917,
    "percentile25": 6.5,
    "percentile75": 7.2,
    "qArr": [
      5.9,
      6.5,
      6.8,
      7,
      7.1,
      7.3,
      7.5
    ],
    "skewness": -0.6235422389234098,
    "badValue": 0
  },
  "playerNumber": 37,
  "noATTR": 11,
  "noRating": 11
}