{
  "playerValue": {
    "total": 330509999,
    "min": 910000,
    "max": 32000000,
    "avg": 12241111.074074075,
    "median": 8400000,
    "standardDeviation": 9599495.517124439,
    "percentile25": 3600000,
    "percentile75": 22000000,
    "skewness": 0.5974478851863554,
    "kurtosis": -1.0471981270461144,
    "outliers": [],
    "badValue": 0
  },
  "playerAge": {
    "total": 704,
    "min": 19,
    "max": 35,
    "avg": 26.074074074074073,
    "median": 27,
    "standardDeviation": 4.0544984247123,
    "percentile25": 22,
    "percentile75": 29,
    "skewness": 0.15290947948846692,
    "kurtosis": -0.4345896679637091,
    "outliers": [],
    "badValue": 0
  },
  "playerATT": {
    "total": 1452,
    "min": 36,
    "max": 85,
    "avg": 58.08,
    "median": 58,
    "standardDeviation": 13.16638143150957,
    "percentile25": 49,
    "percentile75": 66,
    "skewness": 0.27013639027443026,
    "kurtosis": -0.3997000197784857,
    "outliers": [],
    "badValue": 0
  },
  "playerTEC": {
    "total": 1405,
    "min": 44,
    "max": 78,
    "avg": 56.2,
    "median": 55,
    "standardDeviation": 9.43610088966836,
    "percentile25": 48,
    "percentile75": 62,
    "skewness": 0.6045472175991106,
    "kurtosis": -0.1402224758416546,
    "outliers": [],
    "badValue": 0
  },
  "playerTAC": {
    "total": 1275,
    "min": 29,
    "max": 76,
    "avg": 51,
    "median": 48,
    "standardDeviation": 12.348279232346504,
    "percentile25": 41,
    "percentile75": 61,
    "skewness": 0.4043905398573402,
    "kurtosis": -0.4537068040593857,
    "outliers": [],
    "badValue": 0
  },
  "playerDEF": {
    "total": 1191,
    "min": 19,
    "max": 80,
    "avg": 47.64,
    "median": 45,
    "standardDeviation": 18.78271545863377,
    "percentile25": 33,
    "percentile75": 61,
    "skewness": 0.06119542847990302,
    "kurtosis": -0.9834938229791379,
    "outliers": [],
    "badValue": 0
  },
  "playerCRE": {
    "total": 1459,
    "min": 41,
    "max": 80,
    "avg": 58.36,
    "median": 57,
    "standardDeviation": 9.999519988479447,
    "percentile25": 52,
    "percentile75": 65,
    "skewness": 0.4844036654971841,
    "kurtosis": -0.09538269068435179,
    "outliers": [],
    "badValue": 0
  },
  "playerTOT": {
    "total": 6782,
    "min": 227,
    "max": 345,
    "avg": 271.28,
    "median": 269,
    "standardDeviation": 31.43312902019142,
    "percentile25": 248,
    "percentile75": 292,
    "skewness": 0.5788656856404664,
    "kurtosis": -0.2523271546474346,
    "outliers": [],
    "badValue": 0
  },
  "playerRating": {
    "total": 169.39999999999995,
    "min": 6.2,
    "max": 7.6,
    "avg": 6.775999999999998,
    "median": 6.6,
    "standardDeviation": 0.40027990206854,
    "percentile25": 6.5,
    "percentile75": 7,
    "skewness": 0.7335337683258172,
    "kurtosis": -0.5151235958801803,
    "outliers": [],
    "badValue": 0
  },
  "playerNumber": 27,
  "noATTR": 2,
  "noRating": 2
}