{
  "playerValue": {
    "total": 330509999,
    "min": 910000,
    "max": 32000000,
    "avg": 12241111.074074075,
    "median": 8400000,
    "standardDeviation": 9599495.517124439,
    "percentile25": 3600000,
    "percentile75": 22000000,
    "qArr": [
      1400000,
      3200000,
      5300000,
      8400000,
      16600000,
      24000000,
      27000000
    ],
    "skewness": 0.5974478851863554,
    "badValue": 0
  },
  "playerAge": {
    "total": 704,
    "min": 19,
    "max": 35,
    "avg": 26.074074074074073,
    "median": 27,
    "standardDeviation": 4.0544984247123,
    "percentile25": 22,
    "percentile75": 29,
    "qArr": [
      20,
      22,
      24,
      27,
      28,
      29,
      32
    ],
    "skewness": 0.15290947948846692,
    "badValue": 0
  },
  "playerATT": {
    "total": 1452,
    "min": 36,
    "max": 85,
    "avg": 58.08,
    "median": 58,
    "standardDeviation": 13.16638143150957,
    "percentile25": 49,
    "percentile75": 66,
    "qArr": [
      37,
      44,
      52,
      58,
      61,
      69,
      80
    ],
    "skewness": 0.27013639027443026,
    "badValue": 0
  },
  "playerTEC": {
    "total": 1405,
    "min": 44,
    "max": 78,
    "avg": 56.2,
    "median": 55,
    "standardDeviation": 9.43610088966836,
    "percentile25": 48,
    "percentile75": 62,
    "qArr": [
      45,
      45,
      51,
      55,
      59,
      64,
      73
    ],
    "skewness": 0.6045472175991106,
    "badValue": 0
  },
  "playerTAC": {
    "total": 1275,
    "min": 29,
    "max": 76,
    "avg": 51,
    "median": 48,
    "standardDeviation": 12.348279232346504,
    "percentile25": 41,
    "percentile75": 61,
    "qArr": [
      33,
      39,
      46,
      48,
      51,
      64,
      72
    ],
    "skewness": 0.4043905398573402,
    "badValue": 0
  },
  "playerDEF": {
    "total": 1191,
    "min": 19,
    "max": 80,
    "avg": 47.64,
    "median": 45,
    "standardDeviation": 18.78271545863377,
    "percentile25": 33,
    "percentile75": 61,
    "qArr": [
      20,
      26,
      40,
      45,
      60,
      63,
      77
    ],
    "skewness": 0.06119542847990302,
    "badValue": 0
  },
  "playerCRE": {
    "total": 1459,
    "min": 41,
    "max": 80,
    "avg": 58.36,
    "median": 57,
    "standardDeviation": 9.999519988479447,
    "percentile25": 52,
    "percentile75": 65,
    "qArr": [
      42,
      51,
      53,
      57,
      60,
      66,
      76
    ],
    "skewness": 0.4844036654971841,
    "badValue": 0
  },
  "playerTOT": {
    "total": 6782,
    "min": 227,
    "max": 345,
    "avg": 271.28,
    "median": 269,
    "standardDeviation": 31.43312902019142,
    "percentile25": 248,
    "percentile75": 292,
    "qArr": [
      228,
      240,
      250,
      269,
      286,
      303,
      324
    ],
    "skewness": 0.5788656856404664,
    "badValue": 0
  },
  "playerRating": {
    "total": 169.39999999999995,
    "min": 6.2,
    "max": 7.6,
    "avg": 6.775999999999998,
    "median": 6.6,
    "standardDeviation": 0.40027990206854,
    "percentile25": 6.5,
    "percentile75": 7,
    "qArr": [
      6.3,
      6.4,
      6.6,
      6.6,
      6.9,
      7.3,
      7.5
    ],
    "skewness": 0.7335337683258172,
    "badValue": 0
  },
  "playerNumber": 27,
  "noATTR": 2,
  "noRating": 2
}