{
  "playerValue": {
    "total": 415905000,
    "min": 105000,
    "max": 47000000,
    "avg": 15996346.153846154,
    "median": 10700000,
    "standardDeviation": 14774602.269649472,
    "percentile25": 3900000,
    "percentile75": 19400000,
    "qArr": [
      1000000,
      2600000,
      6800000,
      10600000,
      18000000,
      31000000,
      44000000
    ],
    "skewness": 0.9871791240458992,
    "badValue": 1
  },
  "playerAge": {
    "total": 696,
    "min": 16,
    "max": 34,
    "avg": 25.77777777777778,
    "median": 25,
    "standardDeviation": 4.565030796483143,
    "percentile25": 22,
    "percentile75": 30,
    "qArr": [
      19,
      22,
      24,
      25,
      27,
      31,
      33
    ],
    "skewness": 0.09580111375601891,
    "badValue": 0
  },
  "playerATT": {
    "total": 1184,
    "min": 35,
    "max": 81,
    "avg": 56.38095238095238,
    "median": 54,
    "standardDeviation": 16.108194278145962,
    "percentile25": 41,
    "percentile75": 74,
    "qArr": [
      35,
      38,
      49,
      54,
      60,
      75,
      81
    ],
    "skewness": 0.21048617970636116,
    "badValue": 0
  },
  "playerTEC": {
    "total": 1063,
    "min": 31,
    "max": 66,
    "avg": 50.61904761904762,
    "median": 51,
    "standardDeviation": 9.291451219246495,
    "percentile25": 44,
    "percentile75": 57,
    "qArr": [
      36,
      43,
      47,
      51,
      55,
      58,
      65
    ],
    "skewness": -0.1392285997394521,
    "badValue": 0
  },
  "playerTAC": {
    "total": 1120,
    "min": 24,
    "max": 79,
    "avg": 53.333333333333336,
    "median": 53,
    "standardDeviation": 13.506024522882312,
    "percentile25": 47,
    "percentile75": 62,
    "qArr": [
      31,
      45,
      48,
      53,
      60,
      63,
      74
    ],
    "skewness": -0.19466818690015525,
    "badValue": 0
  },
  "playerDEF": {
    "total": 1129,
    "min": 17,
    "max": 86,
    "avg": 53.76190476190476,
    "median": 56,
    "standardDeviation": 22.50482437570678,
    "percentile25": 38,
    "percentile75": 75,
    "qArr": [
      17,
      28,
      43,
      56,
      70,
      75,
      85
    ],
    "skewness": -0.2440631802552621,
    "badValue": 0
  },
  "playerCRE": {
    "total": 1153,
    "min": 37,
    "max": 72,
    "avg": 54.904761904761905,
    "median": 57,
    "standardDeviation": 11.126565216397163,
    "percentile25": 44,
    "percentile75": 62,
    "qArr": [
      38,
      42,
      52,
      57,
      58,
      69,
      71
    ],
    "skewness": 0.011426787227306936,
    "badValue": 0
  },
  "playerTOT": {
    "total": 5649,
    "min": 183,
    "max": 373,
    "avg": 269,
    "median": 265,
    "standardDeviation": 39.952352573915796,
    "percentile25": 246,
    "percentile75": 286,
    "qArr": [
      218,
      240,
      249,
      265,
      277,
      287,
      344
    ],
    "skewness": 0.650600478984333,
    "badValue": 0
  },
  "playerRating": {
    "total": 146.3,
    "min": 6.4,
    "max": 7.9,
    "avg": 6.966666666666667,
    "median": 6.9,
    "standardDeviation": 0.38089285249183286,
    "percentile25": 6.7,
    "percentile75": 7.2,
    "qArr": [
      6.5,
      6.6,
      6.8,
      6.9,
      7.1,
      7.3,
      7.7
    ],
    "skewness": 0.8144955087727035,
    "badValue": 0
  },
  "playerNumber": 27,
  "noATTR": 6,
  "noRating": 6
}