{
  "playerValue": {
    "total": 81972000,
    "min": 52000,
    "max": 18000000,
    "avg": 2561625,
    "median": 1350000,
    "standardDeviation": 3326028.8798167403,
    "percentile25": 465000,
    "percentile75": 3700000,
    "qArr": [
      155000,
      440000,
      1100000,
      1200000,
      2400000,
      4700000,
      6500000
    ],
    "skewness": 3.4560305563721325,
    "badValue": 0
  },
  "playerAge": {
    "total": 874,
    "min": 18,
    "max": 42,
    "avg": 27.3125,
    "median": 26.5,
    "standardDeviation": 4.766009205824093,
    "percentile25": 24,
    "percentile75": 31,
    "qArr": [
      20,
      23,
      25,
      26,
      29,
      31,
      34
    ],
    "skewness": 0.7436009761345922,
    "badValue": 0
  },
  "playerATT": {
    "total": 1271,
    "min": 35,
    "max": 69,
    "avg": 52.958333333333336,
    "median": 54,
    "standardDeviation": 11.005601477833409,
    "percentile25": 41,
    "percentile75": 62,
    "qArr": [
      35,
      41,
      48,
      51,
      59,
      64,
      68
    ],
    "skewness": -0.21382919498701916,
    "badValue": 0
  },
  "playerTEC": {
    "total": 1220,
    "min": 43,
    "max": 69,
    "avg": 50.833333333333336,
    "median": 48,
    "standardDeviation": 6.413960468297953,
    "percentile25": 46,
    "percentile75": 54,
    "qArr": [
      43,
      45,
      47,
      48,
      51,
      57,
      61
    ],
    "skewness": 1.2086352037300272,
    "badValue": 0
  },
  "playerTAC": {
    "total": 1181,
    "min": 34,
    "max": 73,
    "avg": 49.208333333333336,
    "median": 48.5,
    "standardDeviation": 9.219450302967575,
    "percentile25": 43,
    "percentile75": 53,
    "qArr": [
      35,
      40,
      46,
      48,
      52,
      56,
      64
    ],
    "skewness": 0.5699060712320632,
    "badValue": 0
  },
  "playerDEF": {
    "total": 1151,
    "min": 26,
    "max": 78,
    "avg": 47.958333333333336,
    "median": 48.5,
    "standardDeviation": 16.601905429464683,
    "percentile25": 31,
    "percentile75": 60,
    "qArr": [
      27,
      31,
      35,
      45,
      57,
      67,
      76
    ],
    "skewness": 0.30422375504401633,
    "badValue": 0
  },
  "playerCRE": {
    "total": 1222,
    "min": 36,
    "max": 67,
    "avg": 50.916666666666664,
    "median": 49.5,
    "standardDeviation": 7.410109460879929,
    "percentile25": 46,
    "percentile75": 56,
    "qArr": [
      39,
      45,
      47,
      49,
      54,
      58,
      64
    ],
    "skewness": 0.2675832328944174,
    "badValue": 0
  },
  "playerTOT": {
    "total": 6045,
    "min": 223,
    "max": 285,
    "avg": 251.875,
    "median": 250,
    "standardDeviation": 16.813468063827084,
    "percentile25": 239,
    "percentile75": 265,
    "qArr": [
      229,
      237,
      242,
      244,
      260,
      268,
      279
    ],
    "skewness": 0.18779838263525775,
    "badValue": 0
  },
  "playerRating": {
    "total": 169.7,
    "min": 5.7,
    "max": 8.7,
    "avg": 7.070833333333333,
    "median": 7.05,
    "standardDeviation": 0.6086043916663397,
    "percentile25": 6.7,
    "percentile75": 7.3,
    "qArr": [
      6.3,
      6.7,
      6.7,
      7,
      7.1,
      7.7,
      8
    ],
    "skewness": 0.5423042863232196,
    "badValue": 0
  },
  "playerNumber": 32,
  "noATTR": 8,
  "noRating": 8
}