{
  "playerValue": {
    "total": 51642000,
    "min": 52000,
    "max": 6600000,
    "avg": 1665870.9677419355,
    "median": 1100000,
    "standardDeviation": 1715796.584340506,
    "percentile25": 325000,
    "percentile75": 2300000,
    "qArr": [
      155000,
      290000,
      545000,
      1100000,
      1800000,
      2400000,
      5800000
    ],
    "skewness": 1.6513064222128508,
    "badValue": 0
  },
  "playerAge": {
    "total": 755,
    "min": 19,
    "max": 37,
    "avg": 24.35483870967742,
    "median": 23,
    "standardDeviation": 4.04449755320193,
    "percentile25": 21,
    "percentile75": 28,
    "qArr": [
      20,
      21,
      22,
      23,
      27,
      28,
      30
    ],
    "skewness": 1.0587381113839298,
    "badValue": 0
  },
  "playerATT": {
    "total": 863,
    "min": 34,
    "max": 70,
    "avg": 50.76470588235294,
    "median": 49,
    "standardDeviation": 10.97338712128096,
    "percentile25": 43,
    "percentile75": 58,
    "qArr": [
      34,
      41,
      45,
      49,
      56,
      64,
      70
    ],
    "skewness": 0.22328105244147609,
    "badValue": 0
  },
  "playerTEC": {
    "total": 811,
    "min": 33,
    "max": 77,
    "avg": 47.705882352941174,
    "median": 45,
    "standardDeviation": 9.898096702856584,
    "percentile25": 42,
    "percentile75": 53,
    "qArr": [
      33,
      41,
      42,
      45,
      50,
      54,
      77
    ],
    "skewness": 1.5804472115005082,
    "badValue": 0
  },
  "playerTAC": {
    "total": 754,
    "min": 28,
    "max": 72,
    "avg": 44.35294117647059,
    "median": 42,
    "standardDeviation": 12.361901512167933,
    "percentile25": 37,
    "percentile75": 44,
    "qArr": [
      28,
      36,
      39,
      42,
      44,
      50,
      72
    ],
    "skewness": 1.1161937233938242,
    "badValue": 0
  },
  "playerDEF": {
    "total": 795,
    "min": 19,
    "max": 84,
    "avg": 46.76470588235294,
    "median": 47,
    "standardDeviation": 18.41524116775113,
    "percentile25": 33,
    "percentile75": 59,
    "qArr": [
      19,
      33,
      35,
      47,
      57,
      61,
      84
    ],
    "skewness": 0.5980363655639197,
    "badValue": 0
  },
  "playerCRE": {
    "total": 838,
    "min": 35,
    "max": 62,
    "avg": 49.294117647058826,
    "median": 49,
    "standardDeviation": 7.629391355589737,
    "percentile25": 45,
    "percentile75": 55,
    "qArr": [
      35,
      44,
      47,
      49,
      51,
      57,
      62
    ],
    "skewness": -0.04666198646575053,
    "badValue": 0
  },
  "playerTOT": {
    "total": 4061,
    "min": 194,
    "max": 282,
    "avg": 238.88235294117646,
    "median": 243,
    "standardDeviation": 24.405598087182366,
    "percentile25": 223,
    "percentile75": 256,
    "qArr": [
      194,
      221,
      224,
      243,
      250,
      261,
      282
    ],
    "skewness": -0.05168065649140621,
    "badValue": 0
  },
  "playerRating": {
    "total": 116.29999999999998,
    "min": 6.3,
    "max": 8.3,
    "avg": 6.841176470588234,
    "median": 6.6,
    "standardDeviation": 0.5541913276853592,
    "percentile25": 6.5,
    "percentile75": 7,
    "qArr": [
      6.3,
      6.5,
      6.5,
      6.6,
      6.9,
      7.1,
      8.3
    ],
    "skewness": 1.6466733760758436,
    "badValue": 0
  },
  "playerNumber": 31,
  "noATTR": 14,
  "noRating": 14
}