{
  "playerValue": {
    "total": 150348999,
    "min": 49000,
    "max": 27000000,
    "avg": 3855102.5384615385,
    "median": 1500000,
    "standardDeviation": 5656481.952546643,
    "percentile25": 440000,
    "percentile75": 4200000,
    "skewness": 2.515025722333498,
    "kurtosis": 6.952044010473233,
    "outliers": [
      11600000,
      14400000,
      14700000,
      15500000,
      27000000
    ],
    "badValue": 2
  },
  "playerAge": {
    "total": 1026,
    "min": 16,
    "max": 35,
    "avg": 25.024390243902438,
    "median": 25,
    "standardDeviation": 4.4419716830564715,
    "percentile25": 22,
    "percentile75": 28,
    "skewness": 0.14447881353980385,
    "kurtosis": -0.45492592620103034,
    "outliers": [],
    "badValue": 0
  },
  "playerATT": {
    "total": 1435,
    "min": 35,
    "max": 82,
    "avg": 55.19230769230769,
    "median": 55.5,
    "standardDeviation": 12.016076509183696,
    "percentile25": 47,
    "percentile75": 63,
    "skewness": 0.2003382338041393,
    "kurtosis": -0.07085626768379294,
    "outliers": [],
    "badValue": 0
  },
  "playerTEC": {
    "total": 1298,
    "min": 37,
    "max": 72,
    "avg": 49.92307692307692,
    "median": 48.5,
    "standardDeviation": 8.343228838742307,
    "percentile25": 43,
    "percentile75": 55,
    "skewness": 0.9223520740473261,
    "kurtosis": 0.8532624028942126,
    "outliers": [],
    "badValue": 0
  },
  "playerTAC": {
    "total": 1236,
    "min": 30,
    "max": 70,
    "avg": 47.53846153846154,
    "median": 46,
    "standardDeviation": 10.990313109667108,
    "percentile25": 41,
    "percentile75": 54,
    "skewness": 0.40056027658485577,
    "kurtosis": -0.3233128674313712,
    "outliers": [],
    "badValue": 0
  },
  "playerDEF": {
    "total": 1209,
    "min": 25,
    "max": 78,
    "avg": 46.5,
    "median": 42.5,
    "standardDeviation": 17.87832809254309,
    "percentile25": 29,
    "percentile75": 63,
    "skewness": 0.5452939478674731,
    "kurtosis": -0.9291705302928972,
    "outliers": [],
    "badValue": 0
  },
  "playerCRE": {
    "total": 1332,
    "min": 36,
    "max": 72,
    "avg": 51.23076923076923,
    "median": 52.5,
    "standardDeviation": 8.919760656963547,
    "percentile25": 43,
    "percentile75": 56,
    "skewness": 0.22137972622650368,
    "kurtosis": 0.26931489456263424,
    "outliers": [],
    "badValue": 0
  },
  "playerTOT": {
    "total": 6510,
    "min": 209,
    "max": 306,
    "avg": 250.3846153846154,
    "median": 248.5,
    "standardDeviation": 24.61249983095976,
    "percentile25": 233,
    "percentile75": 267,
    "skewness": 0.3813694536948277,
    "kurtosis": -0.29960071703500546,
    "outliers": [],
    "badValue": 0
  },
  "playerRating": {
    "total": 180.3,
    "min": 6.3,
    "max": 8.1,
    "avg": 6.934615384615385,
    "median": 6.75,
    "standardDeviation": 0.44888092278491487,
    "percentile25": 6.6,
    "percentile75": 7.2,
    "skewness": 1.0970914046522442,
    "kurtosis": 0.694813071947864,
    "outliers": [],
    "badValue": 0
  },
  "playerNumber": 41,
  "noATTR": 15,
  "noRating": 15
}