{
  "playerValue": {
    "total": 90122998,
    "min": 73000,
    "max": 11300000,
    "avg": 2435756.7027027025,
    "median": 1200000,
    "standardDeviation": 2625066.7335344413,
    "percentile25": 220000,
    "percentile75": 4099999,
    "qArr": [
      81000,
      155000,
      670000,
      1200000,
      3400000,
      4700000,
      7400000
    ],
    "skewness": 1.414682152493546,
    "badValue": 0
  },
  "playerAge": {
    "total": 861,
    "min": 19,
    "max": 33,
    "avg": 23.27027027027027,
    "median": 23,
    "standardDeviation": 3.285090386256198,
    "percentile25": 21,
    "percentile75": 25,
    "qArr": [
      19,
      20,
      21,
      23,
      24,
      26,
      29
    ],
    "skewness": 0.9571164643450727,
    "badValue": 0
  },
  "playerATT": {
    "total": 1448,
    "min": 36,
    "max": 74,
    "avg": 53.629629629629626,
    "median": 51,
    "standardDeviation": 10.173124171973,
    "percentile25": 47,
    "percentile75": 60,
    "qArr": [
      38,
      46,
      49,
      51,
      54,
      67,
      70
    ],
    "skewness": 0.3650310607983562,
    "badValue": 0
  },
  "playerTEC": {
    "total": 1439,
    "min": 42,
    "max": 73,
    "avg": 53.2962962962963,
    "median": 53,
    "standardDeviation": 7.6488431215049575,
    "percentile25": 48,
    "percentile75": 57,
    "qArr": [
      42,
      46,
      50,
      53,
      56,
      59,
      67
    ],
    "skewness": 0.5297670008319564,
    "badValue": 0
  },
  "playerTAC": {
    "total": 1227,
    "min": 28,
    "max": 64,
    "avg": 45.44444444444444,
    "median": 46,
    "standardDeviation": 9.429399781900944,
    "percentile25": 37,
    "percentile75": 52,
    "qArr": [
      30,
      36,
      42,
      46,
      48,
      53,
      63
    ],
    "skewness": 0.05116695473760346,
    "badValue": 0
  },
  "playerDEF": {
    "total": 1236,
    "min": 18,
    "max": 75,
    "avg": 45.77777777777778,
    "median": 46,
    "standardDeviation": 14.957553110777457,
    "percentile25": 34,
    "percentile75": 55,
    "qArr": [
      21,
      34,
      40,
      46,
      50,
      57,
      74
    ],
    "skewness": 0.0738982834054761,
    "badValue": 0
  },
  "playerCRE": {
    "total": 1435,
    "min": 41,
    "max": 78,
    "avg": 53.148148148148145,
    "median": 51,
    "standardDeviation": 8.25385971981281,
    "percentile25": 47,
    "percentile75": 57,
    "qArr": [
      41,
      47,
      50,
      51,
      55,
      58,
      67
    ],
    "skewness": 1.0475326580562163,
    "badValue": 0
  },
  "playerTOT": {
    "total": 6785,
    "min": 209,
    "max": 321,
    "avg": 251.2962962962963,
    "median": 249,
    "standardDeviation": 25.052263614462166,
    "percentile25": 236,
    "percentile75": 261,
    "qArr": [
      221,
      232,
      242,
      249,
      256,
      263,
      307
    ],
    "skewness": 1.1852657199987868,
    "badValue": 0
  },
  "playerRating": {
    "total": 190.2,
    "min": 6.2,
    "max": 8.4,
    "avg": 7.044444444444444,
    "median": 7.1,
    "standardDeviation": 0.4693047129320639,
    "percentile25": 6.6,
    "percentile75": 7.3,
    "qArr": [
      6.4,
      6.6,
      6.8,
      7.1,
      7.1,
      7.4,
      7.8
    ],
    "skewness": 0.7582246304879249,
    "badValue": 0
  },
  "playerNumber": 37,
  "noATTR": 10,
  "noRating": 10
}