{
  "playerValue": {
    "total": 81966999,
    "min": 77000,
    "max": 14500000,
    "avg": 2644096.7419354836,
    "median": 1600000,
    "standardDeviation": 2695443.262355287,
    "percentile25": 865000,
    "percentile75": 3800000,
    "qArr": [
      160000,
      860000,
      1100000,
      1600000,
      3200000,
      3800000,
      5700000
    ],
    "skewness": 2.9742832944180395,
    "badValue": 0
  },
  "playerAge": {
    "total": 835,
    "min": 19,
    "max": 36,
    "avg": 26.93548387096774,
    "median": 28,
    "standardDeviation": 4.805477277299632,
    "percentile25": 23,
    "percentile75": 31,
    "qArr": [
      20,
      22,
      24,
      28,
      30,
      31,
      34
    ],
    "skewness": -0.0929363070028143,
    "badValue": 0
  },
  "playerATT": {
    "total": 1200,
    "min": 36,
    "max": 70,
    "avg": 52.17391304347826,
    "median": 52,
    "standardDeviation": 10.663436814090039,
    "percentile25": 43,
    "percentile75": 60,
    "qArr": [
      36,
      40,
      49,
      52,
      58,
      63,
      68
    ],
    "skewness": -0.06867418583959826,
    "badValue": 0
  },
  "playerTEC": {
    "total": 1160,
    "min": 16,
    "max": 79,
    "avg": 50.43478260869565,
    "median": 50,
    "standardDeviation": 11.024975941831276,
    "percentile25": 47,
    "percentile75": 57,
    "qArr": [
      39,
      44,
      48,
      50,
      52,
      58,
      65
    ],
    "skewness": -0.5548794574958177,
    "badValue": 0
  },
  "playerTAC": {
    "total": 1067,
    "min": 11,
    "max": 80,
    "avg": 46.391304347826086,
    "median": 44,
    "standardDeviation": 16.56801300157674,
    "percentile25": 36,
    "percentile75": 61,
    "qArr": [
      28,
      32,
      41,
      44,
      45,
      62,
      79
    ],
    "skewness": 0.3762103187780824,
    "badValue": 0
  },
  "playerDEF": {
    "total": 1100,
    "min": 13,
    "max": 84,
    "avg": 47.82608695652174,
    "median": 44,
    "standardDeviation": 18.890191091428893,
    "percentile25": 34,
    "percentile75": 63,
    "qArr": [
      24,
      32,
      38,
      44,
      53,
      71,
      79
    ],
    "skewness": 0.3693033336054594,
    "badValue": 0
  },
  "playerCRE": {
    "total": 1198,
    "min": 35,
    "max": 68,
    "avg": 52.08695652173913,
    "median": 51,
    "standardDeviation": 8.229919136790448,
    "percentile25": 48,
    "percentile75": 59,
    "qArr": [
      41,
      44,
      49,
      51,
      55,
      59,
      67
    ],
    "skewness": 0.0683751839055254,
    "badValue": 0
  },
  "playerTOT": {
    "total": 5725,
    "min": 158,
    "max": 297,
    "avg": 248.91304347826087,
    "median": 255,
    "standardDeviation": 29.940394472552004,
    "percentile25": 232,
    "percentile75": 270,
    "qArr": [
      206,
      227,
      239,
      255,
      257,
      276,
      294
    ],
    "skewness": -1.111484820911157,
    "badValue": 0
  },
  "playerRating": {
    "total": 161.40000000000003,
    "min": 6.4,
    "max": 9.4,
    "avg": 7.017391304347828,
    "median": 6.9,
    "standardDeviation": 0.5990225182041907,
    "percentile25": 6.7,
    "percentile75": 7.2,
    "qArr": [
      6.5,
      6.6,
      6.8,
      6.9,
      7,
      7.3,
      7.7
    ],
    "skewness": 3.037625025196497,
    "badValue": 0
  },
  "playerNumber": 31,
  "noATTR": 8,
  "noRating": 8
}