{
  "playerValue": {
    "total": 462015000,
    "min": 105000,
    "max": 97000000,
    "avg": 14000454.545454545,
    "median": 7300000,
    "standardDeviation": 21281355.952030517,
    "percentile25": 2400000,
    "percentile75": 13700000,
    "qArr": [
      120000,
      390000,
      3900000,
      7300000,
      11600000,
      15900000,
      82000000
    ],
    "skewness": 3.025396612278565,
    "badValue": 0
  },
  "playerAge": {
    "total": 846,
    "min": 18,
    "max": 33,
    "avg": 25.636363636363637,
    "median": 25,
    "standardDeviation": 4.073701182256014,
    "percentile25": 23,
    "percentile75": 29,
    "qArr": [
      19,
      22,
      24,
      25,
      27,
      30,
      33
    ],
    "skewness": -0.015250379739728164,
    "badValue": 0
  },
  "playerATT": {
    "total": 1347,
    "min": 35,
    "max": 85,
    "avg": 58.56521739130435,
    "median": 55,
    "standardDeviation": 15.733724750292234,
    "percentile25": 44,
    "percentile75": 73,
    "qArr": [
      38,
      41,
      50,
      55,
      70,
      75,
      83
    ],
    "skewness": 0.2172952244518978,
    "badValue": 0
  },
  "playerTEC": {
    "total": 1256,
    "min": 39,
    "max": 84,
    "avg": 54.608695652173914,
    "median": 55,
    "standardDeviation": 10.055234978487066,
    "percentile25": 47,
    "percentile75": 61,
    "qArr": [
      40,
      46,
      50,
      55,
      57,
      61,
      68
    ],
    "skewness": 1.0170719877039867,
    "badValue": 0
  },
  "playerTAC": {
    "total": 1327,
    "min": 26,
    "max": 83,
    "avg": 57.69565217391305,
    "median": 56,
    "standardDeviation": 12.684926976563805,
    "percentile25": 48,
    "percentile75": 66,
    "qArr": [
      45,
      48,
      52,
      56,
      61,
      69,
      80
    ],
    "skewness": -0.03173937009092858,
    "badValue": 0
  },
  "playerDEF": {
    "total": 1187,
    "min": 22,
    "max": 94,
    "avg": 51.608695652173914,
    "median": 52,
    "standardDeviation": 22.107915423794108,
    "percentile25": 29,
    "percentile75": 71,
    "qArr": [
      23,
      26,
      40,
      52,
      65,
      72,
      85
    ],
    "skewness": 0.2042899217269498,
    "badValue": 0
  },
  "playerCRE": {
    "total": 1330,
    "min": 39,
    "max": 74,
    "avg": 57.82608695652174,
    "median": 56,
    "standardDeviation": 10.440940212173313,
    "percentile25": 49,
    "percentile75": 65,
    "qArr": [
      42,
      46,
      54,
      56,
      64,
      67,
      73
    ],
    "skewness": -0.039002787934120195,
    "badValue": 0
  },
  "playerTOT": {
    "total": 6447,
    "min": 233,
    "max": 350,
    "avg": 280.30434782608694,
    "median": 280,
    "standardDeviation": 29.799963207751865,
    "percentile25": 265,
    "percentile75": 290,
    "qArr": [
      233,
      259,
      275,
      280,
      286,
      295,
      340
    ],
    "skewness": 0.5470831340564942,
    "badValue": 0
  },
  "playerRating": {
    "total": 159.1,
    "min": 6.3,
    "max": 8.2,
    "avg": 6.9173913043478255,
    "median": 6.8,
    "standardDeviation": 0.4733343095741505,
    "percentile25": 6.6,
    "percentile75": 7.2,
    "qArr": [
      6.3,
      6.5,
      6.6,
      6.8,
      7,
      7.2,
      7.8
    ],
    "skewness": 1.1994357410930356,
    "badValue": 0
  },
  "playerNumber": 33,
  "noATTR": 10,
  "noRating": 10
}