{
  "playerValue": {
    "total": 462015000,
    "min": 105000,
    "max": 97000000,
    "avg": 14000454.545454545,
    "median": 7300000,
    "standardDeviation": 21281355.952030517,
    "percentile25": 2400000,
    "percentile75": 13700000,
    "skewness": 3.025396612278565,
    "kurtosis": 9.483969491636525,
    "outliers": [
      37000000,
      82000000,
      97000000
    ],
    "badValue": 0
  },
  "playerAge": {
    "total": 846,
    "min": 18,
    "max": 33,
    "avg": 25.636363636363637,
    "median": 25,
    "standardDeviation": 4.073701182256014,
    "percentile25": 23,
    "percentile75": 29,
    "skewness": -0.015250379739728164,
    "kurtosis": -0.6041263627935867,
    "outliers": [],
    "badValue": 0
  },
  "playerATT": {
    "total": 1347,
    "min": 35,
    "max": 85,
    "avg": 58.56521739130435,
    "median": 55,
    "standardDeviation": 15.733724750292234,
    "percentile25": 44,
    "percentile75": 73,
    "skewness": 0.2172952244518978,
    "kurtosis": -1.1525640972547508,
    "outliers": [],
    "badValue": 0
  },
  "playerTEC": {
    "total": 1256,
    "min": 39,
    "max": 84,
    "avg": 54.608695652173914,
    "median": 55,
    "standardDeviation": 10.055234978487066,
    "percentile25": 47,
    "percentile75": 61,
    "skewness": 1.0170719877039867,
    "kurtosis": 2.1036553828260187,
    "outliers": [
      84
    ],
    "badValue": 0
  },
  "playerTAC": {
    "total": 1327,
    "min": 26,
    "max": 83,
    "avg": 57.69565217391305,
    "median": 56,
    "standardDeviation": 12.684926976563805,
    "percentile25": 48,
    "percentile75": 66,
    "skewness": -0.03173937009092858,
    "kurtosis": 0.9727695718467455,
    "outliers": [],
    "badValue": 0
  },
  "playerDEF": {
    "total": 1187,
    "min": 22,
    "max": 94,
    "avg": 51.608695652173914,
    "median": 52,
    "standardDeviation": 22.107915423794108,
    "percentile25": 29,
    "percentile75": 71,
    "skewness": 0.2042899217269498,
    "kurtosis": -1.038974194816476,
    "outliers": [],
    "badValue": 0
  },
  "playerCRE": {
    "total": 1330,
    "min": 39,
    "max": 74,
    "avg": 57.82608695652174,
    "median": 56,
    "standardDeviation": 10.440940212173313,
    "percentile25": 49,
    "percentile75": 65,
    "skewness": -0.039002787934120195,
    "kurtosis": -0.8712118989154969,
    "outliers": [],
    "badValue": 0
  },
  "playerTOT": {
    "total": 6447,
    "min": 233,
    "max": 350,
    "avg": 280.30434782608694,
    "median": 280,
    "standardDeviation": 29.799963207751865,
    "percentile25": 265,
    "percentile75": 290,
    "skewness": 0.5470831340564942,
    "kurtosis": 0.9608977583572402,
    "outliers": [
      328,
      340,
      350
    ],
    "badValue": 0
  },
  "playerRating": {
    "total": 159.1,
    "min": 6.3,
    "max": 8.2,
    "avg": 6.9173913043478255,
    "median": 6.8,
    "standardDeviation": 0.4733343095741505,
    "percentile25": 6.6,
    "percentile75": 7.2,
    "skewness": 1.1994357410930356,
    "kurtosis": 1.480126774501664,
    "outliers": [
      8.2
    ],
    "badValue": 0
  },
  "playerNumber": 33,
  "noATTR": 10,
  "noRating": 10
}