{
  "playerValue": {
    "total": 86075000,
    "min": 155000,
    "max": 11300000,
    "avg": 2869166.6666666665,
    "median": 2100000,
    "standardDeviation": 3014945.572569355,
    "percentile25": 655000,
    "percentile75": 2900000,
    "qArr": [
      155000,
      380000,
      1500000,
      2100000,
      2600000,
      3300000,
      10500000
    ],
    "skewness": 1.7511069329139621,
    "badValue": 1
  },
  "playerAge": {
    "total": 768,
    "min": 18,
    "max": 34,
    "avg": 24.774193548387096,
    "median": 24,
    "standardDeviation": 4.021792871099019,
    "percentile25": 22,
    "percentile75": 29,
    "qArr": [
      19,
      22,
      22,
      24,
      26,
      29,
      31
    ],
    "skewness": 0.45191013327538115,
    "badValue": 0
  },
  "playerATT": {
    "total": 1125,
    "min": 32,
    "max": 65,
    "avg": 51.13636363636363,
    "median": 55.5,
    "standardDeviation": 10.801075091883021,
    "percentile25": 39,
    "percentile75": 59,
    "qArr": [
      33,
      39,
      51,
      55,
      58,
      59,
      65
    ],
    "skewness": -0.6376321164242836,
    "badValue": 0
  },
  "playerTEC": {
    "total": 1101,
    "min": 42,
    "max": 64,
    "avg": 50.04545454545455,
    "median": 48,
    "standardDeviation": 5.304177365120926,
    "percentile25": 47,
    "percentile75": 52,
    "qArr": [
      42,
      47,
      47,
      48,
      52,
      54,
      58
    ],
    "skewness": 0.8994960450114647,
    "badValue": 0
  },
  "playerTAC": {
    "total": 1075,
    "min": 37,
    "max": 68,
    "avg": 48.86363636363637,
    "median": 45,
    "standardDeviation": 8.930516907290695,
    "percentile25": 41,
    "percentile75": 57,
    "qArr": [
      38,
      39,
      44,
      45,
      54,
      59,
      61
    ],
    "skewness": 0.4625027830892006,
    "badValue": 0
  },
  "playerDEF": {
    "total": 1154,
    "min": 26,
    "max": 76,
    "avg": 52.45454545454545,
    "median": 48,
    "standardDeviation": 16.2249170686416,
    "percentile25": 39,
    "percentile75": 71,
    "qArr": [
      29,
      36,
      42,
      46,
      61,
      72,
      76
    ],
    "skewness": 0.12112361381636014,
    "badValue": 0
  },
  "playerCRE": {
    "total": 1121,
    "min": 34,
    "max": 78,
    "avg": 50.95454545454545,
    "median": 50,
    "standardDeviation": 11.514722878784648,
    "percentile25": 43,
    "percentile75": 59,
    "qArr": [
      35,
      42,
      47,
      50,
      54,
      61,
      70
    ],
    "skewness": 0.6163601421369066,
    "badValue": 0
  },
  "playerTOT": {
    "total": 5576,
    "min": 217,
    "max": 320,
    "avg": 253.45454545454547,
    "median": 247.5,
    "standardDeviation": 23.239322617117722,
    "percentile25": 241,
    "percentile75": 265,
    "qArr": [
      231,
      234,
      243,
      247,
      254,
      268,
      302
    ],
    "skewness": 1.4507336970009126,
    "badValue": 0
  },
  "playerRating": {
    "total": 151.6,
    "min": 6.3,
    "max": 8,
    "avg": 6.890909090909091,
    "median": 6.75,
    "standardDeviation": 0.40888883898270945,
    "percentile25": 6.6,
    "percentile75": 7.1,
    "qArr": [
      6.4,
      6.6,
      6.7,
      6.7,
      7.1,
      7.2,
      7.5
    ],
    "skewness": 1.0683741552001758,
    "badValue": 0
  },
  "playerNumber": 31,
  "noATTR": 9,
  "noRating": 9
}