{
  "playerValue": {
    "total": 24383392954,
    "min": 23000,
    "max": 196000000,
    "avg": 6758146.605875831,
    "median": 1600000,
    "standardDeviation": 14752592.555644479,
    "percentile25": 470000,
    "percentile75": 5300000,
    "qArr": [
      130000,
      360000,
      810000,
      1600000,
      2900000,
      8300000,
      32000000
    ],
    "skewness": 5.178072522909197,
    "badValue": 304
  },
  "playerAge": {
    "total": 99224,
    "min": 16,
    "max": 43,
    "avg": 25.799271970878834,
    "median": 25,
    "standardDeviation": 4.623051457012584,
    "percentile25": 22,
    "percentile75": 29,
    "qArr": [
      19,
      22,
      23,
      25,
      27,
      30,
      34
    ],
    "skewness": 0.45378904041478846,
    "badValue": 66
  },
  "playerATT": {
    "total": 137012,
    "min": 31,
    "max": 92,
    "avg": 52.79845857418112,
    "median": 53,
    "standardDeviation": 12.22990418567806,
    "percentile25": 42,
    "percentile75": 61,
    "qArr": [
      35,
      40,
      47,
      53,
      58,
      64,
      74
    ],
    "skewness": 0.2935402696020528,
    "badValue": 0
  },
  "playerTEC": {
    "total": 132728,
    "min": 11,
    "max": 93,
    "avg": 51.147591522157995,
    "median": 50,
    "standardDeviation": 8.143143088698023,
    "percentile25": 45,
    "percentile75": 56,
    "qArr": [
      41,
      45,
      47,
      50,
      53,
      57,
      66
    ],
    "skewness": 0.7606655138796504,
    "badValue": 0
  },
  "playerTAC": {
    "total": 125579,
    "min": 11,
    "max": 91,
    "avg": 48.39267822736031,
    "median": 47,
    "standardDeviation": 10.918102217215097,
    "percentile25": 41,
    "percentile75": 55,
    "qArr": [
      32,
      39,
      44,
      47,
      52,
      57,
      68
    ],
    "skewness": 0.37253482935344595,
    "badValue": 0
  },
  "playerDEF": {
    "total": 130728,
    "min": 11,
    "max": 94,
    "avg": 50.376878612716766,
    "median": 50,
    "standardDeviation": 16.99583325017435,
    "percentile25": 35,
    "percentile75": 64,
    "qArr": [
      25,
      34,
      41,
      50,
      59,
      67,
      77
    ],
    "skewness": 0.09202608787764247,
    "badValue": 0
  },
  "playerCRE": {
    "total": 134423,
    "min": 30,
    "max": 99,
    "avg": 51.80077071290944,
    "median": 51,
    "standardDeviation": 10.324111712055224,
    "percentile25": 44,
    "percentile75": 58,
    "qArr": [
      37,
      43,
      47,
      51,
      55,
      60,
      71
    ],
    "skewness": 0.5850611937840945,
    "badValue": 0
  },
  "playerTOT": {
    "total": 660470,
    "min": 156,
    "max": 400,
    "avg": 254.51637764932562,
    "median": 250,
    "standardDeviation": 29.75720669467667,
    "percentile25": 235,
    "percentile75": 270,
    "qArr": [
      216,
      231,
      240,
      250,
      260,
      275,
      307
    ],
    "skewness": 1.1740301354027143,
    "badValue": 0
  },
  "playerRating": {
    "total": 17840.440000000024,
    "min": 3.6,
    "max": 9.9,
    "avg": 6.909542989930296,
    "median": 6.8,
    "standardDeviation": 0.5132095740504317,
    "percentile25": 6.6,
    "percentile75": 7.2,
    "qArr": [
      6.3,
      6.5,
      6.7,
      6.8,
      7,
      7.3,
      7.8
    ],
    "skewness": 0.9480228638200647,
    "badValue": 0
  },
  "playerNumber": 3912,
  "noATTR": 1290,
  "noRating": 1303
}