{
  "playerValue": {
    "total": 23656705958,
    "min": 27000,
    "max": 196000000,
    "avg": 8087762.720683761,
    "median": 2100000,
    "standardDeviation": 16082581.586826373,
    "percentile25": 650000,
    "percentile75": 8100000,
    "skewness": 4.693891426125258,
    "kurtosis": 33.017495384621874,
    "outliers": [
      19300000,
      19400000,
      19400000,
      19400000,
      19400000,
      19400000,
      19400000,
      19400000,
      19400000,
      19400000,
      19400000,
      19400000,
      19500000,
      19500000,
      19600000,
      19600000,
      19600000,
      19700000,
      19900000,
      20000000,
      20000000,
      20000000,
      20000000,
      20000000,
      20000000,
      21000000,
      21000000,
      21000000,
      21000000,
      21000000,
      21000000,
      21000000,
      21000000,
      21000000,
      21000000,
      21000000,
      21000000,
      21000000,
      21000000,
      21000000,
      21000000,
      21000000,
      21000000,
      21000000,
      21000000,
      21000000,
      21000000,
      21000000,
      21000000,
      21000000,
      21000000,
      22000000,
      22000000,
      22000000,
      22000000,
      22000000,
      22000000,
      22000000,
      23000000,
      23000000,
      23000000,
      23000000,
      23000000,
      23000000,
      23000000,
      23000000,
      23000000,
      23000000,
      23000000,
      23000000,
      23000000,
      23000000,
      23000000,
      23000000,
      23000000,
      23000000,
      23000000,
      23000000,
      23000000,
      23000000,
      24000000,
      24000000,
      24000000,
      24000000,
      24000000,
      24000000,
      24000000,
      24000000,
      24000000,
      24000000,
      24000000,
      24000000,
      24000000,
      24000000,
      24000000,
      24000000,
      24000000,
      24000000,
      24000000,
      25000000,
      25000000,
      25000000,
      26000000,
      26000000,
      26000000,
      26000000,
      26000000,
      26000000,
      26000000,
      26000000,
      26000000,
      26000000,
      26000000,
      26000000,
      26000000,
      26000000,
      26000000,
      26000000,
      27000000,
      27000000,
      27000000,
      27000000,
      27000000,
      27000000,
      27000000,
      27000000,
      27000000,
      27000000,
      27000000,
      27000000,
      27000000,
      27000000,
      27000000,
      27000000,
      27000000,
      27000000,
      27000000,
      28000000,
      28000000,
      29000000,
      29000000,
      29000000,
      29000000,
      29000000,
      29000000,
      29000000,
      29000000,
      29000000,
      29000000,
      29000000,
      29000000,
      29000000,
      29000000,
      29000000,
      29000000,
      29000000,
      29000000,
      29000000,
      30000000,
      30000000,
      30000000,
      30000000,
      30000000,
      31000000,
      31000000,
      31000000,
      31000000,
      31000000,
      31000000,
      31000000,
      31000000,
      31000000,
      31000000,
      31000000,
      31000000,
      31000000,
      31000000,
      31000000,
      31000000,
      32000000,
      32000000,
      32000000,
      32000000,
      32000000,
      32000000,
      32000000,
      32000000,
      32000000,
      32000000,
      32000000,
      32000000,
      33000000,
      33000000,
      33000000,
      33000000,
      33000000,
      34000000,
      34000000,
      34000000,
      34000000,
      34000000,
      34000000,
      34000000,
      34000000,
      34000000,
      34000000,
      35000000,
      35000000,
      36000000,
      36000000,
      36000000,
      36000000,
      36000000,
      36000000,
      36000000,
      36000000,
      36000000,
      37000000,
      37000000,
      37000000,
      37000000,
      37000000,
      37000000,
      37000000,
      37000000,
      37000000,
      38000000,
      38000000,
      38000000,
      38000000,
      38000000,
      38000000,
      38000000,
      38000000,
      39000000,
      39000000,
      39000000,
      39000000,
      39000000,
      40000000,
      41000000,
      41000000,
      41000000,
      42000000,
      42000000,
      42000000,
      42000000,
      42000000,
      42000000,
      42000000,
      42000000,
      42000000,
      43000000,
      43000000,
      43000000,
      43000000,
      43000000,
      44000000,
      44000000,
      44000000,
      44000000,
      44000000,
      45000000,
      46000000,
      46000000,
      46000000,
      47000000,
      47000000,
      47000000,
      47000000,
      47000000,
      48000000,
      48000000,
      48000000,
      48000000,
      49000000,
      49000000,
      49000000,
      49000000,
      50000000,
      52000000,
      52000000,
      52000000,
      52000000,
      52000000,
      52000000,
      52000000,
      53000000,
      53000000,
      53000000,
      53000000,
      53000000,
      53000000,
      53000000,
      54000000,
      54000000,
      54000000,
      55000000,
      56000000,
      57000000,
      57000000,
      58000000,
      60000000,
      60000000,
      62000000,
      62000000,
      63000000,
      63000000,
      63000000,
      64000000,
      64000000,
      64000000,
      65000000,
      65000000,
      65000000,
      65000000,
      67000000,
      67000000,
      67000000,
      67000000,
      67000000,
      67000000,
      68000000,
      68000000,
      68000000,
      69000000,
      71000000,
      72000000,
      73000000,
      73000000,
      75000000,
      75000000,
      76000000,
      76000000,
      77000000,
      78000000,
      81000000,
      82000000,
      82000000,
      86000000,
      87000000,
      87000000,
      87000000,
      88000000,
      88000000,
      93000000,
      95000000,
      97000000,
      103000000,
      104000000,
      114000000,
      116000000,
      117000000,
      117000000,
      121000000,
      129000000,
      142000000,
      147000000,
      170000000,
      187000000,
      191000000,
      196000000
    ],
    "badValue": 273
  },
  "playerAge": {
    "total": 80067,
    "min": 16,
    "max": 43,
    "avg": 25.58868648130393,
    "median": 25,
    "standardDeviation": 4.550966291229283,
    "percentile25": 22,
    "percentile75": 29,
    "skewness": 0.41727774553957403,
    "kurtosis": -0.29495630740550505,
    "outliers": [
      40,
      40,
      40,
      40,
      40,
      42,
      43
    ],
    "badValue": 69
  },
  "playerATT": {
    "total": 114688,
    "min": 31,
    "max": 92,
    "avg": 53.46759906759907,
    "median": 53,
    "standardDeviation": 12.466757627814646,
    "percentile25": 43,
    "percentile75": 62,
    "skewness": 0.2866883891926005,
    "kurtosis": -0.6049357931741337,
    "outliers": [
      92
    ],
    "badValue": 0
  },
  "playerTEC": {
    "total": 110511,
    "min": 11,
    "max": 93,
    "avg": 51.52027972027972,
    "median": 50,
    "standardDeviation": 8.361120139771133,
    "percentile25": 46,
    "percentile75": 56,
    "skewness": 0.7627936491821378,
    "kurtosis": 1.6822487847908891,
    "outliers": [
      11,
      16,
      22,
      26,
      28,
      72,
      72,
      72,
      72,
      72,
      72,
      72,
      72,
      72,
      72,
      72,
      72,
      73,
      73,
      73,
      73,
      73,
      73,
      74,
      74,
      74,
      74,
      74,
      75,
      75,
      75,
      75,
      76,
      76,
      76,
      77,
      77,
      77,
      77,
      77,
      77,
      77,
      78,
      78,
      79,
      79,
      80,
      80,
      80,
      81,
      82,
      82,
      83,
      83,
      84,
      84,
      86,
      86,
      86,
      93
    ],
    "badValue": 0
  },
  "playerTAC": {
    "total": 104873,
    "min": 11,
    "max": 91,
    "avg": 48.89184149184149,
    "median": 48,
    "standardDeviation": 11.328593014396455,