{
  "playerValue": {
    "total": 168469999,
    "min": 110000,
    "max": 24000000,
    "avg": 5264687.46875,
    "median": 3050000,
    "standardDeviation": 6204507.0337124085,
    "percentile25": 860000,
    "percentile75": 6400000,
    "qArr": [
      205000,
      735000,
      1800000,
      3000000,
      3600000,
      8300000,
      20000000
    ],
    "skewness": 1.7414135096194008,
    "badValue": 1
  },
  "playerAge": {
    "total": 793,
    "min": 19,
    "max": 33,
    "avg": 24.78125,
    "median": 24,
    "standardDeviation": 3.8708395003538962,
    "percentile25": 21,
    "percentile75": 28,
    "qArr": [
      19,
      21,
      23,
      24,
      27,
      28,
      32
    ],
    "skewness": 0.31086475997988844,
    "badValue": 1
  },
  "playerATT": {
    "total": 1173,
    "min": 34,
    "max": 80,
    "avg": 55.857142857142854,
    "median": 59,
    "standardDeviation": 12.555726124099765,
    "percentile25": 45,
    "percentile75": 66,
    "qArr": [
      36,
      43,
      53,
      59,
      61,
      66,
      73
    ],
    "skewness": -0.19784216186684012,
    "badValue": 0
  },
  "playerTEC": {
    "total": 1143,
    "min": 36,
    "max": 74,
    "avg": 54.42857142857143,
    "median": 55,
    "standardDeviation": 9.878169430239442,
    "percentile25": 48,
    "percentile75": 60,
    "qArr": [
      40,
      45,
      51,
      55,
      59,
      60,
      70
    ],
    "skewness": 0.0781299593183426,
    "badValue": 0
  },
  "playerTAC": {
    "total": 1099,
    "min": 35,
    "max": 83,
    "avg": 52.333333333333336,
    "median": 52,
    "standardDeviation": 10.380078600185634,
    "percentile25": 45,
    "percentile75": 56,
    "qArr": [
      38,
      44,
      51,
      52,
      54,
      57,
      67
    ],
    "skewness": 1.0462309530011136,
    "badValue": 0
  },
  "playerDEF": {
    "total": 1014,
    "min": 26,
    "max": 87,
    "avg": 48.285714285714285,
    "median": 52,
    "standardDeviation": 16.21622602193734,
    "percentile25": 30,
    "percentile75": 58,
    "qArr": [
      26,
      30,
      44,
      52,
      56,
      60,
      69
    ],
    "skewness": 0.32455787398333075,
    "badValue": 0
  },
  "playerCRE": {
    "total": 1162,
    "min": 34,
    "max": 73,
    "avg": 55.333333333333336,
    "median": 54,
    "standardDeviation": 10.444106715242098,
    "percentile25": 50,
    "percentile75": 61,
    "qArr": [
      38,
      47,
      53,
      54,
      56,
      63,
      73
    ],
    "skewness": -0.013604063085380695,
    "badValue": 0
  },
  "playerTOT": {
    "total": 5591,
    "min": 226,
    "max": 391,
    "avg": 266.23809523809524,
    "median": 258,
    "standardDeviation": 33.938185772294005,
    "percentile25": 251,
    "percentile75": 274,
    "qArr": [
      227,
      250,
      255,
      258,
      271,
      280,
      298
    ],
    "skewness": 2.5469584839292088,
    "badValue": 0
  },
  "playerRating": {
    "total": 137.8,
    "min": 6.1,
    "max": 7.8,
    "avg": 6.890000000000001,
    "median": 6.8,
    "standardDeviation": 0.40607881008493907,
    "percentile25": 6.6,
    "percentile75": 7.2,
    "qArr": [
      6.1,
      6.6,
      6.7,
      6.8,
      7.1,
      7.2,
      7.6
    ],
    "skewness": 0.3728722779504787,
    "badValue": 0
  },
  "playerNumber": 33,
  "noATTR": 12,
  "noRating": 13
}