{
  "playerValue": {
    "total": 51579999,
    "min": 27000,
    "max": 6700000,
    "avg": 1563030.2727272727,
    "median": 840000,
    "standardDeviation": 1693330.946333547,
    "percentile25": 480000,
    "percentile75": 1900000,
    "skewness": 1.8041900157425865,
    "kurtosis": 2.7645087102752846,
    "outliers": [
      4099999,
      5200000,
      5900000,
      6700000
    ],
    "badValue": 1
  },
  "playerAge": {
    "total": 857,
    "min": 18,
    "max": 36,
    "avg": 25.205882352941178,
    "median": 24,
    "standardDeviation": 4.5875753673225965,
    "percentile25": 22,
    "percentile75": 29,
    "skewness": 0.5671571508654183,
    "kurtosis": -0.3763592494331367,
    "outliers": [],
    "badValue": 0
  },
  "playerATT": {
    "total": 1159,
    "min": 35,
    "max": 71,
    "avg": 50.391304347826086,
    "median": 50,
    "standardDeviation": 10.063879148522604,
    "percentile25": 45,
    "percentile75": 57,
    "skewness": 0.28762884057452126,
    "kurtosis": -0.22397020206622154,
    "outliers": [],
    "badValue": 0
  },
  "playerTEC": {
    "total": 1133,
    "min": 40,
    "max": 65,
    "avg": 49.26086956521739,
    "median": 48,
    "standardDeviation": 5.877128782162018,
    "percentile25": 45,
    "percentile75": 54,
    "skewness": 1.059890365844403,
    "kurtosis": 1.2251993291283743,
    "outliers": [],
    "badValue": 0
  },
  "playerTAC": {
    "total": 1042,
    "min": 31,
    "max": 61,
    "avg": 45.30434782608695,
    "median": 44,
    "standardDeviation": 9.176694406312281,
    "percentile25": 38,
    "percentile75": 55,
    "skewness": 0.1566656351532658,
    "kurtosis": -1.0797202143714641,
    "outliers": [],
    "badValue": 0
  },
  "playerDEF": {
    "total": 1154,
    "min": 22,
    "max": 73,
    "avg": 50.17391304347826,
    "median": 50,
    "standardDeviation": 13.782951579879693,
    "percentile25": 41,
    "percentile75": 62,
    "skewness": 0.18215271431152566,
    "kurtosis": -0.2362059281589568,
    "outliers": [],
    "badValue": 0
  },
  "playerCRE": {
    "total": 1141,
    "min": 37,
    "max": 67,
    "avg": 49.608695652173914,
    "median": 48,
    "standardDeviation": 7.38823465667916,
    "percentile25": 45,
    "percentile75": 55,
    "skewness": 0.1217387907400422,
    "kurtosis": 0.20792589683542406,
    "outliers": [],
    "badValue": 0
  },
  "playerTOT": {
    "total": 5629,
    "min": 207,
    "max": 284,
    "avg": 244.7391304347826,
    "median": 243,
    "standardDeviation": 18.65060295401208,
    "percentile25": 233,
    "percentile75": 257,
    "skewness": 0.19045936238051975,
    "kurtosis": 0.08045543772128294,
    "outliers": [],
    "badValue": 0
  },
  "playerRating": {
    "total": 157.70000000000002,
    "min": 6.3,
    "max": 8.9,
    "avg": 6.856521739130436,
    "median": 6.8,
    "standardDeviation": 0.5419979840781712,
    "percentile25": 6.5,
    "percentile75": 7,
    "skewness": 2.6837425681570877,
    "kurtosis": 9.15632716575572,
    "outliers": [
      8.9
    ],
    "badValue": 0
  },
  "playerNumber": 34,
  "noATTR": 11,
  "noRating": 11
}