{
  "playerValue": {
    "total": 51579999,
    "min": 27000,
    "max": 6700000,
    "avg": 1563030.2727272727,
    "median": 840000,
    "standardDeviation": 1693330.946333547,
    "percentile25": 480000,
    "percentile75": 1900000,
    "qArr": [
      48000,
      195000,
      720000,
      840000,
      1400000,
      2500000,
      5900000
    ],
    "skewness": 1.8041900157425865,
    "badValue": 1
  },
  "playerAge": {
    "total": 857,
    "min": 18,
    "max": 36,
    "avg": 25.205882352941178,
    "median": 24,
    "standardDeviation": 4.5875753673225965,
    "percentile25": 22,
    "percentile75": 29,
    "qArr": [
      19,
      21,
      22,
      24,
      26,
      31,
      34
    ],
    "skewness": 0.5671571508654183,
    "badValue": 0
  },
  "playerATT": {
    "total": 1159,
    "min": 35,
    "max": 71,
    "avg": 50.391304347826086,
    "median": 50,
    "standardDeviation": 10.063879148522604,
    "percentile25": 45,
    "percentile75": 57,
    "qArr": [
      35,
      40,
      47,
      50,
      52,
      59,
      67
    ],
    "skewness": 0.28762884057452126,
    "badValue": 0
  },
  "playerTEC": {
    "total": 1133,
    "min": 40,
    "max": 65,
    "avg": 49.26086956521739,
    "median": 48,
    "standardDeviation": 5.877128782162018,
    "percentile25": 45,
    "percentile75": 54,
    "qArr": [
      43,
      45,
      47,
      48,
      49,
      55,
      60
    ],
    "skewness": 1.059890365844403,
    "badValue": 0
  },
  "playerTAC": {
    "total": 1042,
    "min": 31,
    "max": 61,
    "avg": 45.30434782608695,
    "median": 44,
    "standardDeviation": 9.176694406312281,
    "percentile25": 38,
    "percentile75": 55,
    "qArr": [
      32,
      38,
      42,
      44,
      50,
      56,
      58
    ],
    "skewness": 0.1566656351532658,
    "badValue": 0
  },
  "playerDEF": {
    "total": 1154,
    "min": 22,
    "max": 73,
    "avg": 50.17391304347826,
    "median": 50,
    "standardDeviation": 13.782951579879693,
    "percentile25": 41,
    "percentile75": 62,
    "qArr": [
      33,
      39,
      44,
      50,
      51,
      68,
      73
    ],
    "skewness": 0.18215271431152566,
    "badValue": 0
  },
  "playerCRE": {
    "total": 1141,
    "min": 37,
    "max": 67,
    "avg": 49.608695652173914,
    "median": 48,
    "standardDeviation": 7.38823465667916,
    "percentile25": 45,
    "percentile75": 55,
    "qArr": [
      37,
      43,
      47,
      48,
      53,
      56,
      58
    ],
    "skewness": 0.1217387907400422,
    "badValue": 0
  },
  "playerTOT": {
    "total": 5629,
    "min": 207,
    "max": 284,
    "avg": 244.7391304347826,
    "median": 243,
    "standardDeviation": 18.65060295401208,
    "percentile25": 233,
    "percentile75": 257,
    "qArr": [
      219,
      226,
      238,
      243,
      252,
      260,
      277
    ],
    "skewness": 0.19045936238051975,
    "badValue": 0
  },
  "playerRating": {
    "total": 157.70000000000002,
    "min": 6.3,
    "max": 8.9,
    "avg": 6.856521739130436,
    "median": 6.8,
    "standardDeviation": 0.5419979840781712,
    "percentile25": 6.5,
    "percentile75": 7,
    "qArr": [
      6.3,
      6.5,
      6.6,
      6.8,
      6.8,
      7,
      7.6
    ],
    "skewness": 2.6837425681570877,
    "badValue": 0
  },
  "playerNumber": 34,
  "noATTR": 11,
  "noRating": 11
}