{
  "playerValue": {
    "total": 14303000,
    "min": 48000,
    "max": 1500000,
    "avg": 510821.4285714286,
    "median": 402500,
    "standardDeviation": 386453.66138511244,
    "percentile25": 210000,
    "percentile75": 570000,
    "qArr": [
      70000,
      205000,
      320000,
      390000,
      520000,
      725000,
      1500000
    ],
    "skewness": 1.4234392969308842,
    "badValue": 2
  },
  "playerAge": {
    "total": 780,
    "min": 19,
    "max": 33,
    "avg": 26,
    "median": 26,
    "standardDeviation": 4.48701831212369,
    "percentile25": 22,
    "percentile75": 30,
    "qArr": [
      19,
      21,
      23,
      26,
      28,
      31,
      33
    ],
    "skewness": 0.14722928411742936,
    "badValue": 0
  },
  "playerATT": {
    "total": 595,
    "min": 34,
    "max": 65,
    "avg": 49.583333333333336,
    "median": 48,
    "standardDeviation": 8.845510474560275,
    "percentile25": 41,
    "percentile75": 56,
    "qArr": [
      34,
      41,
      46,
      47,
      56,
      58,
      65
    ],
    "skewness": 0.01410945643101607,
    "badValue": 0
  },
  "playerTEC": {
    "total": 609,
    "min": 42,
    "max": 67,
    "avg": 50.75,
    "median": 49.5,
    "standardDeviation": 6.029441654636577,
    "percentile25": 46,
    "percentile75": 52,
    "qArr": [
      42,
      46,
      49,
      49,
      51,
      54,
      67
    ],
    "skewness": 1.7022799874237677,
    "badValue": 0
  },
  "playerTAC": {
    "total": 542,
    "min": 31,
    "max": 60,
    "avg": 45.166666666666664,
    "median": 42,
    "standardDeviation": 9.719682207882222,
    "percentile25": 36,
    "percentile75": 55,
    "qArr": [
      31,
      36,
      41,
      42,
      48,
      55,
      60
    ],
    "skewness": 0.36913833428446435,
    "badValue": 0
  },
  "playerDEF": {
    "total": 562,
    "min": 21,
    "max": 70,
    "avg": 46.833333333333336,
    "median": 49,
    "standardDeviation": 16.93533452741798,
    "percentile25": 30,
    "percentile75": 62,
    "qArr": [
      21,
      30,
      37,
      46,
      61,
      63,
      70
    ],
    "skewness": -0.265006491514553,
    "badValue": 0
  },
  "playerCRE": {
    "total": 598,
    "min": 42,
    "max": 61,
    "avg": 49.833333333333336,
    "median": 50,
    "standardDeviation": 5.241395064505463,
    "percentile25": 46,
    "percentile75": 51,
    "qArr": [
      42,
      46,
      46,
      49,
      51,
      52,
      61
    ],
    "skewness": 0.9007186244635473,
    "badValue": 0
  },
  "playerTOT": {
    "total": 2906,
    "min": 203,
    "max": 272,
    "avg": 242.16666666666666,
    "median": 246,
    "standardDeviation": 21.027098917560856,
    "percentile25": 223,
    "percentile75": 252,
    "qArr": [
      203,
      223,
      242,
      243,
      250,
      255,
      272
    ],
    "skewness": -0.7046677435137936,
    "badValue": 0
  },
  "playerRating": {
    "total": 80.60000000000001,
    "min": 6.3,
    "max": 7.3,
    "avg": 6.716666666666668,
    "median": 6.7,
    "standardDeviation": 0.31578825535827343,
    "percentile25": 6.4,
    "percentile75": 6.9,
    "qArr": [
      6.3,
      6.4,
      6.5,
      6.7,
      6.8,
      7.1,
      7.3
    ],
    "skewness": 0.48537032028256066,
    "badValue": 0
  },
  "playerNumber": 30,
  "noATTR": 18,
  "noRating": 18
}