{
  "playerValue": {
    "total": 14303000,
    "min": 48000,
    "max": 1500000,
    "avg": 510821.4285714286,
    "median": 402500,
    "standardDeviation": 386453.66138511244,
    "percentile25": 210000,
    "percentile75": 570000,
    "skewness": 1.4234392969308842,
    "kurtosis": 1.6289343535834195,
    "outliers": [
      1200000,
      1500000,
      1500000
    ],
    "badValue": 2
  },
  "playerAge": {
    "total": 780,
    "min": 19,
    "max": 33,
    "avg": 26,
    "median": 26,
    "standardDeviation": 4.48701831212369,
    "percentile25": 22,
    "percentile75": 30,
    "skewness": 0.14722928411742936,
    "kurtosis": -1.1392706695495138,
    "outliers": [],
    "badValue": 0
  },
  "playerATT": {
    "total": 595,
    "min": 34,
    "max": 65,
    "avg": 49.583333333333336,
    "median": 48,
    "standardDeviation": 8.845510474560275,
    "percentile25": 41,
    "percentile75": 56,
    "skewness": 0.01410945643101607,
    "kurtosis": -0.2554179569484121,
    "outliers": [],
    "badValue": 0
  },
  "playerTEC": {
    "total": 609,
    "min": 42,
    "max": 67,
    "avg": 50.75,
    "median": 49.5,
    "standardDeviation": 6.029441654636577,
    "percentile25": 46,
    "percentile75": 52,
    "skewness": 1.7022799874237677,
    "kurtosis": 5.226178714261442,
    "outliers": [
      67
    ],
    "badValue": 0
  },
  "playerTAC": {
    "total": 542,
    "min": 31,
    "max": 60,
    "avg": 45.166666666666664,
    "median": 42,
    "standardDeviation": 9.719682207882222,
    "percentile25": 36,
    "percentile75": 55,
    "skewness": 0.36913833428446435,
    "kurtosis": -0.8807301860704349,
    "outliers": [],
    "badValue": 0
  },
  "playerDEF": {
    "total": 562,
    "min": 21,
    "max": 70,
    "avg": 46.833333333333336,
    "median": 49,
    "standardDeviation": 16.93533452741798,
    "percentile25": 30,
    "percentile75": 62,
    "skewness": -0.265006491514553,
    "kurtosis": -1.1385720777923871,
    "outliers": [],
    "badValue": 0
  },
  "playerCRE": {
    "total": 598,
    "min": 42,
    "max": 61,
    "avg": 49.833333333333336,
    "median": 50,
    "standardDeviation": 5.241395064505463,
    "percentile25": 46,
    "percentile75": 51,
    "skewness": 0.9007186244635473,
    "kurtosis": 1.182906077834514,
    "outliers": [
      61
    ],
    "badValue": 0
  },
  "playerTOT": {
    "total": 2906,
    "min": 203,
    "max": 272,
    "avg": 242.16666666666666,
    "median": 246,
    "standardDeviation": 21.027098917560856,
    "percentile25": 223,
    "percentile75": 252,
    "skewness": -0.7046677435137936,
    "kurtosis": 0.5813163517737667,
    "outliers": [],
    "badValue": 0
  },
  "playerRating": {
    "total": 80.60000000000001,
    "min": 6.3,
    "max": 7.3,
    "avg": 6.716666666666668,
    "median": 6.7,
    "standardDeviation": 0.31578825535827343,
    "percentile25": 6.4,
    "percentile75": 6.9,
    "skewness": 0.48537032028256066,
    "kurtosis": -0.5051162535888816,
    "outliers": [],
    "badValue": 0
  },
  "playerNumber": 30,
  "noATTR": 18,
  "noRating": 18
}