{
  "playerValue": {
    "total": 20000000,
    "min": 45000,
    "max": 2600000,
    "avg": 800000,
    "median": 580000,
    "standardDeviation": 603209.747931845,
    "percentile25": 415000,
    "percentile75": 1100000,
    "qArr": [
      220000,
      320000,
      465000,
      580000,
      805000,
      1200000,
      2200000
    ],
    "skewness": 1.622389140569568,
    "badValue": 2
  },
  "playerAge": {
    "total": 642,
    "min": 19,
    "max": 36,
    "avg": 25.68,
    "median": 25,
    "standardDeviation": 4.183013267968438,
    "percentile25": 23,
    "percentile75": 28,
    "qArr": [
      19,
      22,
      24,
      25,
      27,
      29,
      33
    ],
    "skewness": 0.5895456641771982,
    "badValue": 2
  },
  "playerATT": {
    "total": 962,
    "min": 34,
    "max": 66,
    "avg": 50.63157894736842,
    "median": 51,
    "standardDeviation": 9.1663602735666,
    "percentile25": 46,
    "percentile75": 58,
    "qArr": [
      34,
      42,
      47,
      51,
      57,
      59,
      66
    ],
    "skewness": -0.3356671090133133,
    "badValue": 0
  },
  "playerTEC": {
    "total": 911,
    "min": 39,
    "max": 54,
    "avg": 47.94736842105263,
    "median": 49,
    "standardDeviation": 4.382665425592853,
    "percentile25": 43,
    "percentile75": 52,
    "qArr": [
      39,
      43,
      46,
      49,
      50,
      52,
      54
    ],
    "skewness": -0.3521080447610129,
    "badValue": 0
  },
  "playerTAC": {
    "total": 864,
    "min": 38,
    "max": 61,
    "avg": 45.473684210526315,
    "median": 46,
    "standardDeviation": 6.260724870194905,
    "percentile25": 39,
    "percentile75": 48,
    "qArr": [
      38,
      39,
      40,
      46,
      47,
      49,
      61
    ],
    "skewness": 1.0441384678388594,
    "badValue": 0
  },
  "playerDEF": {
    "total": 935,
    "min": 32,
    "max": 72,
    "avg": 49.21052631578947,
    "median": 49,
    "standardDeviation": 13.332109823826483,
    "percentile25": 34,
    "percentile75": 60,
    "qArr": [
      32,
      34,
      41,
      49,
      56,
      61,
      72
    ],
    "skewness": 0.2663408741396703,
    "badValue": 0
  },
  "playerCRE": {
    "total": 898,
    "min": 36,
    "max": 63,
    "avg": 47.26315789473684,
    "median": 48,
    "standardDeviation": 6.995051674036274,
    "percentile25": 41,
    "percentile75": 51,
    "qArr": [
      36,
      41,
      43,
      48,
      49,
      52,
      63
    ],
    "skewness": 0.7243112980187533,
    "badValue": 0
  },
  "playerTOT": {
    "total": 4570,
    "min": 221,
    "max": 275,
    "avg": 240.52631578947367,
    "median": 239,
    "standardDeviation": 14.547086599448564,
    "percentile25": 232,
    "percentile75": 246,
    "qArr": [
      221,
      223,
      236,
      239,
      244,
      249,
      275
    ],
    "skewness": 0.8978577460300331,
    "badValue": 0
  },
  "playerRating": {
    "total": 134.59999999999997,
    "min": 6.1,
    "max": 8.6,
    "avg": 7.084210526315788,
    "median": 7,
    "standardDeviation": 0.5659302150532778,
    "percentile25": 6.7,
    "percentile75": 7.4,
    "qArr": [
      6.1,
      6.7,
      6.8,
      7,
      7.1,
      7.6,
      8.6
    ],
    "skewness": 1.0596658900304052,
    "badValue": 0
  },
  "playerNumber": 27,
  "noATTR": 8,
  "noRating": 8
}