{
  "playerValue": {
    "total": 7563000,
    "min": 23000,
    "max": 750000,
    "avg": 302520,
    "median": 275000,
    "standardDeviation": 183838.21583120307,
    "percentile25": 170000,
    "percentile75": 435000,
    "qArr": [
      26000,
      155000,
      210000,
      275000,
      320000,
      460000,
      650000
    ],
    "skewness": 0.7119047884937052,
    "badValue": 4
  },
  "playerAge": {
    "total": 705,
    "min": 19,
    "max": 32,
    "avg": 25.178571428571427,
    "median": 25.5,
    "standardDeviation": 3.928409087554868,
    "percentile25": 21,
    "percentile75": 29,
    "qArr": [
      19,
      20,
      23,
      25,
      27,
      29,
      31
    ],
    "skewness": -0.1964837506690239,
    "badValue": 1
  },
  "playerATT": {
    "total": 69,
    "min": 69,
    "max": 69,
    "avg": 69,
    "median": 69,
    "standardDeviation": 0,
    "percentile25": 69,
    "percentile75": 69,
    "qArr": [
      69,
      69,
      69,
      69,
      69,
      69,
      69
    ],
    "skewness": null,
    "badValue": 0
  },
  "playerTEC": {
    "total": 88,
    "min": 88,
    "max": 88,
    "avg": 88,
    "median": 88,
    "standardDeviation": 0,
    "percentile25": 88,
    "percentile75": 88,
    "qArr": [
      88,
      88,
      88,
      88,
      88,
      88,
      88
    ],
    "skewness": null,
    "badValue": 0
  },
  "playerTAC": {
    "total": 52,
    "min": 52,
    "max": 52,
    "avg": 52,
    "median": 52,
    "standardDeviation": 0,
    "percentile25": 52,
    "percentile75": 52,
    "qArr": [
      52,
      52,
      52,
      52,
      52,
      52,
      52
    ],
    "skewness": null,
    "badValue": 0
  },
  "playerDEF": {
    "total": 31,
    "min": 31,
    "max": 31,
    "avg": 31,
    "median": 31,
    "standardDeviation": 0,
    "percentile25": 31,
    "percentile75": 31,
    "qArr": [
      31,
      31,
      31,
      31,
      31,
      31,
      31
    ],
    "skewness": null,
    "badValue": 0
  },
  "playerCRE": {
    "total": 58,
    "min": 58,
    "max": 58,
    "avg": 58,
    "median": 58,
    "standardDeviation": 0,
    "percentile25": 58,
    "percentile75": 58,
    "qArr": [
      58,
      58,
      58,
      58,
      58,
      58,
      58
    ],
    "skewness": null,
    "badValue": 0
  },
  "playerTOT": {
    "total": 298,
    "min": 298,
    "max": 298,
    "avg": 298,
    "median": 298,
    "standardDeviation": 0,
    "percentile25": 298,
    "percentile75": 298,
    "qArr": [
      298,
      298,
      298,
      298,
      298,
      298,
      298
    ],
    "skewness": null,
    "badValue": 0
  },
  "playerRating": {
    "total": 7.2,
    "min": 7.2,
    "max": 7.2,
    "avg": 7.2,
    "median": 7.2,
    "standardDeviation": 0,
    "percentile25": 7.2,
    "percentile75": 7.2,
    "qArr": [
      7.2,
      7.2,
      7.2,
      7.2,
      7.2,
      7.2,
      7.2
    ],
    "skewness": null,
    "badValue": 0
  },
  "playerNumber": 29,
  "noATTR": 28,
  "noRating": 28
}