{
  "playerValue": {
    "total": 18911000,
    "min": 24000,
    "max": 2700000,
    "avg": 573060.6060606061,
    "median": 390000,
    "standardDeviation": 620425.8039001016,
    "percentile25": 135000,
    "percentile75": 620000,
    "qArr": [
      26000,
      120000,
      210000,
      390000,
      535000,
      765000,
      1900000
    ],
    "skewness": 1.9168874720724876,
    "badValue": 0
  },
  "playerAge": {
    "total": 840,
    "min": 19,
    "max": 37,
    "avg": 25.454545454545453,
    "median": 25,
    "standardDeviation": 5.135089678429155,
    "percentile25": 20,
    "percentile75": 29,
    "qArr": [
      19,
      19,
      23,
      25,
      27,
      31,
      33
    ],
    "skewness": 0.27301423136968034,
    "badValue": 0
  },
  "playerATT": {
    "total": 284,
    "min": 35,
    "max": 58,
    "avg": 47.333333333333336,
    "median": 48,
    "standardDeviation": 9.877021593352703,
    "percentile25": 37,
    "percentile75": 58,
    "qArr": [
      35,
      37,
      41,
      41,
      55,
      58,
      58
    ],
    "skewness": -0.11070078840210473,
    "badValue": 0
  },
  "playerTEC": {
    "total": 297,
    "min": 44,
    "max": 61,
    "avg": 49.5,
    "median": 48.5,
    "standardDeviation": 5.737304826019502,
    "percentile25": 44,
    "percentile75": 51,
    "qArr": [
      44,
      44,
      48,
      48,
      49,
      51,
      61
    ],
    "skewness": 1.8871825884252047,
    "badValue": 0
  },
  "playerTAC": {
    "total": 277,
    "min": 31,
    "max": 57,
    "avg": 46.166666666666664,
    "median": 47.5,
    "standardDeviation": 8.234412884690418,
    "percentile25": 42,
    "percentile75": 52,
    "qArr": [
      31,
      42,
      46,
      46,
      49,
      52,
      57
    ],
    "skewness": -1.1113918240726675,
    "badValue": 0
  },
  "playerDEF": {
    "total": 327,
    "min": 38,
    "max": 66,
    "avg": 54.5,
    "median": 56,
    "standardDeviation": 10.515861036231572,
    "percentile25": 45,
    "percentile75": 66,
    "qArr": [
      38,
      45,
      52,
      52,
      60,
      66,
      66
    ],
    "skewness": -0.5564637582903937,
    "badValue": 0
  },
  "playerCRE": {
    "total": 310,
    "min": 41,
    "max": 68,
    "avg": 51.666666666666664,
    "median": 47,
    "standardDeviation": 10.434983894999018,
    "percentile25": 43,
    "percentile75": 64,
    "qArr": [
      41,
      43,
      46,
      46,
      48,
      64,
      68
    ],
    "skewness": 1.092420253812297,
    "badValue": 0
  },
  "playerTOT": {
    "total": 1495,
    "min": 228,
    "max": 296,
    "avg": 249.16666666666666,
    "median": 240.5,
    "standardDeviation": 22.281656631009785,
    "percentile25": 237,
    "percentile75": 253,
    "qArr": [
      228,
      237,
      237,
      237,
      244,
      253,
      296
    ],
    "skewness": 2.428685920743457,
    "badValue": 0
  },
  "playerRating": {
    "total": 34.5,
    "min": 6.5,
    "max": 8,
    "avg": 6.9,
    "median": 6.7,
    "standardDeviation": 0.5549774770204644,
    "percentile25": 6.6,
    "percentile75": 6.7,
    "qArr": [
      6.5,
      6.5,
      6.6,
      6.7,
      6.7,
      6.7,
      8
    ],
    "skewness": 2.983624064771002,
    "badValue": 0
  },
  "playerNumber": 33,
  "noATTR": 27,
  "noRating": 28
}