{
  "playerValue": {
    "total": 11934000,
    "min": 52000,
    "max": 1500000,
    "avg": 442000,
    "median": 320000,
    "standardDeviation": 326221.9194670106,
    "percentile25": 220000,
    "percentile75": 630000,
    "qArr": [
      90000,
      185000,
      265000,
      320000,
      485000,
      630000,
      1200000
    ],
    "skewness": 1.7295720058449422,
    "badValue": 0
  },
  "playerAge": {
    "total": 703,
    "min": 20,
    "max": 36,
    "avg": 26.037037037037038,
    "median": 27,
    "standardDeviation": 4.2988498158657515,
    "percentile25": 22,
    "percentile75": 29,
    "qArr": [
      20,
      22,
      23,
      27,
      28,
      31,
      32
    ],
    "skewness": 0.3260398258229113,
    "badValue": 0
  },
  "playerATT": {
    "total": 705,
    "min": 33,
    "max": 66,
    "avg": 50.357142857142854,
    "median": 51,
    "standardDeviation": 9.566363265235593,
    "percentile25": 40,
    "percentile75": 58,
    "qArr": [
      33,
      39,
      46,
      49,
      58,
      59,
      66
    ],
    "skewness": -0.24052423295521871,
    "badValue": 0
  },
  "playerTEC": {
    "total": 671,
    "min": 42,
    "max": 56,
    "avg": 47.92857142857143,
    "median": 47,
    "standardDeviation": 4.431450676927457,
    "percentile25": 44,
    "percentile75": 52,
    "qArr": [
      42,
      43,
      45,
      47,
      50,
      53,
      56
    ],
    "skewness": 0.5609180328465556,
    "badValue": 0
  },
  "playerTAC": {
    "total": 663,
    "min": 31,
    "max": 59,
    "avg": 47.357142857142854,
    "median": 48.5,
    "standardDeviation": 8.25146863860474,
    "percentile25": 42,
    "percentile75": 53,
    "qArr": [
      31,
      39,
      44,
      48,
      53,
      55,
      59
    ],
    "skewness": -0.6138653819328631,
    "badValue": 0
  },
  "playerDEF": {
    "total": 729,
    "min": 29,
    "max": 74,
    "avg": 52.07142857142857,
    "median": 58,
    "standardDeviation": 16.055547709277874,
    "percentile25": 31,
    "percentile75": 66,
    "qArr": [
      29,
      31,
      43,
      57,
      66,
      67,
      74
    ],
    "skewness": -0.3937786830456035,
    "badValue": 0
  },
  "playerCRE": {
    "total": 661,
    "min": 36,
    "max": 58,
    "avg": 47.214285714285715,
    "median": 45.5,
    "standardDeviation": 6.9711504628368335,
    "percentile25": 43,
    "percentile75": 56,
    "qArr": [
      36,
      41,
      44,
      45,
      52,
      56,
      58
    ],
    "skewness": 0.14556256498940323,
    "badValue": 0
  },
  "playerTOT": {
    "total": 3429,
    "min": 203,
    "max": 282,
    "avg": 244.92857142857142,
    "median": 244,
    "standardDeviation": 21.22486508694893,
    "percentile25": 231,
    "percentile75": 262,
    "qArr": [
      203,
      224,
      232,
      243,
      252,
      265,
      282
    ],
    "skewness": 0.0068749604039207175,
    "badValue": 0
  },
  "playerRating": {
    "total": 93.69999999999999,
    "min": 6.1,
    "max": 7.3,
    "avg": 6.692857142857142,
    "median": 6.7,
    "standardDeviation": 0.33050672289312216,
    "percentile25": 6.5,
    "percentile75": 6.9,
    "qArr": [
      6.1,
      6.3,
      6.6,
      6.7,
      6.9,
      7,
      7.3
    ],
    "skewness": -0.1447332235728048,
    "badValue": 0
  },
  "playerNumber": 27,
  "noATTR": 13,
  "noRating": 13
}