{
  "playerValue": {
    "total": 11934000,
    "min": 52000,
    "max": 1500000,
    "avg": 442000,
    "median": 320000,
    "standardDeviation": 326221.9194670106,
    "percentile25": 220000,
    "percentile75": 630000,
    "skewness": 1.7295720058449422,
    "kurtosis": 3.810460425710323,
    "outliers": [
      1500000
    ],
    "badValue": 0
  },
  "playerAge": {
    "total": 703,
    "min": 20,
    "max": 36,
    "avg": 26.037037037037038,
    "median": 27,
    "standardDeviation": 4.2988498158657515,
    "percentile25": 22,
    "percentile75": 29,
    "skewness": 0.3260398258229113,
    "kurtosis": -0.6034751228654951,
    "outliers": [],
    "badValue": 0
  },
  "playerATT": {
    "total": 705,
    "min": 33,
    "max": 66,
    "avg": 50.357142857142854,
    "median": 51,
    "standardDeviation": 9.566363265235593,
    "percentile25": 40,
    "percentile75": 58,
    "skewness": -0.24052423295521871,
    "kurtosis": -0.5269549830335105,
    "outliers": [],
    "badValue": 0
  },
  "playerTEC": {
    "total": 671,
    "min": 42,
    "max": 56,
    "avg": 47.92857142857143,
    "median": 47,
    "standardDeviation": 4.431450676927457,
    "percentile25": 44,
    "percentile75": 52,
    "skewness": 0.5609180328465556,
    "kurtosis": -0.527297881123983,
    "outliers": [],
    "badValue": 0
  },
  "playerTAC": {
    "total": 663,
    "min": 31,
    "max": 59,
    "avg": 47.357142857142854,
    "median": 48.5,
    "standardDeviation": 8.25146863860474,
    "percentile25": 42,
    "percentile75": 53,
    "skewness": -0.6138653819328631,
    "kurtosis": 0.022944975289588054,
    "outliers": [],
    "badValue": 0
  },
  "playerDEF": {
    "total": 729,
    "min": 29,
    "max": 74,
    "avg": 52.07142857142857,
    "median": 58,
    "standardDeviation": 16.055547709277874,
    "percentile25": 31,
    "percentile75": 66,
    "skewness": -0.3937786830456035,
    "kurtosis": -1.1986924854725403,
    "outliers": [],
    "badValue": 0
  },
  "playerCRE": {
    "total": 661,
    "min": 36,
    "max": 58,
    "avg": 47.214285714285715,
    "median": 45.5,
    "standardDeviation": 6.9711504628368335,
    "percentile25": 43,
    "percentile75": 56,
    "skewness": 0.14556256498940323,
    "kurtosis": -0.7007886765517113,
    "outliers": [],
    "badValue": 0
  },
  "playerTOT": {
    "total": 3429,
    "min": 203,
    "max": 282,
    "avg": 244.92857142857142,
    "median": 244,
    "standardDeviation": 21.22486508694893,
    "percentile25": 231,
    "percentile75": 262,
    "skewness": 0.0068749604039207175,
    "kurtosis": 0.3554538124141473,
    "outliers": [],
    "badValue": 0
  },
  "playerRating": {
    "total": 93.69999999999999,
    "min": 6.1,
    "max": 7.3,
    "avg": 6.692857142857142,
    "median": 6.7,
    "standardDeviation": 0.33050672289312216,
    "percentile25": 6.5,
    "percentile75": 6.9,
    "skewness": -0.1447332235728048,
    "kurtosis": 0.09709481750525928,
    "outliers": [],
    "badValue": 0
  },
  "playerNumber": 27,
  "noATTR": 13,
  "noRating": 13
}