{
  "playerValue": {
    "total": 43770000,
    "min": 110000,
    "max": 3700000,
    "avg": 1215833.3333333333,
    "median": 917500,
    "standardDeviation": 991719.536405777,
    "percentile25": 310000,
    "percentile75": 1900000,
    "qArr": [
      110000,
      290000,
      550000,
      875000,
      1500000,
      2100000,
      3300000
    ],
    "skewness": 0.8475880015834555,
    "badValue": 1
  },
  "playerAge": {
    "total": 950,
    "min": 19,
    "max": 35,
    "avg": 25.675675675675677,
    "median": 26,
    "standardDeviation": 4.460360269378648,
    "percentile25": 22,
    "percentile75": 28,
    "qArr": [
      19,
      22,
      24,
      26,
      27,
      30,
      35
    ],
    "skewness": 0.4339918306340743,
    "badValue": 0
  },
  "playerATT": {
    "total": 1303,
    "min": 34,
    "max": 68,
    "avg": 54.291666666666664,
    "median": 55,
    "standardDeviation": 10.806939000269944,
    "percentile25": 47,
    "percentile75": 64,
    "qArr": [
      35,
      43,
      53,
      55,
      62,
      65,
      68
    ],
    "skewness": -0.6141334055528846,
    "badValue": 0
  },
  "playerTEC": {
    "total": 1234,
    "min": 35,
    "max": 64,
    "avg": 51.416666666666664,
    "median": 52.5,
    "standardDeviation": 7.571419212333239,
    "percentile25": 44,
    "percentile75": 57,
    "qArr": [
      39,
      42,
      49,
      52,
      56,
      59,
      61
    ],
    "skewness": -0.5305976102248642,
    "badValue": 0
  },
  "playerTAC": {
    "total": 1141,
    "min": 35,
    "max": 63,
    "avg": 47.541666666666664,
    "median": 47,
    "standardDeviation": 7.38229394489876,
    "percentile25": 42,
    "percentile75": 53,
    "qArr": [
      35,
      42,
      44,
      47,
      49,
      55,
      58
    ],
    "skewness": 0.23151209743550297,
    "badValue": 0
  },
  "playerDEF": {
    "total": 1170,
    "min": 26,
    "max": 78,
    "avg": 48.75,
    "median": 48,
    "standardDeviation": 15.767186390306504,
    "percentile25": 36,
    "percentile75": 59,
    "qArr": [
      26,
      30,
      39,
      46,
      54,
      69,
      73
    ],
    "skewness": 0.26861881078829947,
    "badValue": 0
  },
  "playerCRE": {
    "total": 1263,
    "min": 34,
    "max": 71,
    "avg": 52.625,
    "median": 55.5,
    "standardDeviation": 8.606259834174967,
    "percentile25": 48,
    "percentile75": 58,
    "qArr": [
      36,
      47,
      50,
      55,
      57,
      59,
      62
    ],
    "skewness": -0.5196557823755195,
    "badValue": 0
  },
  "playerTOT": {
    "total": 6111,
    "min": 226,
    "max": 300,
    "avg": 254.625,
    "median": 250,
    "standardDeviation": 19.55720775059671,
    "percentile25": 239,
    "percentile75": 270,
    "qArr": [
      229,
      235,
      244,
      249,
      258,
      275,
      285
    ],
    "skewness": 0.5986254219584691,
    "badValue": 0
  },
  "playerRating": {
    "total": 167.76999999999998,
    "min": 6.3,
    "max": 8.2,
    "avg": 6.990416666666666,
    "median": 6.9,
    "standardDeviation": 0.4530772484417592,
    "percentile25": 6.6,
    "percentile75": 7.17,
    "qArr": [
      6.5,
      6.6,
      6.7,
      6.9,
      7.1,
      7.3,
      7.7
    ],
    "skewness": 1.0487907729184534,
    "badValue": 0
  },
  "playerNumber": 37,
  "noATTR": 13,
  "noRating": 13
}