{
  "playerValue": {
    "total": 43770000,
    "min": 110000,
    "max": 3700000,
    "avg": 1215833.3333333333,
    "median": 917500,
    "standardDeviation": 991719.536405777,
    "percentile25": 310000,
    "percentile75": 1900000,
    "skewness": 0.8475880015834555,
    "kurtosis": -0.13653306099918128,
    "outliers": [],
    "badValue": 1
  },
  "playerAge": {
    "total": 950,
    "min": 19,
    "max": 35,
    "avg": 25.675675675675677,
    "median": 26,
    "standardDeviation": 4.460360269378648,
    "percentile25": 22,
    "percentile75": 28,
    "skewness": 0.4339918306340743,
    "kurtosis": -0.45158342101660454,
    "outliers": [],
    "badValue": 0
  },
  "playerATT": {
    "total": 1303,
    "min": 34,
    "max": 68,
    "avg": 54.291666666666664,
    "median": 55,
    "standardDeviation": 10.806939000269944,
    "percentile25": 47,
    "percentile75": 64,
    "skewness": -0.6141334055528846,
    "kurtosis": -0.6237002909081459,
    "outliers": [],
    "badValue": 0
  },
  "playerTEC": {
    "total": 1234,
    "min": 35,
    "max": 64,
    "avg": 51.416666666666664,
    "median": 52.5,
    "standardDeviation": 7.571419212333239,
    "percentile25": 44,
    "percentile75": 57,
    "skewness": -0.5305976102248642,
    "kurtosis": -0.33574034179364665,
    "outliers": [],
    "badValue": 0
  },
  "playerTAC": {
    "total": 1141,
    "min": 35,
    "max": 63,
    "avg": 47.541666666666664,
    "median": 47,
    "standardDeviation": 7.38229394489876,
    "percentile25": 42,
    "percentile75": 53,
    "skewness": 0.23151209743550297,
    "kurtosis": -0.30205572706799044,
    "outliers": [],
    "badValue": 0
  },
  "playerDEF": {
    "total": 1170,
    "min": 26,
    "max": 78,
    "avg": 48.75,
    "median": 48,
    "standardDeviation": 15.767186390306504,
    "percentile25": 36,
    "percentile75": 59,
    "skewness": 0.26861881078829947,
    "kurtosis": -0.8701759352018619,
    "outliers": [],
    "badValue": 0
  },
  "playerCRE": {
    "total": 1263,
    "min": 34,
    "max": 71,
    "avg": 52.625,
    "median": 55.5,
    "standardDeviation": 8.606259834174967,
    "percentile25": 48,
    "percentile75": 58,
    "skewness": -0.5196557823755195,
    "kurtosis": 0.5845192877649432,
    "outliers": [],
    "badValue": 0
  },
  "playerTOT": {
    "total": 6111,
    "min": 226,
    "max": 300,
    "avg": 254.625,
    "median": 250,
    "standardDeviation": 19.55720775059671,
    "percentile25": 239,
    "percentile75": 270,
    "skewness": 0.5986254219584691,
    "kurtosis": -0.29153981062893175,
    "outliers": [],
    "badValue": 0
  },
  "playerRating": {
    "total": 167.76999999999998,
    "min": 6.3,
    "max": 8.2,
    "avg": 6.990416666666666,
    "median": 6.9,
    "standardDeviation": 0.4530772484417592,
    "percentile25": 6.6,
    "percentile75": 7.17,
    "skewness": 1.0487907729184534,
    "kurtosis": 1.0542836655338506,
    "outliers": [
      8.2
    ],
    "badValue": 0
  },
  "playerNumber": 37,
  "noATTR": 13,
  "noRating": 13
}