{
  "playerValue": {
    "total": 12738000,
    "min": 78000,
    "max": 1500000,
    "avg": 424600,
    "median": 290000,
    "standardDeviation": 335997.48014928127,
    "percentile25": 190000,
    "percentile75": 640000,
    "skewness": 1.5944059968992772,
    "kurtosis": 2.4778177501134837,
    "outliers": [
      1500000
    ],
    "badValue": 1
  },
  "playerAge": {
    "total": 803,
    "min": 19,
    "max": 38,
    "avg": 25.903225806451612,
    "median": 25,
    "standardDeviation": 5.491076859600829,
    "percentile25": 22,
    "percentile75": 31,
    "skewness": 0.6594998149833277,
    "kurtosis": -0.4320408527040134,
    "outliers": [],
    "badValue": 0
  },
  "playerATT": {
    "total": 709,
    "min": 34,
    "max": 65,
    "avg": 47.266666666666666,
    "median": 49,
    "standardDeviation": 10.194551921928149,
    "percentile25": 36,
    "percentile75": 55,
    "skewness": 0.23745478107662454,
    "kurtosis": -0.6639356748497698,
    "outliers": [],
    "badValue": 0
  },
  "playerTEC": {
    "total": 724,
    "min": 40,
    "max": 61,
    "avg": 48.266666666666666,
    "median": 49,
    "standardDeviation": 5.6031737038535185,
    "percentile25": 43,
    "percentile75": 52,
    "skewness": 0.57578255340291,
    "kurtosis": 0.5230096022788704,
    "outliers": [],
    "badValue": 0
  },
  "playerTAC": {
    "total": 733,
    "min": 33,
    "max": 64,
    "avg": 48.86666666666667,
    "median": 47,
    "standardDeviation": 7.069810621383165,
    "percentile25": 45,
    "percentile75": 54,
    "skewness": 0.013511131722705388,
    "kurtosis": 1.7966130148287442,
    "outliers": [],
    "badValue": 0
  },
  "playerDEF": {
    "total": 811,
    "min": 30,
    "max": 72,
    "avg": 54.06666666666667,
    "median": 54,
    "standardDeviation": 11.641687544720005,
    "percentile25": 49,
    "percentile75": 66,
    "skewness": -0.40449621945778064,
    "kurtosis": 0.3507674406710324,
    "outliers": [],
    "badValue": 0
  },
  "playerCRE": {
    "total": 714,
    "min": 37,
    "max": 64,
    "avg": 47.6,
    "median": 46,
    "standardDeviation": 7.50821772016058,
    "percentile25": 42,
    "percentile75": 51,
    "skewness": 1.210703129559973,
    "kurtosis": 1.3802634864743633,
    "outliers": [],
    "badValue": 0
  },
  "playerTOT": {
    "total": 3691,
    "min": 205,
    "max": 286,
    "avg": 246.06666666666666,
    "median": 245,
    "standardDeviation": 17.593433118322555,
    "percentile25": 236,
    "percentile75": 256,
    "skewness": 0.006937789492953574,
    "kurtosis": 2.793024923574718,
    "outliers": [
      205
    ],
    "badValue": 0
  },
  "playerRating": {
    "total": 103.30000000000001,
    "min": 6.2,
    "max": 7.6,
    "avg": 6.886666666666668,
    "median": 6.7,
    "standardDeviation": 0.38273866918419525,
    "percentile25": 6.6,
    "percentile75": 7.3,
    "skewness": 0.38209151543003156,
    "kurtosis": -0.2239125414716363,
    "outliers": [],
    "badValue": 0
  },
  "playerNumber": 31,
  "noATTR": 16,
  "noRating": 16
}