{
  "playerValue": {
    "total": 12738000,
    "min": 78000,
    "max": 1500000,
    "avg": 424600,
    "median": 290000,
    "standardDeviation": 335997.48014928127,
    "percentile25": 190000,
    "percentile75": 640000,
    "qArr": [
      110000,
      140000,
      240000,
      290000,
      335000,
      695000,
      1100000
    ],
    "skewness": 1.5944059968992772,
    "badValue": 1
  },
  "playerAge": {
    "total": 803,
    "min": 19,
    "max": 38,
    "avg": 25.903225806451612,
    "median": 25,
    "standardDeviation": 5.491076859600829,
    "percentile25": 22,
    "percentile75": 31,
    "qArr": [
      19,
      20,
      23,
      25,
      26,
      31,
      36
    ],
    "skewness": 0.6594998149833277,
    "badValue": 0
  },
  "playerATT": {
    "total": 709,
    "min": 34,
    "max": 65,
    "avg": 47.266666666666666,
    "median": 49,
    "standardDeviation": 10.194551921928149,
    "percentile25": 36,
    "percentile75": 55,
    "qArr": [
      34,
      36,
      43,
      49,
      51,
      55,
      65
    ],
    "skewness": 0.23745478107662454,
    "badValue": 0
  },
  "playerTEC": {
    "total": 724,
    "min": 40,
    "max": 61,
    "avg": 48.266666666666666,
    "median": 49,
    "standardDeviation": 5.6031737038535185,
    "percentile25": 43,
    "percentile75": 52,
    "qArr": [
      40,
      43,
      45,
      49,
      51,
      52,
      61
    ],
    "skewness": 0.57578255340291,
    "badValue": 0
  },
  "playerTAC": {
    "total": 733,
    "min": 33,
    "max": 64,
    "avg": 48.86666666666667,
    "median": 47,
    "standardDeviation": 7.069810621383165,
    "percentile25": 45,
    "percentile75": 54,
    "qArr": [
      33,
      43,
      46,
      47,
      50,
      54,
      64
    ],
    "skewness": 0.013511131722705388,
    "badValue": 0
  },
  "playerDEF": {
    "total": 811,
    "min": 30,
    "max": 72,
    "avg": 54.06666666666667,
    "median": 54,
    "standardDeviation": 11.641687544720005,
    "percentile25": 49,
    "percentile75": 66,
    "qArr": [
      30,
      46,
      50,
      54,
      56,
      66,
      72
    ],
    "skewness": -0.40449621945778064,
    "badValue": 0
  },
  "playerCRE": {
    "total": 714,
    "min": 37,
    "max": 64,
    "avg": 47.6,
    "median": 46,
    "standardDeviation": 7.50821772016058,
    "percentile25": 42,
    "percentile75": 51,
    "qArr": [
      37,
      41,
      45,
      46,
      47,
      51,
      64
    ],
    "skewness": 1.210703129559973,
    "badValue": 0
  },
  "playerTOT": {
    "total": 3691,
    "min": 205,
    "max": 286,
    "avg": 246.06666666666666,
    "median": 245,
    "standardDeviation": 17.593433118322555,
    "percentile25": 236,
    "percentile75": 256,
    "qArr": [
      205,
      233,
      241,
      245,
      250,
      256,
      286
    ],
    "skewness": 0.006937789492953574,
    "badValue": 0
  },
  "playerRating": {
    "total": 103.30000000000001,
    "min": 6.2,
    "max": 7.6,
    "avg": 6.886666666666668,
    "median": 6.7,
    "standardDeviation": 0.38273866918419525,
    "percentile25": 6.6,
    "percentile75": 7.3,
    "qArr": [
      6.2,
      6.6,
      6.7,
      6.7,
      7,
      7.3,
      7.6
    ],
    "skewness": 0.38209151543003156,
    "badValue": 0
  },
  "playerNumber": 31,
  "noATTR": 16,
  "noRating": 16
}