{
  "playerValue": {
    "total": 28293000,
    "min": 23000,
    "max": 3200000,
    "avg": 912677.4193548387,
    "median": 620000,
    "standardDeviation": 954458.0420355017,
    "percentile25": 180000,
    "percentile75": 1400000,
    "skewness": 1.1913182472977415,
    "kurtosis": 0.2972674816291172,
    "outliers": [],
    "badValue": 0
  },
  "playerAge": {
    "total": 722,
    "min": 18,
    "max": 39,
    "avg": 23.29032258064516,
    "median": 22,
    "standardDeviation": 4.319449997747225,
    "percentile25": 20,
    "percentile75": 25,
    "skewness": 1.932354102895671,
    "kurtosis": 4.842223425010506,
    "outliers": [
      39
    ],
    "badValue": 0
  },
  "playerATT": {
    "total": 606,
    "min": 33,
    "max": 73,
    "avg": 55.09090909090909,
    "median": 56,
    "standardDeviation": 11.139238960902992,
    "percentile25": 43,
    "percentile75": 63,
    "skewness": -0.6100787334572259,
    "kurtosis": 0.7414734151267739,
    "outliers": [],
    "badValue": 0
  },
  "playerTEC": {
    "total": 596,
    "min": 40,
    "max": 85,
    "avg": 54.18181818181818,
    "median": 49,
    "standardDeviation": 12.013766208495847,
    "percentile25": 46,
    "percentile75": 62,
    "skewness": 1.8460664232103796,
    "kurtosis": 4.4196370705608645,
    "outliers": [],
    "badValue": 0
  },
  "playerTAC": {
    "total": 479,
    "min": 33,
    "max": 54,
    "avg": 43.54545454545455,
    "median": 46,
    "standardDeviation": 8.250219130573402,
    "percentile25": 35,
    "percentile75": 53,
    "skewness": -0.016318167831298167,
    "kurtosis": -1.4942620423349005,
    "outliers": [],
    "badValue": 0
  },
  "playerDEF": {
    "total": 457,
    "min": 25,
    "max": 74,
    "avg": 41.54545454545455,
    "median": 32,
    "standardDeviation": 17.531082196350763,
    "percentile25": 30,
    "percentile75": 67,
    "skewness": 1.294999814847101,
    "kurtosis": 0.057556640276533955,
    "outliers": [],
    "badValue": 0
  },
  "playerCRE": {
    "total": 554,
    "min": 36,
    "max": 62,
    "avg": 50.36363636363637,
    "median": 48,
    "standardDeviation": 7.36419750948314,
    "percentile25": 46,
    "percentile75": 58,
    "skewness": -0.014477319097901164,
    "kurtosis": 0.7345304618381814,
    "outliers": [],
    "badValue": 0
  },
  "playerTOT": {
    "total": 2692,
    "min": 213,
    "max": 287,
    "avg": 244.72727272727272,
    "median": 242,
    "standardDeviation": 19.642675753160557,
    "percentile25": 228,
    "percentile75": 259,
    "skewness": 0.664968256267522,
    "kurtosis": 1.463874129732682,
    "outliers": [],
    "badValue": 0
  },
  "playerRating": {
    "total": 76.07999999999998,
    "min": 6.5,
    "max": 7.9,
    "avg": 6.916363636363635,
    "median": 6.8,
    "standardDeviation": 0.39879985244988453,
    "percentile25": 6.6,
    "percentile75": 7.2,
    "skewness": 1.630836087736227,
    "kurtosis": 3.2957857653977323,
    "outliers": [],
    "badValue": 0
  },
  "playerNumber": 31,
  "noATTR": 20,
  "noRating": 20
}