{
  "playerValue": {
    "total": 18727000,
    "min": 54000,
    "max": 1900000,
    "avg": 585218.75,
    "median": 460000,
    "standardDeviation": 428203.13041643857,
    "percentile25": 225000,
    "percentile75": 825000,
    "skewness": 1.149585554754824,
    "kurtosis": 1.576906343911856,
    "outliers": [
      1900000
    ],
    "badValue": 0
  },
  "playerAge": {
    "total": 832,
    "min": 19,
    "max": 37,
    "avg": 26,
    "median": 25.5,
    "standardDeviation": 4.716990566028302,
    "percentile25": 22,
    "percentile75": 28,
    "skewness": 0.5842244205338425,
    "kurtosis": -0.07520560024120027,
    "outliers": [],
    "badValue": 0
  },
  "playerATT": {
    "total": 900,
    "min": 33,
    "max": 66,
    "avg": 50,
    "median": 49.5,
    "standardDeviation": 10.749676997731399,
    "percentile25": 40,
    "percentile75": 61,
    "skewness": -0.08055066820529687,
    "kurtosis": -1.2764293747824569,
    "outliers": [],
    "badValue": 0
  },
  "playerTEC": {
    "total": 868,
    "min": 40,
    "max": 64,
    "avg": 48.22222222222222,
    "median": 47,
    "standardDeviation": 6.416606541324849,
    "percentile25": 42,
    "percentile75": 51,
    "skewness": 1.005892809147235,
    "kurtosis": 1.0092996629165816,
    "outliers": [],
    "badValue": 0
  },
  "playerTAC": {
    "total": 832,
    "min": 28,
    "max": 66,
    "avg": 46.22222222222222,
    "median": 47,
    "standardDeviation": 9.071050138615922,
    "percentile25": 41,
    "percentile75": 52,
    "skewness": -0.016455854009368286,
    "kurtosis": 1.0954809152897216,
    "outliers": [],
    "badValue": 0
  },
  "playerDEF": {
    "total": 893,
    "min": 20,
    "max": 78,
    "avg": 49.611111111111114,
    "median": 48,
    "standardDeviation": 14.97827645065008,
    "percentile25": 37,
    "percentile75": 60,
    "skewness": 0.07789446279699969,
    "kurtosis": -0.17077584581723215,
    "outliers": [],
    "badValue": 0
  },
  "playerCRE": {
    "total": 877,
    "min": 36,
    "max": 64,
    "avg": 48.72222222222222,
    "median": 48,
    "standardDeviation": 7.935892833306685,
    "percentile25": 42,
    "percentile75": 54,
    "skewness": 0.615443380276305,
    "kurtosis": 0.09353741768148849,
    "outliers": [],
    "badValue": 0
  },
  "playerTOT": {
    "total": 4370,
    "min": 203,
    "max": 272,
    "avg": 242.77777777777777,
    "median": 244.5,
    "standardDeviation": 19.225433257812874,
    "percentile25": 227,
    "percentile75": 258,
    "skewness": -0.1713385684634367,
    "kurtosis": -0.5473955512064195,
    "outliers": [],
    "badValue": 0
  },
  "playerRating": {
    "total": 121.99999999999999,
    "min": 6.3,
    "max": 7.8,
    "avg": 6.777777777777777,
    "median": 6.75,
    "standardDeviation": 0.37940824619919716,
    "percentile25": 6.6,
    "percentile75": 6.9,
    "skewness": 1.3024673021222166,
    "kurtosis": 2.64892077006803,
    "outliers": [
      7.5,
      7.8
    ],
    "badValue": 0
  },
  "playerNumber": 32,
  "noATTR": 14,
  "noRating": 14
}