{
  "playerValue": {
    "total": 44187000,
    "min": 47000,
    "max": 3900000,
    "avg": 1578107.142857143,
    "median": 1350000,
    "standardDeviation": 1127301.4345039637,
    "percentile25": 520000,
    "percentile75": 2200000,
    "qArr": [
      180000,
      440000,
      925000,
      1300000,
      1900000,
      2800000,
      3900000
    ],
    "skewness": 0.7219294559741817,
    "badValue": 1
  },
  "playerAge": {
    "total": 740,
    "min": 19,
    "max": 37,
    "avg": 25.517241379310345,
    "median": 26,
    "standardDeviation": 4.206896551724138,
    "percentile25": 22,
    "percentile75": 28,
    "qArr": [
      19,
      22,
      23,
      26,
      27,
      30,
      31
    ],
    "skewness": 0.4856327303949564,
    "badValue": 0
  },
  "playerATT": {
    "total": 1028,
    "min": 34,
    "max": 70,
    "avg": 48.95238095238095,
    "median": 47,
    "standardDeviation": 11.218505929197823,
    "percentile25": 39,
    "percentile75": 59,
    "qArr": [
      36,
      38,
      42,
      47,
      54,
      59,
      68
    ],
    "skewness": 0.4311198877382367,
    "badValue": 0
  },
  "playerTEC": {
    "total": 1017,
    "min": 39,
    "max": 67,
    "avg": 48.42857142857143,
    "median": 47,
    "standardDeviation": 6.608590574983072,
    "percentile25": 44,
    "percentile75": 52,
    "qArr": [
      39,
      43,
      44,
      47,
      51,
      53,
      58
    ],
    "skewness": 1.0496901534134606,
    "badValue": 0
  },
  "playerTAC": {
    "total": 1042,
    "min": 29,
    "max": 69,
    "avg": 49.61904761904762,
    "median": 52,
    "standardDeviation": 8.560575139090721,
    "percentile25": 44,
    "percentile75": 54,
    "qArr": [
      35,
      44,
      46,
      52,
      54,
      55,
      58
    ],
    "skewness": -0.3461971012061041,
    "badValue": 0
  },
  "playerDEF": {
    "total": 1058,
    "min": 17,
    "max": 76,
    "avg": 50.38095238095238,
    "median": 51,
    "standardDeviation": 16.58592688159278,
    "percentile25": 37,
    "percentile75": 65,
    "qArr": [
      28,
      35,
      38,
      51,
      62,
      66,
      75
    ],
    "skewness": -0.2457212329267585,
    "badValue": 0
  },
  "playerCRE": {
    "total": 972,
    "min": 35,
    "max": 56,
    "avg": 46.285714285714285,
    "median": 47,
    "standardDeviation": 6.2651177706625845,
    "percentile25": 41,
    "percentile75": 50,
    "qArr": [
      37,
      41,
      42,
      47,
      50,
      52,
      56
    ],
    "skewness": -0.03888170605721551,
    "badValue": 0
  },
  "playerTOT": {
    "total": 5117,
    "min": 191,
    "max": 274,
    "avg": 243.66666666666666,
    "median": 243,
    "standardDeviation": 17.591484231306847,
    "percentile25": 237,
    "percentile75": 249,
    "qArr": [
      228,
      233,
      239,
      243,
      248,
      253,
      273
    ],
    "skewness": -0.7860834747918961,
    "badValue": 0
  },
  "playerRating": {
    "total": 146.91,
    "min": 6.5,
    "max": 8.1,
    "avg": 6.9957142857142856,
    "median": 6.9,
    "standardDeviation": 0.40247533409865394,
    "percentile25": 6.7,
    "percentile75": 7.3,
    "qArr": [
      6.5,
      6.61,
      6.8,
      6.9,
      7.2,
      7.4,
      7.4
    ],
    "skewness": 0.8997145390024974,
    "badValue": 0
  },
  "playerNumber": 29,
  "noATTR": 8,
  "noRating": 8
}