{
  "playerValue": {
    "total": 44187000,
    "min": 47000,
    "max": 3900000,
    "avg": 1578107.142857143,
    "median": 1350000,
    "standardDeviation": 1127301.4345039637,
    "percentile25": 520000,
    "percentile75": 2200000,
    "skewness": 0.7219294559741817,
    "kurtosis": -0.2796534335036416,
    "outliers": [],
    "badValue": 1
  },
  "playerAge": {
    "total": 740,
    "min": 19,
    "max": 37,
    "avg": 25.517241379310345,
    "median": 26,
    "standardDeviation": 4.206896551724138,
    "percentile25": 22,
    "percentile75": 28,
    "skewness": 0.4856327303949564,
    "kurtosis": 0.43118805688911976,
    "outliers": [],
    "badValue": 0
  },
  "playerATT": {
    "total": 1028,
    "min": 34,
    "max": 70,
    "avg": 48.95238095238095,
    "median": 47,
    "standardDeviation": 11.218505929197823,
    "percentile25": 39,
    "percentile75": 59,
    "skewness": 0.4311198877382367,
    "kurtosis": -0.9386854462294045,
    "outliers": [],
    "badValue": 0
  },
  "playerTEC": {
    "total": 1017,
    "min": 39,
    "max": 67,
    "avg": 48.42857142857143,
    "median": 47,
    "standardDeviation": 6.608590574983072,
    "percentile25": 44,
    "percentile75": 52,
    "skewness": 1.0496901534134606,
    "kurtosis": 1.8303512434243108,
    "outliers": [
      67
    ],
    "badValue": 0
  },
  "playerTAC": {
    "total": 1042,
    "min": 29,
    "max": 69,
    "avg": 49.61904761904762,
    "median": 52,
    "standardDeviation": 8.560575139090721,
    "percentile25": 44,
    "percentile75": 54,
    "skewness": -0.3461971012061041,
    "kurtosis": 1.4265210372545991,
    "outliers": [],
    "badValue": 0
  },
  "playerDEF": {
    "total": 1058,
    "min": 17,
    "max": 76,
    "avg": 50.38095238095238,
    "median": 51,
    "standardDeviation": 16.58592688159278,
    "percentile25": 37,
    "percentile75": 65,
    "skewness": -0.2457212329267585,
    "kurtosis": -0.8031745319832009,
    "outliers": [],
    "badValue": 0
  },
  "playerCRE": {
    "total": 972,
    "min": 35,
    "max": 56,
    "avg": 46.285714285714285,
    "median": 47,
    "standardDeviation": 6.2651177706625845,
    "percentile25": 41,
    "percentile75": 50,
    "skewness": -0.03888170605721551,
    "kurtosis": -0.8175379804650413,
    "outliers": [],
    "badValue": 0
  },
  "playerTOT": {
    "total": 5117,
    "min": 191,
    "max": 274,
    "avg": 243.66666666666666,
    "median": 243,
    "standardDeviation": 17.591484231306847,
    "percentile25": 237,
    "percentile75": 249,
    "skewness": -0.7860834747918961,
    "kurtosis": 3.614216902219391,
    "outliers": [
      191,
      272,
      273,
      274
    ],
    "badValue": 0
  },
  "playerRating": {
    "total": 146.91,
    "min": 6.5,
    "max": 8.1,
    "avg": 6.9957142857142856,
    "median": 6.9,
    "standardDeviation": 0.40247533409865394,
    "percentile25": 6.7,
    "percentile75": 7.3,
    "skewness": 0.8997145390024974,
    "kurtosis": 1.3353494423657222,
    "outliers": [],
    "badValue": 0
  },
  "playerNumber": 29,
  "noATTR": 8,
  "noRating": 8
}