{
  "playerValue": {
    "total": 29760000,
    "min": 68000,
    "max": 3200000,
    "avg": 875294.1176470588,
    "median": 550000,
    "standardDeviation": 807104.3933284614,
    "percentile25": 245000,
    "percentile75": 1300000,
    "qArr": [
      82000,
      235000,
      310000,
      520000,
      860000,
      1500000,
      2500000
    ],
    "skewness": 1.327440015481679,
    "badValue": 0
  },
  "playerAge": {
    "total": 874,
    "min": 19,
    "max": 36,
    "avg": 25.705882352941178,
    "median": 25.5,
    "standardDeviation": 4.321828396875739,
    "percentile25": 22,
    "percentile75": 28,
    "qArr": [
      19,
      22,
      24,
      25,
      26,
      29,
      35
    ],
    "skewness": 0.7080475766900192,
    "badValue": 0
  },
  "playerATT": {
    "total": 874,
    "min": 34,
    "max": 64,
    "avg": 48.55555555555556,
    "median": 50,
    "standardDeviation": 10.599906824654546,
    "percentile25": 36,
    "percentile75": 59,
    "qArr": [
      34,
      36,
      41,
      48,
      54,
      60,
      64
    ],
    "skewness": -0.0698905448479889,
    "badValue": 0
  },
  "playerTEC": {
    "total": 861,
    "min": 39,
    "max": 60,
    "avg": 47.833333333333336,
    "median": 47,
    "standardDeviation": 5.30461015427985,
    "percentile25": 44,
    "percentile75": 51,
    "qArr": [
      39,
      44,
      45,
      47,
      49,
      51,
      60
    ],
    "skewness": 0.7972846054091138,
    "badValue": 0
  },
  "playerTAC": {
    "total": 812,
    "min": 33,
    "max": 61,
    "avg": 45.111111111111114,
    "median": 46.5,
    "standardDeviation": 7.694795419191459,
    "percentile25": 39,
    "percentile75": 50,
    "qArr": [
      33,
      37,
      41,
      46,
      49,
      52,
      61
    ],
    "skewness": 0.1639445817538201,
    "badValue": 0
  },
  "playerDEF": {
    "total": 905,
    "min": 26,
    "max": 71,
    "avg": 50.27777777777778,
    "median": 54.5,
    "standardDeviation": 14.340329903052963,
    "percentile25": 40,
    "percentile75": 62,
    "qArr": [
      26,
      36,
      46,
      52,
      59,
      65,
      71
    ],
    "skewness": -0.5452077942720104,
    "badValue": 0
  },
  "playerCRE": {
    "total": 828,
    "min": 37,
    "max": 65,
    "avg": 46,
    "median": 44,
    "standardDeviation": 7.431165603202651,
    "percentile25": 40,
    "percentile75": 50,
    "qArr": [
      37,
      39,
      42,
      44,
      49,
      51,
      65
    ],
    "skewness": 1.1107745497714903,
    "badValue": 0
  },
  "playerTOT": {
    "total": 4280,
    "min": 212,
    "max": 287,
    "avg": 237.77777777777777,
    "median": 241,
    "standardDeviation": 18.37436485842755,
    "percentile25": 222,
    "percentile75": 248,
    "qArr": [
      212,
      219,
      229,
      241,
      243,
      248,
      287
    ],
    "skewness": 0.9317676978890148,
    "badValue": 0
  },
  "playerRating": {
    "total": 121.39999999999999,
    "min": 6.2,
    "max": 7.5,
    "avg": 6.744444444444444,
    "median": 6.8,
    "standardDeviation": 0.33203450661075407,
    "percentile25": 6.5,
    "percentile75": 6.9,
    "qArr": [
      6.2,
      6.4,
      6.5,
      6.8,
      6.8,
      6.9,
      7.5
    ],
    "skewness": 0.6830415381708467,
    "badValue": 0
  },
  "playerNumber": 34,
  "noATTR": 16,
  "noRating": 16
}