{
  "playerValue": {
    "total": 29760000,
    "min": 68000,
    "max": 3200000,
    "avg": 875294.1176470588,
    "median": 550000,
    "standardDeviation": 807104.3933284614,
    "percentile25": 245000,
    "percentile75": 1300000,
    "skewness": 1.327440015481679,
    "kurtosis": 1.0920904134576674,
    "outliers": [
      3200000
    ],
    "badValue": 0
  },
  "playerAge": {
    "total": 874,
    "min": 19,
    "max": 36,
    "avg": 25.705882352941178,
    "median": 25.5,
    "standardDeviation": 4.321828396875739,
    "percentile25": 22,
    "percentile75": 28,
    "skewness": 0.7080475766900192,
    "kurtosis": 0.24729912340909088,
    "outliers": [],
    "badValue": 0
  },
  "playerATT": {
    "total": 874,
    "min": 34,
    "max": 64,
    "avg": 48.55555555555556,
    "median": 50,
    "standardDeviation": 10.599906824654546,
    "percentile25": 36,
    "percentile75": 59,
    "skewness": -0.0698905448479889,
    "kurtosis": -1.3822554581539626,
    "outliers": [],
    "badValue": 0
  },
  "playerTEC": {
    "total": 861,
    "min": 39,
    "max": 60,
    "avg": 47.833333333333336,
    "median": 47,
    "standardDeviation": 5.30461015427985,
    "percentile25": 44,
    "percentile75": 51,
    "skewness": 0.7972846054091138,
    "kurtosis": 0.6650204181767299,
    "outliers": [],
    "badValue": 0
  },
  "playerTAC": {
    "total": 812,
    "min": 33,
    "max": 61,
    "avg": 45.111111111111114,
    "median": 46.5,
    "standardDeviation": 7.694795419191459,
    "percentile25": 39,
    "percentile75": 50,
    "skewness": 0.1639445817538201,
    "kurtosis": -0.23447686841808357,
    "outliers": [],
    "badValue": 0
  },
  "playerDEF": {
    "total": 905,
    "min": 26,
    "max": 71,
    "avg": 50.27777777777778,
    "median": 54.5,
    "standardDeviation": 14.340329903052963,
    "percentile25": 40,
    "percentile75": 62,
    "skewness": -0.5452077942720104,
    "kurtosis": -0.6761579750549318,
    "outliers": [],
    "badValue": 0
  },
  "playerCRE": {
    "total": 828,
    "min": 37,
    "max": 65,
    "avg": 46,
    "median": 44,
    "standardDeviation": 7.431165603202651,
    "percentile25": 40,
    "percentile75": 50,
    "skewness": 1.1107745497714903,
    "kurtosis": 1.210214545052298,
    "outliers": [],
    "badValue": 0
  },
  "playerTOT": {
    "total": 4280,
    "min": 212,
    "max": 287,
    "avg": 237.77777777777777,
    "median": 241,
    "standardDeviation": 18.37436485842755,
    "percentile25": 222,
    "percentile75": 248,
    "skewness": 0.9317676978890148,
    "kurtosis": 1.9634787082000331,
    "outliers": [],
    "badValue": 0
  },
  "playerRating": {
    "total": 121.39999999999999,
    "min": 6.2,
    "max": 7.5,
    "avg": 6.744444444444444,
    "median": 6.8,
    "standardDeviation": 0.33203450661075407,
    "percentile25": 6.5,
    "percentile75": 6.9,
    "skewness": 0.6830415381708467,
    "kurtosis": 0.5684837184498646,
    "outliers": [],
    "badValue": 0
  },
  "playerNumber": 34,
  "noATTR": 16,
  "noRating": 16
}