{
  "playerValue": {
    "total": 50151000,
    "min": 46000,
    "max": 9700000,
    "avg": 1928884.6153846155,
    "median": 1000000,
    "standardDeviation": 2273827.6662749005,
    "percentile25": 480000,
    "percentile75": 2800000,
    "qArr": [
      140000,
      325000,
      825000,
      1000000,
      1400000,
      3300000,
      6300000
    ],
    "skewness": 2.115869089258655,
    "badValue": 2
  },
  "playerAge": {
    "total": 665,
    "min": 20,
    "max": 37,
    "avg": 25.576923076923077,
    "median": 24.5,
    "standardDeviation": 4.473624214154275,
    "percentile25": 22,
    "percentile75": 28,
    "qArr": [
      20,
      22,
      23,
      24,
      27,
      28,
      34
    ],
    "skewness": 0.9773896365780905,
    "badValue": 2
  },
  "playerATT": {
    "total": 855,
    "min": 32,
    "max": 74,
    "avg": 50.294117647058826,
    "median": 51,
    "standardDeviation": 11.328073954365363,
    "percentile25": 48,
    "percentile75": 54,
    "qArr": [
      32,
      37,
      48,
      51,
      54,
      55,
      74
    ],
    "skewness": 0.32743009892958486,
    "badValue": 0
  },
  "playerTEC": {
    "total": 823,
    "min": 28,
    "max": 70,
    "avg": 48.411764705882355,
    "median": 48,
    "standardDeviation": 9.732050285945203,
    "percentile25": 42,
    "percentile75": 52,
    "qArr": [
      28,
      42,
      42,
      48,
      51,
      53,
      70
    ],
    "skewness": 0.4608370832969403,
    "badValue": 0
  },
  "playerTAC": {
    "total": 706,
    "min": 25,
    "max": 58,
    "avg": 41.529411764705884,
    "median": 41,
    "standardDeviation": 8.346310541429624,
    "percentile25": 38,
    "percentile75": 45,
    "qArr": [
      25,
      35,
      38,
      41,
      45,
      48,
      58
    ],
    "skewness": 0.09839391348847941,
    "badValue": 0
  },
  "playerDEF": {
    "total": 733,
    "min": 11,
    "max": 67,
    "avg": 43.11764705882353,
    "median": 41,
    "standardDeviation": 15.646395386200455,
    "percentile25": 37,
    "percentile75": 54,
    "qArr": [
      11,
      35,
      38,
      41,
      51,
      61,
      67
    ],
    "skewness": -0.2870933890886454,
    "badValue": 0
  },
  "playerCRE": {
    "total": 858,
    "min": 36,
    "max": 76,
    "avg": 50.470588235294116,
    "median": 51,
    "standardDeviation": 10.273424579718085,
    "percentile25": 42,
    "percentile75": 56,
    "qArr": [
      36,
      39,
      45,
      51,
      56,
      60,
      76
    ],
    "skewness": 0.6948945379464331,
    "badValue": 0
  },
  "playerTOT": {
    "total": 3975,
    "min": 167,
    "max": 283,
    "avg": 233.8235294117647,
    "median": 238,
    "standardDeviation": 25.34522879828411,
    "percentile25": 227,
    "percentile75": 244,
    "qArr": [
      167,
      214,
      235,
      238,
      241,
      246,
      283
    ],
    "skewness": -0.8346079062912313,
    "badValue": 0
  },
  "playerRating": {
    "total": 114.89999999999999,
    "min": 6.3,
    "max": 7.5,
    "avg": 6.758823529411764,
    "median": 6.6,
    "standardDeviation": 0.3789440801977979,
    "percentile25": 6.5,
    "percentile75": 7,
    "qArr": [
      6.3,
      6.4,
      6.5,
      6.6,
      6.9,
      7.1,
      7.5
    ],
    "skewness": 0.6583290056618892,
    "badValue": 0
  },
  "playerNumber": 28,
  "noATTR": 11,
  "noRating": 11
}