{
  "playerValue": {
    "total": 36858000,
    "min": 52000,
    "max": 4800000,
    "avg": 1084058.8235294118,
    "median": 847500,
    "standardDeviation": 1051507.4316868775,
    "percentile25": 365000,
    "percentile75": 1500000,
    "skewness": 1.8349712959806652,
    "kurtosis": 4.054612469635845,
    "outliers": [
      3400000,
      4800000
    ],
    "badValue": 2
  },
  "playerAge": {
    "total": 916,
    "min": 18,
    "max": 36,
    "avg": 25.444444444444443,
    "median": 24,
    "standardDeviation": 5.171741832327568,
    "percentile25": 20,
    "percentile75": 29,
    "skewness": 0.4319260650633633,
    "kurtosis": -0.7367134997201488,
    "outliers": [],
    "badValue": 0
  },
  "playerATT": {
    "total": 1060,
    "min": 35,
    "max": 72,
    "avg": 50.476190476190474,
    "median": 49,
    "standardDeviation": 10.486358701706788,
    "percentile25": 43,
    "percentile75": 55,
    "skewness": 0.6313066382298491,
    "kurtosis": -0.036625350922585564,
    "outliers": [],
    "badValue": 0
  },
  "playerTEC": {
    "total": 1050,
    "min": 41,
    "max": 66,
    "avg": 50,
    "median": 52,
    "standardDeviation": 6.838267672583807,
    "percentile25": 43,
    "percentile75": 53,
    "skewness": 0.4552114518515551,
    "kurtosis": 0.09737566001148146,
    "outliers": [],
    "badValue": 0
  },
  "playerTAC": {
    "total": 935,
    "min": 30,
    "max": 65,
    "avg": 44.523809523809526,
    "median": 44,
    "standardDeviation": 8.583589257131738,
    "percentile25": 39,
    "percentile75": 50,
    "skewness": 0.6617201732144042,
    "kurtosis": 0.5543978594699284,
    "outliers": [],
    "badValue": 0
  },
  "playerDEF": {
    "total": 957,
    "min": 24,
    "max": 83,
    "avg": 45.57142857142857,
    "median": 48,
    "standardDeviation": 13.730645004692896,
    "percentile25": 32,
    "percentile75": 53,
    "skewness": 0.6860692244647302,
    "kurtosis": 1.4091566204488086,
    "outliers": [],
    "badValue": 0
  },
  "playerCRE": {
    "total": 1002,
    "min": 32,
    "max": 60,
    "avg": 47.714285714285715,
    "median": 49,
    "standardDeviation": 6.287878415331073,
    "percentile25": 47,
    "percentile75": 51,
    "skewness": -1.092749816967504,
    "kurtosis": 2.0538528783079486,
    "outliers": [
      32,
      34,
      39,
      60
    ],
    "badValue": 0
  },
  "playerTOT": {
    "total": 5004,
    "min": 207,
    "max": 285,
    "avg": 238.28571428571428,
    "median": 239,
    "standardDeviation": 18.063757076751536,
    "percentile25": 228,
    "percentile75": 251,
    "skewness": 0.39766917784315564,
    "kurtosis": 1.089371651622383,
    "outliers": [],
    "badValue": 0
  },
  "playerRating": {
    "total": 142.7,
    "min": 6.2,
    "max": 7.4,
    "avg": 6.795238095238095,
    "median": 6.8,
    "standardDeviation": 0.31694402461511884,
    "percentile25": 6.6,
    "percentile75": 7,
    "skewness": 0.1443076145596541,
    "kurtosis": 0.13516605792516012,
    "outliers": [],
    "badValue": 0
  },
  "playerNumber": 36,
  "noATTR": 15,
  "noRating": 15
}