{
  "playerValue": {
    "total": 124019997,
    "min": 110000,
    "max": 15500000,
    "avg": 3263684.1315789474,
    "median": 2050000,
    "standardDeviation": 3508124.4839006225,
    "percentile25": 515000,
    "percentile75": 4300000,
    "qArr": [
      265000,
      390000,
      870000,
      2000000,
      3300000,
      5800000,
      10800000
    ],
    "skewness": 1.7467983336174453,
    "badValue": 0
  },
  "playerAge": {
    "total": 906,
    "min": 19,
    "max": 37,
    "avg": 23.842105263157894,
    "median": 23,
    "standardDeviation": 3.76637698164523,
    "percentile25": 21,
    "percentile75": 25,
    "qArr": [
      19,
      21,
      22,
      23,
      25,
      26,
      32
    ],
    "skewness": 1.4211270283427617,
    "badValue": 0
  },
  "playerATT": {
    "total": 1457,
    "min": 34,
    "max": 85,
    "avg": 56.03846153846154,
    "median": 55.5,
    "standardDeviation": 11.524157800800522,
    "percentile25": 48,
    "percentile75": 63,
    "qArr": [
      35,
      47,
      52,
      55,
      57,
      67,
      73
    ],
    "skewness": 0.4119221173443617,
    "badValue": 0
  },
  "playerTEC": {
    "total": 1369,
    "min": 35,
    "max": 72,
    "avg": 52.65384615384615,
    "median": 49,
    "standardDeviation": 10.62993707084748,
    "percentile25": 44,
    "percentile75": 64,
    "qArr": [
      40,
      44,
      46,
      49,
      55,
      66,
      70
    ],
    "skewness": 0.4461623544201476,
    "badValue": 0
  },
  "playerTAC": {
    "total": 1118,
    "min": 25,
    "max": 66,
    "avg": 43,
    "median": 40,
    "standardDeviation": 9.926654095840226,
    "percentile25": 37,
    "percentile75": 52,
    "qArr": [
      28,
      35,
      39,
      40,
      45,
      52,
      58
    ],
    "skewness": 0.4213024147675555,
    "badValue": 0
  },
  "playerDEF": {
    "total": 1079,
    "min": 13,
    "max": 87,
    "avg": 41.5,
    "median": 42.5,
    "standardDeviation": 17.583318143145704,
    "percentile25": 30,
    "percentile75": 49,
    "qArr": [
      15,
      26,
      31,
      42,
      48,
      50,
      71
    ],
    "skewness": 0.6515916056592949,
    "badValue": 0
  },
  "playerCRE": {
    "total": 1396,
    "min": 38,
    "max": 80,
    "avg": 53.69230769230769,
    "median": 53.5,
    "standardDeviation": 9.694444208963713,
    "percentile25": 47,
    "percentile75": 59,
    "qArr": [
      40,
      46,
      50,
      53,
      56,
      61,
      71
    ],
    "skewness": 0.7498665836634231,
    "badValue": 0
  },
  "playerTOT": {
    "total": 6419,
    "min": 213,
    "max": 306,
    "avg": 246.8846153846154,
    "median": 242.5,
    "standardDeviation": 24.83689396392286,
    "percentile25": 231,
    "percentile75": 257,
    "qArr": [
      215,
      226,
      233,
      242,
      247,
      265,
      306
    ],
    "skewness": 1.0778794734236379,
    "badValue": 0
  },
  "playerRating": {
    "total": 179.10000000000002,
    "min": 6.1,
    "max": 8.7,
    "avg": 6.88846153846154,
    "median": 6.699999999999999,
    "standardDeviation": 0.6381023085783484,
    "percentile25": 6.5,
    "percentile75": 7.1,
    "qArr": [
      6.1,
      6.4,
      6.5,
      6.6,
      6.8,
      7.4,
      8.4
    ],
    "skewness": 1.4806134365156614,
    "badValue": 0
  },
  "playerNumber": 38,
  "noATTR": 12,
  "noRating": 12
}