{
  "playerValue": {
    "total": 24195762955,
    "min": 23000,
    "max": 196000000,
    "avg": 6877704.0804434335,
    "median": 1500000,
    "standardDeviation": 14919868.485124247,
    "percentile25": 475000,
    "percentile75": 5600000,
    "skewness": 5.110989219986452,
    "kurtosis": 39.04552828809579,
    "outliers": [
      13300000,
      13400000,
      13400000,
      13400000,
      13400000,
      13400000,
      13400000,
      13400000,
      13500000,
      13500000,
      13600000,
      13600000,
      13600000,
      13600000,
      13600000,
      13600000,
      13600000,
      13600000,
      13600000,
      13700000,
      13700000,
      13700000,
      13700000,
      13800000,
      13800000,
      13800000,
      13900000,
      13900000,
      13900000,
      13900000,
      13900000,
      14000000,
      14000000,
      14000000,
      14100000,
      14100000,
      14200000,
      14300000,
      14300000,
      14400000,
      14400000,
      14400000,
      14400000,
      14400000,
      14400000,
      14500000,
      14500000,
      14500000,
      14500000,
      14600000,
      14600000,
      14600000,
      14600000,
      14600000,
      14600000,
      14600000,
      14600000,
      14700000,
      14700000,
      14800000,
      14900000,
      14900000,
      15000000,
      15000000,
      15000000,
      15100000,
      15300000,
      15400000,
      15500000,
      15500000,
      15500000,
      15500000,
      15500000,
      15500000,
      15500000,
      15500000,
      15500000,
      15500000,
      15500000,
      15500000,
      15500000,
      15500000,
      15500000,
      15500000,
      15500000,
      15500000,
      15500000,
      15600000,
      15600000,
      15600000,
      15600000,
      15600000,
      15700000,
      15700000,
      15900000,
      15900000,
      16000000,
      16000000,
      16100000,
      16100000,
      16200000,
      16200000,
      16200000,
      16200000,
      16200000,
      16200000,
      16200000,
      16300000,
      16300000,
      16300000,
      16399999,
      16500000,
      16500000,
      16500000,
      16500000,
      16500000,
      16500000,
      16500000,
      16500000,
      16500000,
      16600000,
      16600000,
      16700000,
      16800000,
      16800000,
      16900000,
      16900000,
      16900000,
      16900000,
      16900000,
      17000000,
      17100000,
      17200000,
      17200000,
      17300000,
      17300000,
      17300000,
      17300000,
      17400000,
      17400000,
      17500000,
      17500000,
      17500000,
      17500000,
      17500000,
      18000000,
      18000000,
      18000000,
      18000000,
      18100000,
      18100000,
      18200000,
      18200000,
      18400000,
      18400000,
      18400000,
      18400000,
      18500000,
      18500000,
      18500000,
      18500000,
      18500000,
      18600000,
      18700000,
      18800000,
      18900000,
      18900000,
      19000000,
      19100000,
      19100000,
      19300000,
      19400000,
      19400000,
      19400000,
      19400000,
      19400000,
      19400000,
      19400000,
      19400000,
      19400000,
      19400000,
      19400000,
      19500000,
      19500000,
      19600000,
      19600000,
      19600000,
      19700000,
      19900000,
      20000000,
      20000000,
      20000000,
      20000000,
      20000000,
      20000000,
      21000000,
      21000000,
      21000000,
      21000000,
      21000000,
      21000000,
      21000000,
      21000000,
      21000000,
      21000000,
      21000000,
      21000000,
      21000000,
      21000000,
      21000000,
      21000000,
      21000000,
      21000000,
      21000000,
      21000000,
      21000000,
      21000000,
      21000000,
      21000000,
      21000000,
      21000000,
      22000000,
      22000000,
      22000000,
      22000000,
      22000000,
      22000000,
      22000000,
      23000000,
      23000000,
      23000000,
      23000000,
      23000000,
      23000000,
      23000000,
      23000000,
      23000000,
      23000000,
      23000000,
      23000000,
      23000000,
      23000000,
      23000000,
      23000000,
      23000000,
      23000000,
      23000000,
      23000000,
      23000000,
      23000000,
      24000000,
      24000000,
      24000000,
      24000000,
      24000000,
      24000000,
      24000000,
      24000000,
      24000000,
      24000000,
      24000000,
      24000000,
      24000000,
      24000000,
      24000000,
      24000000,
      24000000,
      24000000,
      24000000,
      25000000,
      25000000,
      25000000,
      26000000,
      26000000,
      26000000,
      26000000,
      26000000,
      26000000,
      26000000,
      26000000,
      26000000,
      26000000,
      26000000,
      26000000,
      26000000,
      26000000,
      26000000,
      26000000,
      27000000,
      27000000,
      27000000,
      27000000,
      27000000,
      27000000,
      27000000,
      27000000,
      27000000,
      27000000,
      27000000,
      27000000,
      27000000,
      27000000,
      27000000,
      27000000,
      27000000,
      27000000,
      27000000,
      28000000,
      28000000,
      29000000,
      29000000,
      29000000,
      29000000,
      29000000,
      29000000,
      29000000,
      29000000,
      29000000,
      29000000,
      29000000,
      29000000,
      29000000,
      29000000,
      29000000,
      29000000,
      29000000,
      29000000,
      29000000,
      30000000,
      30000000,
      30000000,
      30000000,
      30000000,
      31000000,
      31000000,
      31000000,
      31000000,
      31000000,
      31000000,
      31000000,
      31000000,
      31000000,
      31000000,
      31000000,
      31000000,
      31000000,
      31000000,
      31000000,
      31000000,
      32000000,
      32000000,
      32000000,
      32000000,
      32000000,
      32000000,
      32000000,
      32000000,
      32000000,
      32000000,
      32000000,
      32000000,
      33000000,
      33000000,
      33000000,
      33000000,
      33000000,
      34000000,
      34000000,
      34000000,
      34000000,
      34000000,
      34000000,
      34000000,
      34000000,
      34000000,
      34000000,
      35000000,
      35000000,
      36000000,
      36000000,
      36000000,
      36000000,
      36000000,
      36000000,
      36000000,
      36000000,
      36000000,
      37000000,
      37000000,
      37000000,
      37000000,
      37000000,
      37000000,
      37000000,
      37000000,
      37000000,
      38000000,
      38000000,
      38000000,
      38000000,
      38000000,
      38000000,
      38000000,
      38000000,
      39000000,
      39000000,
      39000000,
      39000000,
      39000000,
      40000000,
      41000000,
      41000000,
      41000000,
      42000000,
      42000000,
      42000000,
      42000000,
      42000000,
      42000000,
      42000000,
      42000000,
      42000000,
      43000000,
      43000000,
      43000000,
      43000000,
      43000000,
      44000000,
      44000000,
      44000000,
      44000000,
      44000000,
      45000000,
      46000000,
      46000000,
      46000000,
      47000000,
      47000000,
      47000000,
      47000000,
      47000000,
      48000000,
      48000000,
      48000000,
      48000000,
      49000000,
      49000000,
      49000000,
      49000000,
      50000000,
      52000000,
      52000000,
      52000000,
      52000000,
      52000000,
      52000000,
      52000000,
      53000000,
      53000000,
      53000000,
      53000000,
      53000000,
      53000000,
      53000000,
      54000000,
      54000000,
      54000000,
      55000000,
      56000000,
      57000000,
      57000000,
      58000000,
      60000000,
      60000000,
      62000000,
      62000000,
      63000000,
      63000000,
      63000000,
