{
  "playerValue": {
    "total": 7484000,
    "min": 23000,
    "max": 620000,
    "avg": 249466.66666666666,
    "median": 240000,
    "standardDeviation": 139536.78925486124,
    "percentile25": 145000,
    "percentile75": 340000,
    "qArr": [
      52000,
      115000,
      180000,
      235000,
      290000,
      350000,
      515000
    ],
    "skewness": 0.6686091967172995,
    "badValue": 1
  },
  "playerAge": {
    "total": 758,
    "min": 17,
    "max": 35,
    "avg": 24.451612903225808,
    "median": 24,
    "standardDeviation": 3.4904358696061877,
    "percentile25": 22,
    "percentile75": 26,
    "qArr": [
      21,
      22,
      22,
      24,
      26,
      26,
      32
    ],
    "skewness": 1.0838120822351642,
    "badValue": 0
  },
  "playerATT": {
    "total": 61,
    "min": 61,
    "max": 61,
    "avg": 61,
    "median": 61,
    "standardDeviation": 0,
    "percentile25": 61,
    "percentile75": 61,
    "qArr": [
      61,
      61,
      61,
      61,
      61,
      61,
      61
    ],
    "skewness": null,
    "badValue": 0
  },
  "playerTEC": {
    "total": 64,
    "min": 64,
    "max": 64,
    "avg": 64,
    "median": 64,
    "standardDeviation": 0,
    "percentile25": 64,
    "percentile75": 64,
    "qArr": [
      64,
      64,
      64,
      64,
      64,
      64,
      64
    ],
    "skewness": null,
    "badValue": 0
  },
  "playerTAC": {
    "total": 36,
    "min": 36,
    "max": 36,
    "avg": 36,
    "median": 36,
    "standardDeviation": 0,
    "percentile25": 36,
    "percentile75": 36,
    "qArr": [
      36,
      36,
      36,
      36,
      36,
      36,
      36
    ],
    "skewness": null,
    "badValue": 0
  },
  "playerDEF": {
    "total": 29,
    "min": 29,
    "max": 29,
    "avg": 29,
    "median": 29,
    "standardDeviation": 0,
    "percentile25": 29,
    "percentile75": 29,
    "qArr": [
      29,
      29,
      29,
      29,
      29,
      29,
      29
    ],
    "skewness": null,
    "badValue": 0
  },
  "playerCRE": {
    "total": 57,
    "min": 57,
    "max": 57,
    "avg": 57,
    "median": 57,
    "standardDeviation": 0,
    "percentile25": 57,
    "percentile75": 57,
    "qArr": [
      57,
      57,
      57,
      57,
      57,
      57,
      57
    ],
    "skewness": null,
    "badValue": 0
  },
  "playerTOT": {
    "total": 247,
    "min": 247,
    "max": 247,
    "avg": 247,
    "median": 247,
    "standardDeviation": 0,
    "percentile25": 247,
    "percentile75": 247,
    "qArr": [
      247,
      247,
      247,
      247,
      247,
      247,
      247
    ],
    "skewness": null,
    "badValue": 0
  },
  "playerRating": null,
  "playerNumber": 31,
  "noATTR": 30,
  "noRating": 31
}