{
  "playerValue": {
    "total": 12085000,
    "min": 190000,
    "max": 1200000,
    "avg": 575476.1904761905,
    "median": 580000,
    "standardDeviation": 319928.95328086877,
    "percentile25": 275000,
    "percentile75": 865000,
    "qArr": [
      190000,
      260000,
      310000,
      580000,
      720000,
      925000,
      970000
    ],
    "skewness": 0.34004116434831266,
    "badValue": 1
  },
  "playerAge": {
    "total": 582,
    "min": 21,
    "max": 35,
    "avg": 27.714285714285715,
    "median": 28,
    "standardDeviation": 3.880879344916036,
    "percentile25": 25,
    "percentile75": 31,
    "qArr": [
      22,
      23,
      26,
      28,
      30,
      31,
      33
    ],
    "skewness": -0.021186125252742632,
    "badValue": 1
  },
  "playerATT": {
    "total": 737,
    "min": 37,
    "max": 67,
    "avg": 52.642857142857146,
    "median": 52.5,
    "standardDeviation": 9.370219869787649,
    "percentile25": 43,
    "percentile75": 61,
    "qArr": [
      37,
      42,
      48,
      52,
      60,
      61,
      67
    ],
    "skewness": -0.18667757679656896,
    "badValue": 0
  },
  "playerTEC": {
    "total": 694,
    "min": 41,
    "max": 62,
    "avg": 49.57142857142857,
    "median": 48,
    "standardDeviation": 5.948760803902005,
    "percentile25": 46,
    "percentile75": 54,
    "qArr": [
      41,
      43,
      47,
      47,
      53,
      54,
      62
    ],
    "skewness": 0.4024699558323631,
    "badValue": 0
  },
  "playerTAC": {
    "total": 625,
    "min": 25,
    "max": 63,
    "avg": 44.642857142857146,
    "median": 44,
    "standardDeviation": 9.316706521521608,
    "percentile25": 39,
    "percentile75": 49,
    "qArr": [
      25,
      38,
      43,
      44,
      46,
      50,
      63
    ],
    "skewness": 0.20459517628364862,
    "badValue": 0
  },
  "playerDEF": {
    "total": 650,
    "min": 25,
    "max": 72,
    "avg": 46.42857142857143,
    "median": 47.5,
    "standardDeviation": 13.751437772695862,
    "percentile25": 34,
    "percentile75": 57,
    "qArr": [
      25,
      32,
      37,
      46,
      55,
      58,
      72
    ],
    "skewness": 0.15706224165538968,
    "badValue": 0
  },
  "playerCRE": {
    "total": 695,
    "min": 39,
    "max": 67,
    "avg": 49.642857142857146,
    "median": 47,
    "standardDeviation": 8.739133193835178,
    "percentile25": 42,
    "percentile75": 55,
    "qArr": [
      39,
      41,
      43,
      46,
      54,
      55,
      67
    ],
    "skewness": 0.866635370916271,
    "badValue": 0
  },
  "playerTOT": {
    "total": 3401,
    "min": 209,
    "max": 312,
    "avg": 242.92857142857142,
    "median": 239.5,
    "standardDeviation": 23.044876361799215,
    "percentile25": 231,
    "percentile75": 247,
    "qArr": [
      209,
      227,
      234,
      239,
      244,
      258,
      312
    ],
    "skewness": 2.0439806852035547,
    "badValue": 0
  },
  "playerRating": {
    "total": 96.7,
    "min": 6.3,
    "max": 7.8,
    "avg": 6.9071428571428575,
    "median": 6.9,
    "standardDeviation": 0.41826902777020997,
    "percentile25": 6.6,
    "percentile75": 7.1,
    "qArr": [
      6.3,
      6.6,
      6.6,
      6.9,
      7.1,
      7.2,
      7.8
    ],
    "skewness": 0.7536425589593708,
    "badValue": 0
  },
  "playerNumber": 22,
  "noATTR": 8,
  "noRating": 8
}