{
  "playerValue": {
    "total": 12085000,
    "min": 190000,
    "max": 1200000,
    "avg": 575476.1904761905,
    "median": 580000,
    "standardDeviation": 319928.95328086877,
    "percentile25": 275000,
    "percentile75": 865000,
    "skewness": 0.34004116434831266,
    "kurtosis": -1.1611164194540615,
    "outliers": [],
    "badValue": 1
  },
  "playerAge": {
    "total": 582,
    "min": 21,
    "max": 35,
    "avg": 27.714285714285715,
    "median": 28,
    "standardDeviation": 3.880879344916036,
    "percentile25": 25,
    "percentile75": 31,
    "skewness": -0.021186125252742632,
    "kurtosis": -0.695144631413509,
    "outliers": [],
    "badValue": 1
  },
  "playerATT": {
    "total": 737,
    "min": 37,
    "max": 67,
    "avg": 52.642857142857146,
    "median": 52.5,
    "standardDeviation": 9.370219869787649,
    "percentile25": 43,
    "percentile75": 61,
    "skewness": -0.18667757679656896,
    "kurtosis": -0.9472027875875488,
    "outliers": [],
    "badValue": 0
  },
  "playerTEC": {
    "total": 694,
    "min": 41,
    "max": 62,
    "avg": 49.57142857142857,
    "median": 48,
    "standardDeviation": 5.948760803902005,
    "percentile25": 46,
    "percentile75": 54,
    "skewness": 0.4024699558323631,
    "kurtosis": 0.1565376799419731,
    "outliers": [],
    "badValue": 0
  },
  "playerTAC": {
    "total": 625,
    "min": 25,
    "max": 63,
    "avg": 44.642857142857146,
    "median": 44,
    "standardDeviation": 9.316706521521608,
    "percentile25": 39,
    "percentile75": 49,
    "skewness": 0.20459517628364862,
    "kurtosis": 1.792446838358023,
    "outliers": [],
    "badValue": 0
  },
  "playerDEF": {
    "total": 650,
    "min": 25,
    "max": 72,
    "avg": 46.42857142857143,
    "median": 47.5,
    "standardDeviation": 13.751437772695862,
    "percentile25": 34,
    "percentile75": 57,
    "skewness": 0.15706224165538968,
    "kurtosis": -0.4653616976997137,
    "outliers": [],
    "badValue": 0
  },
  "playerCRE": {
    "total": 695,
    "min": 39,
    "max": 67,
    "avg": 49.642857142857146,
    "median": 47,
    "standardDeviation": 8.739133193835178,
    "percentile25": 42,
    "percentile75": 55,
    "skewness": 0.866635370916271,
    "kurtosis": 0.29782492882795975,
    "outliers": [],
    "badValue": 0
  },
  "playerTOT": {
    "total": 3401,
    "min": 209,
    "max": 312,
    "avg": 242.92857142857142,
    "median": 239.5,
    "standardDeviation": 23.044876361799215,
    "percentile25": 231,
    "percentile75": 247,
    "skewness": 2.0439806852035547,
    "kurtosis": 6.815016056439156,
    "outliers": [
      312
    ],
    "badValue": 0
  },
  "playerRating": {
    "total": 96.7,
    "min": 6.3,
    "max": 7.8,
    "avg": 6.9071428571428575,
    "median": 6.9,
    "standardDeviation": 0.41826902777020997,
    "percentile25": 6.6,
    "percentile75": 7.1,
    "skewness": 0.7536425589593708,
    "kurtosis": 0.6124074875995129,
    "outliers": [],
    "badValue": 0
  },
  "playerNumber": 22,
  "noATTR": 8,
  "noRating": 8
}