{
  "playerValue": {
    "total": 16391000,
    "min": 96000,
    "max": 2300000,
    "avg": 862684.2105263158,
    "median": 845000,
    "standardDeviation": 584226.1685909678,
    "percentile25": 430000,
    "percentile75": 1200000,
    "skewness": 0.7953033209806807,
    "kurtosis": 0.8604418206594677,
    "outliers": [],
    "badValue": 8
  },
  "playerAge": {
    "total": 497,
    "min": 21,
    "max": 30,
    "avg": 26.157894736842106,
    "median": 26,
    "standardDeviation": 2.7580152645418736,
    "percentile25": 24,
    "percentile75": 29,
    "skewness": -0.19396036983150725,
    "kurtosis": -0.8092441757604845,
    "outliers": [],
    "badValue": 8
  },
  "playerATT": {
    "total": 716,
    "min": 33,
    "max": 66,
    "avg": 51.142857142857146,
    "median": 54,
    "standardDeviation": 9.402561526802476,
    "percentile25": 44,
    "percentile75": 57,
    "skewness": -0.6814995517707967,
    "kurtosis": -0.032211371780586084,
    "outliers": [],
    "badValue": 0
  },
  "playerTEC": {
    "total": 684,
    "min": 39,
    "max": 58,
    "avg": 48.857142857142854,
    "median": 50,
    "standardDeviation": 5.316512590265256,
    "percentile25": 44,
    "percentile75": 53,
    "skewness": -0.22596259158033255,
    "kurtosis": -0.3191575845859109,
    "outliers": [],
    "badValue": 0
  },
  "playerTAC": {
    "total": 618,
    "min": 31,
    "max": 59,
    "avg": 44.142857142857146,
    "median": 46.5,
    "standardDeviation": 8.584513821470637,
    "percentile25": 36,
    "percentile75": 50,
    "skewness": 0.12991372287109934,
    "kurtosis": -0.7734315351000483,
    "outliers": [],
    "badValue": 0
  },
  "playerDEF": {
    "total": 668,
    "min": 24,
    "max": 74,
    "avg": 47.714285714285715,
    "median": 44.5,
    "standardDeviation": 14.463888883445318,
    "percentile25": 36,
    "percentile75": 60,
    "skewness": 0.31938501114658985,
    "kurtosis": -0.5847984054844568,
    "outliers": [],
    "badValue": 0
  },
  "playerCRE": {
    "total": 679,
    "min": 35,
    "max": 62,
    "avg": 48.5,
    "median": 48.5,
    "standardDeviation": 8.209315266382278,
    "percentile25": 42,
    "percentile75": 55,
    "skewness": 0.23163855204599856,
    "kurtosis": -0.5694147705977874,
    "outliers": [],
    "badValue": 0
  },
  "playerTOT": {
    "total": 3365,
    "min": 200,
    "max": 281,
    "avg": 240.35714285714286,
    "median": 235.5,
    "standardDeviation": 19.94853071158426,
    "percentile25": 230,
    "percentile75": 249,
    "skewness": 0.30475128306704374,
    "kurtosis": 1.1709895022782861,
    "outliers": [
      200,
      281
    ],
    "badValue": 0
  },
  "playerRating": {
    "total": 97.20000000000002,
    "min": 6.3,
    "max": 8.3,
    "avg": 6.942857142857144,
    "median": 6.75,
    "standardDeviation": 0.6411087334947679,
    "percentile25": 6.4,
    "percentile75": 7.1,
    "skewness": 1.1984921140822924,
    "kurtosis": 0.5711401206271223,
    "outliers": [
      8.3
    ],
    "badValue": 0
  },
  "playerNumber": 27,
  "noATTR": 13,
  "noRating": 13
}