{
  "playerValue": {
    "total": 10018000,
    "min": 96000,
    "max": 1300000,
    "avg": 556555.5555555555,
    "median": 545000,
    "standardDeviation": 350842.3549469068,
    "percentile25": 220000,
    "percentile75": 775000,
    "skewness": 0.6362867036135418,
    "kurtosis": -0.10374792681334677,
    "outliers": [],
    "badValue": 0
  },
  "playerAge": {
    "total": 530,
    "min": 22,
    "max": 37,
    "avg": 29.444444444444443,
    "median": 29,
    "standardDeviation": 4.775193099320955,
    "percentile25": 25,
    "percentile75": 34,
    "skewness": -0.09532048697930713,
    "kurtosis": -1.04506224403258,
    "outliers": [],
    "badValue": 0
  },
  "playerATT": {
    "total": 619,
    "min": 32,
    "max": 67,
    "avg": 47.61538461538461,
    "median": 50,
    "standardDeviation": 10.965249034587975,
    "percentile25": 37,
    "percentile75": 53,
    "skewness": 0.12499283624360626,
    "kurtosis": -0.6112482017175194,
    "outliers": [],
    "badValue": 0
  },
  "playerTEC": {
    "total": 618,
    "min": 40,
    "max": 60,
    "avg": 47.53846153846154,
    "median": 48,
    "standardDeviation": 5.9175798667436625,
    "percentile25": 42,
    "percentile75": 50,
    "skewness": 0.9189738270352753,
    "kurtosis": 0.5052588241989633,
    "outliers": [],
    "badValue": 0
  },
  "playerTAC": {
    "total": 594,
    "min": 30,
    "max": 59,
    "avg": 45.69230769230769,
    "median": 42,
    "standardDeviation": 9.383984846408968,
    "percentile25": 39,
    "percentile75": 56,
    "skewness": 0.11192166672605654,
    "kurtosis": -0.9813809803248676,
    "outliers": [],
    "badValue": 0
  },
  "playerDEF": {
    "total": 667,
    "min": 27,
    "max": 69,
    "avg": 51.30769230769231,
    "median": 54,
    "standardDeviation": 13.251325712399295,
    "percentile25": 40,
    "percentile75": 63,
    "skewness": -0.3112350514985373,
    "kurtosis": -0.6391937503784226,
    "outliers": [],
    "badValue": 0
  },
  "playerCRE": {
    "total": 594,
    "min": 34,
    "max": 60,
    "avg": 45.69230769230769,
    "median": 46,
    "standardDeviation": 7.729908103589643,
    "percentile25": 41,
    "percentile75": 50,
    "skewness": 0.32483241998842477,
    "kurtosis": 0.11997438721587494,
    "outliers": [],
    "badValue": 0
  },
  "playerTOT": {
    "total": 3092,
    "min": 213,
    "max": 304,
    "avg": 237.84615384615384,
    "median": 228,
    "standardDeviation": 25.431192699717755,
    "percentile25": 220,
    "percentile75": 243,
    "skewness": 1.7939560493637199,
    "kurtosis": 3.2491661584194964,
    "outliers": [
      304
    ],
    "badValue": 0
  },
  "playerRating": {
    "total": 86.61,
    "min": 6.2,
    "max": 7.2,
    "avg": 6.662307692307692,
    "median": 6.6,
    "standardDeviation": 0.3161828547425305,
    "percentile25": 6.5,
    "percentile75": 6.9,
    "skewness": 0.1419988827696868,
    "kurtosis": -0.47386955528326213,
    "outliers": [],
    "badValue": 0
  },
  "playerNumber": 18,
  "noATTR": 5,
  "noRating": 5
}