{
  "playerValue": {
    "total": 10018000,
    "min": 96000,
    "max": 1300000,
    "avg": 556555.5555555555,
    "median": 545000,
    "standardDeviation": 350842.3549469068,
    "percentile25": 220000,
    "percentile75": 775000,
    "qArr": [
      96000,
      220000,
      330000,
      530000,
      620000,
      860000,
      1300000
    ],
    "skewness": 0.6362867036135418,
    "badValue": 0
  },
  "playerAge": {
    "total": 530,
    "min": 22,
    "max": 37,
    "avg": 29.444444444444443,
    "median": 29,
    "standardDeviation": 4.775193099320955,
    "percentile25": 25,
    "percentile75": 34,
    "qArr": [
      22,
      23,
      28,
      29,
      33,
      34,
      37
    ],
    "skewness": -0.09532048697930713,
    "badValue": 0
  },
  "playerATT": {
    "total": 619,
    "min": 32,
    "max": 67,
    "avg": 47.61538461538461,
    "median": 50,
    "standardDeviation": 10.965249034587975,
    "percentile25": 37,
    "percentile75": 53,
    "qArr": [
      32,
      35,
      41,
      50,
      53,
      59,
      67
    ],
    "skewness": 0.12499283624360626,
    "badValue": 0
  },
  "playerTEC": {
    "total": 618,
    "min": 40,
    "max": 60,
    "avg": 47.53846153846154,
    "median": 48,
    "standardDeviation": 5.9175798667436625,
    "percentile25": 42,
    "percentile75": 50,
    "qArr": [
      40,
      42,
      44,
      48,
      48,
      53,
      60
    ],
    "skewness": 0.9189738270352753,
    "badValue": 0
  },
  "playerTAC": {
    "total": 594,
    "min": 30,
    "max": 59,
    "avg": 45.69230769230769,
    "median": 42,
    "standardDeviation": 9.383984846408968,
    "percentile25": 39,
    "percentile75": 56,
    "qArr": [
      30,
      37,
      40,
      42,
      51,
      56,
      59
    ],
    "skewness": 0.11192166672605654,
    "badValue": 0
  },
  "playerDEF": {
    "total": 667,
    "min": 27,
    "max": 69,
    "avg": 51.30769230769231,
    "median": 54,
    "standardDeviation": 13.251325712399295,
    "percentile25": 40,
    "percentile75": 63,
    "qArr": [
      27,
      36,
      44,
      54,
      58,
      67,
      69
    ],
    "skewness": -0.3112350514985373,
    "badValue": 0
  },
  "playerCRE": {
    "total": 594,
    "min": 34,
    "max": 60,
    "avg": 45.69230769230769,
    "median": 46,
    "standardDeviation": 7.729908103589643,
    "percentile25": 41,
    "percentile75": 50,
    "qArr": [
      34,
      37,
      43,
      46,
      47,
      52,
      60
    ],
    "skewness": 0.32483241998842477,
    "badValue": 0
  },
  "playerTOT": {
    "total": 3092,
    "min": 213,
    "max": 304,
    "avg": 237.84615384615384,
    "median": 228,
    "standardDeviation": 25.431192699717755,
    "percentile25": 220,
    "percentile75": 243,
    "qArr": [
      213,
      218,
      226,
      228,
      233,
      262,
      304
    ],
    "skewness": 1.7939560493637199,
    "badValue": 0
  },
  "playerRating": {
    "total": 86.61,
    "min": 6.2,
    "max": 7.2,
    "avg": 6.662307692307692,
    "median": 6.6,
    "standardDeviation": 0.3161828547425305,
    "percentile25": 6.5,
    "percentile75": 6.9,
    "qArr": [
      6.2,
      6.3,
      6.5,
      6.6,
      6.8,
      7,
      7.2
    ],
    "skewness": 0.1419988827696868,
    "badValue": 0
  },
  "playerNumber": 18,
  "noATTR": 5,
  "noRating": 5
}