{
  "playerValue": {
    "total": 10215000,
    "min": 155000,
    "max": 1700000,
    "avg": 464318.1818181818,
    "median": 390000,
    "standardDeviation": 328658.7600818095,
    "percentile25": 220000,
    "percentile75": 570000,
    "qArr": [
      160000,
      210000,
      290000,
      365000,
      515000,
      600000,
      820000
    ],
    "skewness": 2.674975308259998,
    "badValue": 2
  },
  "playerAge": {
    "total": 583,
    "min": 19,
    "max": 32,
    "avg": 26.5,
    "median": 26,
    "standardDeviation": 3.652520922720237,
    "percentile25": 23,
    "percentile75": 30,
    "qArr": [
      22,
      23,
      24,
      26,
      29,
      30,
      32
    ],
    "skewness": -0.012899607595949242,
    "badValue": 2
  },
  "playerATT": {
    "total": 335,
    "min": 39,
    "max": 63,
    "avg": 55.833333333333336,
    "median": 58,
    "standardDeviation": 8.070866675202168,
    "percentile25": 55,
    "percentile75": 62,
    "qArr": [
      39,
      55,
      56,
      56,
      60,
      62,
      63
    ],
    "skewness": -2.337079880886434,
    "badValue": 0
  },
  "playerTEC": {
    "total": 344,
    "min": 48,
    "max": 82,
    "avg": 57.333333333333336,
    "median": 53.5,
    "standardDeviation": 11.279282877125754,
    "percentile25": 52,
    "percentile75": 55,
    "qArr": [
      48,
      52,
      52,
      52,
      55,
      55,
      82
    ],
    "skewness": 2.8989578765841664,
    "badValue": 0
  },
  "playerTAC": {
    "total": 230,
    "min": 34,
    "max": 49,
    "avg": 38.333333333333336,
    "median": 34.5,
    "standardDeviation": 5.962847939999439,
    "percentile25": 34,
    "percentile75": 44,
    "qArr": [
      34,
      34,
      34,
      34,
      35,
      44,
      49
    ],
    "skewness": 1.576952002569576,
    "badValue": 0
  },
  "playerDEF": {
    "total": 250,
    "min": 24,
    "max": 55,
    "avg": 41.666666666666664,
    "median": 42.5,
    "standardDeviation": 10.43498389499902,
    "percentile25": 36,
    "percentile75": 50,
    "qArr": [
      24,
      36,
      37,
      37,
      48,
      50,
      55
    ],
    "skewness": -0.6849995415037611,
    "badValue": 0
  },
  "playerCRE": {
    "total": 337,
    "min": 49,
    "max": 66,
    "avg": 56.166666666666664,
    "median": 56.5,
    "standardDeviation": 6.148622248565572,
    "percentile25": 49,
    "percentile75": 60,
    "qArr": [
      49,
      49,
      54,
      54,
      59,
      60,
      66
    ],
    "skewness": 0.36595356197131246,
    "badValue": 0
  },
  "playerTOT": {
    "total": 1496,
    "min": 220,
    "max": 273,
    "avg": 249.33333333333334,
    "median": 247.5,
    "standardDeviation": 19.058389811897072,
    "percentile25": 236,
    "percentile75": 272,
    "qArr": [
      220,
      236,
      242,
      242,
      253,
      272,
      273
    ],
    "skewness": -0.1323330931631948,
    "badValue": 0
  },
  "playerRating": {
    "total": 34.1,
    "min": 5.7,
    "max": 7.8,
    "avg": 6.82,
    "median": 7,
    "standardDeviation": 0.6823488843692792,
    "percentile25": 6.6,
    "percentile75": 7,
    "qArr": [
      5.7,
      5.7,
      6.6,
      7,
      7,
      7,
      7.8
    ],
    "skewness": -0.60685868558545,
    "badValue": 0
  },
  "playerNumber": 24,
  "noATTR": 18,
  "noRating": 19
}