{
  "playerValue": {
    "total": 10482000,
    "min": 97000,
    "max": 1100000,
    "avg": 419280,
    "median": 315000,
    "standardDeviation": 261846.59936688122,
    "percentile25": 220000,
    "percentile75": 515000,
    "qArr": [
      110000,
      205000,
      245000,
      315000,
      440000,
      525000,
      960000
    ],
    "skewness": 1.2420357791819148,
    "badValue": 3
  },
  "playerAge": {
    "total": 764,
    "min": 21,
    "max": 38,
    "avg": 28.296296296296298,
    "median": 27,
    "standardDeviation": 4.161684263877848,
    "percentile25": 25,
    "percentile75": 32,
    "qArr": [
      23,
      25,
      26,
      27,
      30,
      32,
      35
    ],
    "skewness": 0.4216311405771923,
    "badValue": 1
  },
  "playerATT": {
    "total": 519,
    "min": 34,
    "max": 64,
    "avg": 47.18181818181818,
    "median": 49,
    "standardDeviation": 8.440359555225571,
    "percentile25": 39,
    "percentile75": 52,
    "qArr": [
      34,
      39,
      42,
      49,
      52,
      52,
      64
    ],
    "skewness": 0.18670009513583044,
    "badValue": 0
  },
  "playerTEC": {
    "total": 521,
    "min": 41,
    "max": 56,
    "avg": 47.36363636363637,
    "median": 48,
    "standardDeviation": 4.676298599858794,
    "percentile25": 43,
    "percentile75": 50,
    "qArr": [
      41,
      43,
      43,
      48,
      49,
      50,
      56
    ],
    "skewness": 0.45783378721260287,
    "badValue": 0
  },
  "playerTAC": {
    "total": 535,
    "min": 38,
    "max": 54,
    "avg": 48.63636363636363,
    "median": 51,
    "standardDeviation": 4.829318176470336,
    "percentile25": 46,
    "percentile75": 53,
    "qArr": [
      38,
      46,
      47,
      51,
      52,
      53,
      54
    ],
    "skewness": -1.2301379613570433,
    "badValue": 0
  },
  "playerDEF": {
    "total": 594,
    "min": 31,
    "max": 68,
    "avg": 54,
    "median": 57,
    "standardDeviation": 11.135528725660043,
    "percentile25": 47,
    "percentile75": 65,
    "qArr": [
      31,
      47,
      49,
      57,
      61,
      65,
      68
    ],
    "skewness": -0.8651471524241344,
    "badValue": 0
  },
  "playerCRE": {
    "total": 500,
    "min": 33,
    "max": 59,
    "avg": 45.45454545454545,
    "median": 47,
    "standardDeviation": 8.814900982929018,
    "percentile25": 37,
    "percentile75": 54,
    "qArr": [
      33,
      37,
      38,
      47,
      49,
      54,
      59
    ],
    "skewness": 0.12141746352008871,
    "badValue": 0
  },
  "playerTOT": {
    "total": 2669,
    "min": 219,
    "max": 269,
    "avg": 242.63636363636363,
    "median": 250,
    "standardDeviation": 17.400484461765203,
    "percentile25": 224,
    "percentile75": 255,
    "qArr": [
      219,
      224,
      227,
      250,
      255,
      255,
      269
    ],
    "skewness": -0.011556470354928766,
    "badValue": 0
  },
  "playerRating": {
    "total": 73.3,
    "min": 6.2,
    "max": 7.3,
    "avg": 6.663636363636363,
    "median": 6.5,
    "standardDeviation": 0.3937528695946856,
    "percentile25": 6.3,
    "percentile75": 7.1,
    "qArr": [
      6.2,
      6.3,
      6.4,
      6.5,
      6.8,
      7.1,
      7.3
    ],
    "skewness": 0.653832623978318,
    "badValue": 0
  },
  "playerNumber": 28,
  "noATTR": 17,
  "noRating": 17
}