{
  "playerValue": {
    "total": 10482000,
    "min": 97000,
    "max": 1100000,
    "avg": 419280,
    "median": 315000,
    "standardDeviation": 261846.59936688122,
    "percentile25": 220000,
    "percentile75": 515000,
    "skewness": 1.2420357791819148,
    "kurtosis": 1.0536654770265228,
    "outliers": [
      960000,
      1100000
    ],
    "badValue": 3
  },
  "playerAge": {
    "total": 764,
    "min": 21,
    "max": 38,
    "avg": 28.296296296296298,
    "median": 27,
    "standardDeviation": 4.161684263877848,
    "percentile25": 25,
    "percentile75": 32,
    "skewness": 0.4216311405771923,
    "kurtosis": -0.30845698569618607,
    "outliers": [],
    "badValue": 1
  },
  "playerATT": {
    "total": 519,
    "min": 34,
    "max": 64,
    "avg": 47.18181818181818,
    "median": 49,
    "standardDeviation": 8.440359555225571,
    "percentile25": 39,
    "percentile75": 52,
    "skewness": 0.18670009513583044,
    "kurtosis": 0.6670538649124405,
    "outliers": [],
    "badValue": 0
  },
  "playerTEC": {
    "total": 521,
    "min": 41,
    "max": 56,
    "avg": 47.36363636363637,
    "median": 48,
    "standardDeviation": 4.676298599858794,
    "percentile25": 43,
    "percentile75": 50,
    "skewness": 0.45783378721260287,
    "kurtosis": -0.04078400403581295,
    "outliers": [],
    "badValue": 0
  },
  "playerTAC": {
    "total": 535,
    "min": 38,
    "max": 54,
    "avg": 48.63636363636363,
    "median": 51,
    "standardDeviation": 4.829318176470336,
    "percentile25": 46,
    "percentile75": 53,
    "skewness": -1.2301379613570433,
    "kurtosis": 1.4073097032311468,
    "outliers": [],
    "badValue": 0
  },
  "playerDEF": {
    "total": 594,
    "min": 31,
    "max": 68,
    "avg": 54,
    "median": 57,
    "standardDeviation": 11.135528725660043,
    "percentile25": 47,
    "percentile75": 65,
    "skewness": -0.8651471524241344,
    "kurtosis": 0.7221904266389201,
    "outliers": [],
    "badValue": 0
  },
  "playerCRE": {
    "total": 500,
    "min": 33,
    "max": 59,
    "avg": 45.45454545454545,
    "median": 47,
    "standardDeviation": 8.814900982929018,
    "percentile25": 37,
    "percentile75": 54,
    "skewness": 0.12141746352008871,
    "kurtosis": -0.7207436176663782,
    "outliers": [],
    "badValue": 0
  },
  "playerTOT": {
    "total": 2669,
    "min": 219,
    "max": 269,
    "avg": 242.63636363636363,
    "median": 250,
    "standardDeviation": 17.400484461765203,
    "percentile25": 224,
    "percentile75": 255,
    "skewness": -0.011556470354928766,
    "kurtosis": -1.277266731740895,
    "outliers": [],
    "badValue": 0
  },
  "playerRating": {
    "total": 73.3,
    "min": 6.2,
    "max": 7.3,
    "avg": 6.663636363636363,
    "median": 6.5,
    "standardDeviation": 0.3937528695946856,
    "percentile25": 6.3,
    "percentile75": 7.1,
    "skewness": 0.653832623978318,
    "kurtosis": -0.5000306304299338,
    "outliers": [],
    "badValue": 0
  },
  "playerNumber": 28,
  "noATTR": 17,
  "noRating": 17
}