{
  "playerValue": {
    "total": 7122000,
    "min": 97000,
    "max": 965000,
    "avg": 374842.1052631579,
    "median": 370000,
    "standardDeviation": 185827.95188246312,
    "percentile25": 240000,
    "percentile75": 485000,
    "qArr": [
      97000,
      210000,
      310000,
      370000,
      390000,
      515000,
      965000
    ],
    "skewness": 1.6673148943476566,
    "badValue": 9
  },
  "playerAge": {
    "total": 707,
    "min": 22,
    "max": 40,
    "avg": 26.185185185185187,
    "median": 25,
    "standardDeviation": 4.643091539026613,
    "percentile25": 23,
    "percentile75": 27,
    "qArr": [
      22,
      23,
      24,
      25,
      27,
      28,
      40
    ],
    "skewness": 2.04646188465488,
    "badValue": 1
  },
  "playerATT": {
    "total": 136,
    "min": 36,
    "max": 61,
    "avg": 45.333333333333336,
    "median": 39,
    "standardDeviation": 11.14550233153366,
    "percentile25": 36,
    "percentile75": 61,
    "qArr": [
      36,
      36,
      39,
      39,
      39,
      61,
      61
    ],
    "skewness": 3.0099501201821135,
    "badValue": 0
  },
  "playerTEC": {
    "total": 141,
    "min": 43,
    "max": 53,
    "avg": 47,
    "median": 45,
    "standardDeviation": 4.320493798938574,
    "percentile25": 43,
    "percentile75": 53,
    "qArr": [
      43,
      43,
      45,
      45,
      45,
      53,
      53
    ],
    "skewness": 2.678265288627738,
    "badValue": 0
  },
  "playerTAC": {
    "total": 122,
    "min": 35,
    "max": 50,
    "avg": 40.666666666666664,
    "median": 37,
    "standardDeviation": 6.649979114420002,
    "percentile25": 35,
    "percentile75": 50,
    "qArr": [
      35,
      35,
      37,
      37,
      37,
      50,
      50
    ],
    "skewness": 2.96747824349065,
    "badValue": 0
  },
  "playerDEF": {
    "total": 154,
    "min": 33,
    "max": 64,
    "avg": 51.333333333333336,
    "median": 57,
    "standardDeviation": 13.27487183449325,
    "percentile25": 33,
    "percentile75": 64,
    "qArr": [
      33,
      33,
      57,
      57,
      57,
      64,
      64
    ],
    "skewness": -2.531354367174739,
    "badValue": 0
  },
  "playerCRE": {
    "total": 135,
    "min": 37,
    "max": 53,
    "avg": 45,
    "median": 45,
    "standardDeviation": 6.531972647421808,
    "percentile25": 37,
    "percentile75": 53,
    "qArr": [
      37,
      37,
      45,
      45,
      45,
      53,
      53
    ],
    "skewness": 0,
    "badValue": 0
  },
  "playerTOT": {
    "total": 688,
    "min": 221,
    "max": 235,
    "avg": 229.33333333333334,
    "median": 232,
    "standardDeviation": 6.018490028422596,
    "percentile25": 221,
    "percentile75": 235,
    "qArr": [
      221,
      221,
      232,
      232,
      232,
      235,
      235
    ],
    "skewness": -2.5993516156479313,
    "badValue": 0
  },
  "playerRating": {
    "total": 14.2,
    "min": 6.6,
    "max": 7.6,
    "avg": 7.1,
    "median": 7.1,
    "standardDeviation": 0.5,
    "percentile25": 6.6,
    "percentile75": 7.6,
    "qArr": [
      6.6,
      6.6,
      6.6,
      6.6,
      7.6,
      7.6,
      7.6
    ],
    "skewness": null,
    "badValue": 0
  },
  "playerNumber": 28,
  "noATTR": 25,
  "noRating": 26
}