{
  "playerValue": {
    "total": 11545000,
    "min": 110000,
    "max": 1700000,
    "avg": 444038.46153846156,
    "median": 335000,
    "standardDeviation": 331598.74741913733,
    "percentile25": 210000,
    "percentile75": 545000,
    "qArr": [
      155000,
      210000,
      240000,
      330000,
      515000,
      580000,
      900000
    ],
    "skewness": 2.368908123656552,
    "badValue": 1
  },
  "playerAge": {
    "total": 713,
    "min": 16,
    "max": 36,
    "avg": 26.40740740740741,
    "median": 27,
    "standardDeviation": 5.4586612065004125,
    "percentile25": 22,
    "percentile75": 30,
    "qArr": [
      19,
      21,
      24,
      27,
      29,
      31,
      35
    ],
    "skewness": 0.030102964706841238,
    "badValue": 0
  },
  "playerATT": {
    "total": 240,
    "min": 41,
    "max": 52,
    "avg": 48,
    "median": 50,
    "standardDeviation": 4.33589667773576,
    "percentile25": 45,
    "percentile75": 52,
    "qArr": [
      41,
      41,
      45,
      50,
      52,
      52,
      52
    ],
    "skewness": -1.1961009678566,
    "badValue": 0
  },
  "playerTEC": {
    "total": 240,
    "min": 43,
    "max": 52,
    "avg": 48,
    "median": 49,
    "standardDeviation": 2.9664793948382653,
    "percentile25": 47,
    "percentile75": 49,
    "qArr": [
      43,
      43,
      47,
      49,
      49,
      49,
      52
    ],
    "skewness": -0.957670259180742,
    "badValue": 0
  },
  "playerTAC": {
    "total": 235,
    "min": 39,
    "max": 55,
    "avg": 47,
    "median": 44,
    "standardDeviation": 6.356099432828281,
    "percentile25": 43,
    "percentile75": 54,
    "qArr": [
      39,
      39,
      43,
      44,
      54,
      54,
      55
    ],
    "skewness": 0.40890013261381825,
    "badValue": 0
  },
  "playerDEF": {
    "total": 264,
    "min": 38,
    "max": 68,
    "avg": 52.8,
    "median": 59,
    "standardDeviation": 12.08966500776593,
    "percentile25": 39,
    "percentile75": 60,
    "qArr": [
      38,
      38,
      39,
      59,
      60,
      60,
      68
    ],
    "skewness": -0.4118220284452219,
    "badValue": 0
  },
  "playerCRE": {
    "total": 265,
    "min": 49,
    "max": 56,
    "avg": 53,
    "median": 54,
    "standardDeviation": 2.3664319132398464,
    "percentile25": 52,
    "percentile75": 54,
    "qArr": [
      49,
      49,
      52,
      54,
      54,
      54,
      56
    ],
    "skewness": -1.1319030197256916,
    "badValue": 0
  },
  "playerTOT": {
    "total": 1244,
    "min": 228,
    "max": 270,
    "avg": 248.8,
    "median": 242,
    "standardDeviation": 17.0926884953772,
    "percentile25": 236,
    "percentile75": 268,
    "qArr": [
      228,
      228,
      236,
      242,
      268,
      268,
      270
    ],
    "skewness": 0.4334975481604763,
    "badValue": 0
  },
  "playerRating": {
    "total": 22.299999999999997,
    "min": 6.8,
    "max": 8.1,
    "avg": 7.433333333333333,
    "median": 7.4,
    "standardDeviation": 0.5312459150169742,
    "percentile25": 6.8,
    "percentile75": 8.1,
    "qArr": [
      6.8,
      6.8,
      7.4,
      7.4,
      7.4,
      8.1,
      8.1
    ],
    "skewness": 0.4224210341678253,
    "badValue": 0
  },
  "playerNumber": 27,
  "noATTR": 22,
  "noRating": 24
}