{
  "playerValue": {
    "total": 19375000,
    "min": 205000,
    "max": 2100000,
    "avg": 922619.0476190476,
    "median": 875000,
    "standardDeviation": 567680.3658155056,
    "percentile25": 420000,
    "percentile75": 1200000,
    "qArr": [
      265000,
      385000,
      635000,
      875000,
      1100000,
      1200000,
      2100000
    ],
    "skewness": 0.8535347052115226,
    "badValue": 9
  },
  "playerAge": {
    "total": 654,
    "min": 20,
    "max": 37,
    "avg": 26.16,
    "median": 25,
    "standardDeviation": 4.378858298689282,
    "percentile25": 22,
    "percentile75": 29,
    "qArr": [
      21,
      22,
      24,
      25,
      27,
      29,
      33
    ],
    "skewness": 0.7550674257217189,
    "badValue": 5
  },
  "playerATT": {
    "total": 605,
    "min": 34,
    "max": 67,
    "avg": 46.53846153846154,
    "median": 48,
    "standardDeviation": 9.451213879020104,
    "percentile25": 38,
    "percentile75": 52,
    "qArr": [
      34,
      36,
      42,
      48,
      50,
      52,
      67
    ],
    "skewness": 0.6356737855953183,
    "badValue": 0
  },
  "playerTEC": {
    "total": 615,
    "min": 35,
    "max": 55,
    "avg": 47.30769230769231,
    "median": 48,
    "standardDeviation": 4.597400860764289,
    "percentile25": 47,
    "percentile75": 49,
    "qArr": [
      35,
      44,
      47,
      48,
      49,
      51,
      55
    ],
    "skewness": -1.4331292068702546,
    "badValue": 0
  },
  "playerTAC": {
    "total": 612,
    "min": 25,
    "max": 62,
    "avg": 47.07692307692308,
    "median": 49,
    "standardDeviation": 10.644330657581481,
    "percentile25": 42,
    "percentile75": 56,
    "qArr": [
      25,
      38,
      44,
      49,
      54,
      57,
      62
    ],
    "skewness": -0.8155405128629902,
    "badValue": 0
  },
  "playerDEF": {
    "total": 687,
    "min": 30,
    "max": 73,
    "avg": 52.84615384615385,
    "median": 60,
    "standardDeviation": 15.965569463192463,
    "percentile25": 36,
    "percentile75": 66,
    "qArr": [
      30,
      35,
      38,
      60,
      66,
      68,
      73
    ],
    "skewness": -0.34491250694653786,
    "badValue": 0
  },
  "playerCRE": {
    "total": 601,
    "min": 38,
    "max": 57,
    "avg": 46.23076923076923,
    "median": 47,
    "standardDeviation": 5.726508483210692,
    "percentile25": 42,
    "percentile75": 50,
    "qArr": [
      38,
      41,
      43,
      47,
      49,
      51,
      57
    ],
    "skewness": 0.26521385401164593,
    "badValue": 0
  },
  "playerTOT": {
    "total": 3120,
    "min": 200,
    "max": 272,
    "avg": 240,
    "median": 244,
    "standardDeviation": 19.732830901434678,
    "percentile25": 225,
    "percentile75": 246,
    "qArr": [
      200,
      225,
      234,
      244,
      245,
      261,
      272
    ],
    "skewness": -0.22948341680135678,
    "badValue": 0
  },
  "playerRating": {
    "total": 89.3,
    "min": 5.7,
    "max": 7.7,
    "avg": 6.869230769230769,
    "median": 6.8,
    "standardDeviation": 0.508972744297639,
    "percentile25": 6.7,
    "percentile75": 7.1,
    "qArr": [
      5.7,
      6.6,
      6.8,
      6.8,
      6.9,
      7.4,
      7.7
    ],
    "skewness": -0.5099789563118925,
    "badValue": 0
  },
  "playerNumber": 30,
  "noATTR": 17,
  "noRating": 17
}