{
  "playerValue": {
    "total": 23725000,
    "min": 215000,
    "max": 2800000,
    "avg": 1078409.0909090908,
    "median": 855000,
    "standardDeviation": 701921.6907300667,
    "percentile25": 680000,
    "percentile75": 1300000,
    "qArr": [
      215000,
      580000,
      760000,
      850000,
      1100000,
      1400000,
      2700000
    ],
    "skewness": 1.3820534323499303,
    "badValue": 4
  },
  "playerAge": {
    "total": 684,
    "min": 19,
    "max": 37,
    "avg": 26.307692307692307,
    "median": 25,
    "standardDeviation": 5.433296426587785,
    "percentile25": 21,
    "percentile75": 32,
    "qArr": [
      19,
      21,
      24,
      24,
      28,
      32,
      35
    ],
    "skewness": 0.40707255176189455,
    "badValue": 0
  },
  "playerATT": {
    "total": 813,
    "min": 35,
    "max": 69,
    "avg": 50.8125,
    "median": 48,
    "standardDeviation": 10.507251959956038,
    "percentile25": 40,
    "percentile75": 60,
    "qArr": [
      35,
      40,
      44,
      47,
      58,
      62,
      69
    ],
    "skewness": 0.24555961943322932,
    "badValue": 0
  },
  "playerTEC": {
    "total": 800,
    "min": 38,
    "max": 64,
    "avg": 50,
    "median": 49,
    "standardDeviation": 7.280109889280518,
    "percentile25": 44,
    "percentile75": 53,
    "qArr": [
      38,
      44,
      46,
      49,
      51,
      56,
      64
    ],
    "skewness": 0.5923905722854513,
    "badValue": 0
  },
  "playerTAC": {
    "total": 793,
    "min": 37,
    "max": 62,
    "avg": 49.5625,
    "median": 50,
    "standardDeviation": 7.491401320847789,
    "percentile25": 42,
    "percentile75": 53,
    "qArr": [
      37,
      42,
      48,
      50,
      52,
      56,
      62
    ],
    "skewness": -0.19628492472782597,
    "badValue": 0
  },
  "playerDEF": {
    "total": 899,
    "min": 30,
    "max": 75,
    "avg": 56.1875,
    "median": 58,
    "standardDeviation": 12.899703242710663,
    "percentile25": 43,
    "percentile75": 65,
    "qArr": [
      30,
      43,
      54,
      58,
      65,
      68,
      75
    ],
    "skewness": -0.5513979445043208,
    "badValue": 0
  },
  "playerCRE": {
    "total": 797,
    "min": 38,
    "max": 61,
    "avg": 49.8125,
    "median": 48.5,
    "standardDeviation": 8.360762151263485,
    "percentile25": 42,
    "percentile75": 58,
    "qArr": [
      38,
      42,
      43,
      47,
      56,
      59,
      61
    ],
    "skewness": 0.060519184668505095,
    "badValue": 0
  },
  "playerTOT": {
    "total": 4102,
    "min": 201,
    "max": 296,
    "avg": 256.375,
    "median": 257.5,
    "standardDeviation": 26.603277523643587,
    "percentile25": 237,
    "percentile75": 274,
    "qArr": [
      201,
      237,
      239,
      255,
      271,
      274,
      296
    ],
    "skewness": -0.3032154648346226,
    "badValue": 0
  },
  "playerRating": {
    "total": 110.88,
    "min": 6.4,
    "max": 8.2,
    "avg": 6.93,
    "median": 6.9,
    "standardDeviation": 0.39465174521342217,
    "percentile25": 6.6,
    "percentile75": 7,
    "qArr": [
      6.4,
      6.6,
      6.8,
      6.9,
      7,
      7.1,
      8.2
    ],
    "skewness": 2.196207155908773,
    "badValue": 0
  },
  "playerNumber": 26,
  "noATTR": 10,
  "noRating": 10
}