{
  "playerValue": {
    "total": 23725000,
    "min": 215000,
    "max": 2800000,
    "avg": 1078409.0909090908,
    "median": 855000,
    "standardDeviation": 701921.6907300667,
    "percentile25": 680000,
    "percentile75": 1300000,
    "skewness": 1.3820534323499303,
    "kurtosis": 1.6654869284697984,
    "outliers": [
      2300000,
      2700000,
      2800000
    ],
    "badValue": 4
  },
  "playerAge": {
    "total": 684,
    "min": 19,
    "max": 37,
    "avg": 26.307692307692307,
    "median": 25,
    "standardDeviation": 5.433296426587785,
    "percentile25": 21,
    "percentile75": 32,
    "skewness": 0.40707255176189455,
    "kurtosis": -0.8811803874089148,
    "outliers": [],
    "badValue": 0
  },
  "playerATT": {
    "total": 813,
    "min": 35,
    "max": 69,
    "avg": 50.8125,
    "median": 48,
    "standardDeviation": 10.507251959956038,
    "percentile25": 40,
    "percentile75": 60,
    "skewness": 0.24555961943322932,
    "kurtosis": -1.0989844567039397,
    "outliers": [],
    "badValue": 0
  },
  "playerTEC": {
    "total": 800,
    "min": 38,
    "max": 64,
    "avg": 50,
    "median": 49,
    "standardDeviation": 7.280109889280518,
    "percentile25": 44,
    "percentile75": 53,
    "skewness": 0.5923905722854513,
    "kurtosis": 0.03876954895110796,
    "outliers": [],
    "badValue": 0
  },
  "playerTAC": {
    "total": 793,
    "min": 37,
    "max": 62,
    "avg": 49.5625,
    "median": 50,
    "standardDeviation": 7.491401320847789,
    "percentile25": 42,
    "percentile75": 53,
    "skewness": -0.19628492472782597,
    "kurtosis": -0.31542128449676277,
    "outliers": [],
    "badValue": 0
  },
  "playerDEF": {
    "total": 899,
    "min": 30,
    "max": 75,
    "avg": 56.1875,
    "median": 58,
    "standardDeviation": 12.899703242710663,
    "percentile25": 43,
    "percentile75": 65,
    "skewness": -0.5513979445043208,
    "kurtosis": -0.3506167435889971,
    "outliers": [],
    "badValue": 0
  },
  "playerCRE": {
    "total": 797,
    "min": 38,
    "max": 61,
    "avg": 49.8125,
    "median": 48.5,
    "standardDeviation": 8.360762151263485,
    "percentile25": 42,
    "percentile75": 58,
    "skewness": 0.060519184668505095,
    "kurtosis": -1.3609091557303943,
    "outliers": [],
    "badValue": 0
  },
  "playerTOT": {
    "total": 4102,
    "min": 201,
    "max": 296,
    "avg": 256.375,
    "median": 257.5,
    "standardDeviation": 26.603277523643587,
    "percentile25": 237,
    "percentile75": 274,
    "skewness": -0.3032154648346226,
    "kurtosis": -0.0526126155027935,
    "outliers": [],
    "badValue": 0
  },
  "playerRating": {
    "total": 110.88,
    "min": 6.4,
    "max": 8.2,
    "avg": 6.93,
    "median": 6.9,
    "standardDeviation": 0.39465174521342217,
    "percentile25": 6.6,
    "percentile75": 7,
    "skewness": 2.196207155908773,
    "kurtosis": 7.570328974212788,
    "outliers": [
      8.2
    ],
    "badValue": 0
  },
  "playerNumber": 26,
  "noATTR": 10,
  "noRating": 10
}