{
  "playerValue": {
    "total": 10180000,
    "min": 110000,
    "max": 970000,
    "avg": 484761.90476190473,
    "median": 515000,
    "standardDeviation": 223295.00127941038,
    "percentile25": 290000,
    "percentile75": 640000,
    "qArr": [
      130000,
      280000,
      425000,
      515000,
      545000,
      655000,
      825000
    ],
    "skewness": 0.22517612446743074,
    "badValue": 1
  },
  "playerAge": {
    "total": 630,
    "min": 21,
    "max": 36,
    "avg": 28.636363636363637,
    "median": 28.5,
    "standardDeviation": 4.280457224361292,
    "percentile25": 26,
    "percentile75": 31,
    "qArr": [
      22,
      25,
      27,
      28,
      30,
      33,
      36
    ],
    "skewness": 0.140786136571172,
    "badValue": 0
  },
  "playerATT": {
    "total": 567,
    "min": 34,
    "max": 65,
    "avg": 47.25,
    "median": 47,
    "standardDeviation": 10.55244837308701,
    "percentile25": 36,
    "percentile75": 55,
    "qArr": [
      34,
      36,
      39,
      45,
      51,
      58,
      65
    ],
    "skewness": 0.33557693310192643,
    "badValue": 0
  },
  "playerTEC": {
    "total": 548,
    "min": 38,
    "max": 57,
    "avg": 45.666666666666664,
    "median": 45,
    "standardDeviation": 5.647024782032472,
    "percentile25": 40,
    "percentile75": 47,
    "qArr": [
      38,
      40,
      43,
      45,
      47,
      51,
      57
    ],
    "skewness": 0.7603466804354468,
    "badValue": 0
  },
  "playerTAC": {
    "total": 535,
    "min": 36,
    "max": 55,
    "avg": 44.583333333333336,
    "median": 44,
    "standardDeviation": 5.851756621353588,
    "percentile25": 39,
    "percentile75": 46,
    "qArr": [
      36,
      39,
      41,
      44,
      45,
      50,
      55
    ],
    "skewness": 0.7346951176864289,
    "badValue": 0
  },
  "playerDEF": {
    "total": 608,
    "min": 29,
    "max": 72,
    "avg": 50.666666666666664,
    "median": 56,
    "standardDeviation": 13.828312341794359,
    "percentile25": 32,
    "percentile75": 61,
    "qArr": [
      29,
      32,
      44,
      54,
      58,
      62,
      72
    ],
    "skewness": -0.39460351450377246,
    "badValue": 0
  },
  "playerCRE": {
    "total": 553,
    "min": 36,
    "max": 58,
    "avg": 46.083333333333336,
    "median": 44,
    "standardDeviation": 6.993548614417593,
    "percentile25": 41,
    "percentile75": 49,
    "qArr": [
      36,
      41,
      43,
      44,
      47,
      55,
      58
    ],
    "skewness": 0.5945702209046921,
    "badValue": 0
  },
  "playerTOT": {
    "total": 2811,
    "min": 212,
    "max": 278,
    "avg": 234.25,
    "median": 235,
    "standardDeviation": 16.7388022271607,
    "percentile25": 219,
    "percentile75": 241,
    "qArr": [
      212,
      219,
      228,
      234,
      238,
      241,
      278
    ],
    "skewness": 1.4344427275049803,
    "badValue": 0
  },
  "playerRating": {
    "total": 85.56000000000002,
    "min": 6.3,
    "max": 9.7,
    "avg": 7.130000000000002,
    "median": 6.8,
    "standardDeviation": 0.8433465084609842,
    "percentile25": 6.7,
    "percentile75": 7.1,
    "qArr": [
      6.3,
      6.7,
      6.8,
      6.8,
      7,
      7.4,
      9.7
    ],
    "skewness": 2.934942959786567,
    "badValue": 0
  },
  "playerNumber": 22,
  "noATTR": 10,
  "noRating": 10
}