{
  "playerValue": {
    "total": 45121999,
    "min": 52000,
    "max": 8199999,
    "avg": 1735461.5,
    "median": 1350000,
    "standardDeviation": 1972750.8666878818,
    "percentile25": 285000,
    "percentile75": 2100000,
    "qArr": [
      145000,
      185000,
      675000,
      1300000,
      1800000,
      2600000,
      7400000
    ],
    "skewness": 2.3835330057498125,
    "badValue": 4
  },
  "playerAge": {
    "total": 730,
    "min": 18,
    "max": 34,
    "avg": 25.17241379310345,
    "median": 26,
    "standardDeviation": 4.202371789401965,
    "percentile25": 22,
    "percentile75": 28,
    "qArr": [
      19,
      20,
      23,
      26,
      26,
      29,
      32
    ],
    "skewness": 0.25945100234146595,
    "badValue": 1
  },
  "playerATT": {
    "total": 967,
    "min": 33,
    "max": 72,
    "avg": 50.89473684210526,
    "median": 52,
    "standardDeviation": 11.149202175100882,
    "percentile25": 41,
    "percentile75": 60,
    "qArr": [
      33,
      39,
      45,
      52,
      57,
      61,
      72
    ],
    "skewness": 0.13493797877704536,
    "badValue": 0
  },
  "playerTEC": {
    "total": 982,
    "min": 37,
    "max": 72,
    "avg": 51.68421052631579,
    "median": 51,
    "standardDeviation": 8.535083211624997,
    "percentile25": 44,
    "percentile75": 58,
    "qArr": [
      37,
      44,
      47,
      51,
      54,
      60,
      72
    ],
    "skewness": 0.6037632733381381,
    "badValue": 0
  },
  "playerTAC": {
    "total": 843,
    "min": 30,
    "max": 62,
    "avg": 44.36842105263158,
    "median": 42,
    "standardDeviation": 10.31202938991662,
    "percentile25": 37,
    "percentile75": 53,
    "qArr": [
      30,
      34,
      38,
      42,
      49,
      57,
      62
    ],
    "skewness": 0.3576904849430069,
    "badValue": 0
  },
  "playerDEF": {
    "total": 913,
    "min": 12,
    "max": 72,
    "avg": 48.05263157894737,
    "median": 44,
    "standardDeviation": 17.50330400151723,
    "percentile25": 35,
    "percentile75": 65,
    "qArr": [
      12,
      33,
      37,
      44,
      62,
      67,
      72
    ],
    "skewness": -0.20064253478321914,
    "badValue": 0
  },
  "playerCRE": {
    "total": 948,
    "min": 35,
    "max": 59,
    "avg": 49.89473684210526,
    "median": 52,
    "standardDeviation": 7.785916684306251,
    "percentile25": 42,
    "percentile75": 57,
    "qArr": [
      35,
      42,
      50,
      52,
      56,
      57,
      59
    ],
    "skewness": -0.8790750476969706,
    "badValue": 0
  },
  "playerTOT": {
    "total": 4653,
    "min": 213,
    "max": 285,
    "avg": 244.89473684210526,
    "median": 245,
    "standardDeviation": 15.7643660023822,
    "percentile25": 234,
    "percentile75": 256,
    "qArr": [
      213,
      229,
      236,
      245,
      249,
      256,
      285
    ],
    "skewness": 0.46559871031616074,
    "badValue": 0
  },
  "playerRating": {
    "total": 130.7,
    "min": 6.4,
    "max": 7.9,
    "avg": 6.878947368421052,
    "median": 6.8,
    "standardDeviation": 0.4224975208503048,
    "percentile25": 6.6,
    "percentile75": 7.2,
    "qArr": [
      6.4,
      6.4,
      6.6,
      6.8,
      7,
      7.2,
      7.9
    ],
    "skewness": 1.0327366439360417,
    "badValue": 0
  },
  "playerNumber": 30,
  "noATTR": 11,
  "noRating": 11
}