{
  "playerValue": {
    "total": 24222000,
    "min": 97000,
    "max": 3200000,
    "avg": 1153428.5714285714,
    "median": 775000,
    "standardDeviation": 805426.1558436048,
    "percentile25": 620000,
    "percentile75": 1600000,
    "skewness": 1.1619944552748123,
    "kurtosis": 1.1665700122811704,
    "outliers": [
      3200000
    ],
    "badValue": 5
  },
  "playerAge": {
    "total": 586,
    "min": 19,
    "max": 35,
    "avg": 25.47826086956522,
    "median": 25,
    "standardDeviation": 4.009440655095131,
    "percentile25": 22,
    "percentile75": 29,
    "skewness": 0.4541543098900597,
    "kurtosis": 0.09953134862463386,
    "outliers": [],
    "badValue": 3
  },
  "playerATT": {
    "total": 737,
    "min": 37,
    "max": 64,
    "avg": 52.642857142857146,
    "median": 51,
    "standardDeviation": 8.414334222513585,
    "percentile25": 45,
    "percentile75": 61,
    "skewness": -0.20673217785970258,
    "kurtosis": -0.7393295151129431,
    "outliers": [],
    "badValue": 0
  },
  "playerTEC": {
    "total": 701,
    "min": 45,
    "max": 57,
    "avg": 50.07142857142857,
    "median": 50,
    "standardDeviation": 3.534812294759606,
    "percentile25": 47,
    "percentile75": 54,
    "skewness": 0.38913140825132553,
    "kurtosis": -0.3833747594928516,
    "outliers": [],
    "badValue": 0
  },
  "playerTAC": {
    "total": 652,
    "min": 33,
    "max": 60,
    "avg": 46.57142857142857,
    "median": 47,
    "standardDeviation": 8.068583569395964,
    "percentile25": 42,
    "percentile75": 52,
    "skewness": 0.002552269518737159,
    "kurtosis": -0.0015766924872551158,
    "outliers": [],
    "badValue": 0
  },
  "playerDEF": {
    "total": 665,
    "min": 27,
    "max": 73,
    "avg": 47.5,
    "median": 46.5,
    "standardDeviation": 14.241538841411366,
    "percentile25": 34,
    "percentile75": 58,
    "skewness": 0.17336717810930877,
    "kurtosis": -0.7299264368647105,
    "outliers": [],
    "badValue": 0
  },
  "playerCRE": {
    "total": 694,
    "min": 37,
    "max": 68,
    "avg": 49.57142857142857,
    "median": 49,
    "standardDeviation": 7.208271892310208,
    "percentile25": 45,
    "percentile75": 53,
    "skewness": 1.097035278607542,
    "kurtosis": 3.0476906914972828,
    "outliers": [
      68
    ],
    "badValue": 0
  },
  "playerTOT": {
    "total": 3449,
    "min": 216,
    "max": 297,
    "avg": 246.35714285714286,
    "median": 244.5,
    "standardDeviation": 21.50949007450679,
    "percentile25": 231,
    "percentile75": 260,
    "skewness": 0.9252573150074002,
    "kurtosis": 1.420565326956349,
    "outliers": [],
    "badValue": 0
  },
  "playerRating": {
    "total": 98.7,
    "min": 6.4,
    "max": 8.9,
    "avg": 7.05,
    "median": 6.85,
    "standardDeviation": 0.6068066295899261,
    "percentile25": 6.7,
    "percentile75": 7.3,
    "skewness": 2.3424482316995126,
    "kurtosis": 7.101706622422578,
    "outliers": [
      8.9
    ],
    "badValue": 0
  },
  "playerNumber": 26,
  "noATTR": 12,
  "noRating": 12
}