{
  "playerValue": {
    "total": 24222000,
    "min": 97000,
    "max": 3200000,
    "avg": 1153428.5714285714,
    "median": 775000,
    "standardDeviation": 805426.1558436048,
    "percentile25": 620000,
    "percentile75": 1600000,
    "qArr": [
      105000,
      620000,
      725000,
      775000,
      1200000,
      1600000,
      2700000
    ],
    "skewness": 1.1619944552748123,
    "badValue": 5
  },
  "playerAge": {
    "total": 586,
    "min": 19,
    "max": 35,
    "avg": 25.47826086956522,
    "median": 25,
    "standardDeviation": 4.009440655095131,
    "percentile25": 22,
    "percentile75": 29,
    "qArr": [
      19,
      22,
      24,
      25,
      27,
      29,
      31
    ],
    "skewness": 0.4541543098900597,
    "badValue": 3
  },
  "playerATT": {
    "total": 737,
    "min": 37,
    "max": 64,
    "avg": 52.642857142857146,
    "median": 51,
    "standardDeviation": 8.414334222513585,
    "percentile25": 45,
    "percentile75": 61,
    "qArr": [
      37,
      45,
      48,
      51,
      59,
      63,
      64
    ],
    "skewness": -0.20673217785970258,
    "badValue": 0
  },
  "playerTEC": {
    "total": 701,
    "min": 45,
    "max": 57,
    "avg": 50.07142857142857,
    "median": 50,
    "standardDeviation": 3.534812294759606,
    "percentile25": 47,
    "percentile75": 54,
    "qArr": [
      45,
      46,
      47,
      50,
      51,
      54,
      57
    ],
    "skewness": 0.38913140825132553,
    "badValue": 0
  },
  "playerTAC": {
    "total": 652,
    "min": 33,
    "max": 60,
    "avg": 46.57142857142857,
    "median": 47,
    "standardDeviation": 8.068583569395964,
    "percentile25": 42,
    "percentile75": 52,
    "qArr": [
      33,
      38,
      42,
      46,
      50,
      53,
      60
    ],
    "skewness": 0.002552269518737159,
    "badValue": 0
  },
  "playerDEF": {
    "total": 665,
    "min": 27,
    "max": 73,
    "avg": 47.5,
    "median": 46.5,
    "standardDeviation": 14.241538841411366,
    "percentile25": 34,
    "percentile75": 58,
    "qArr": [
      27,
      32,
      38,
      43,
      57,
      61,
      73
    ],
    "skewness": 0.17336717810930877,
    "badValue": 0
  },
  "playerCRE": {
    "total": 694,
    "min": 37,
    "max": 68,
    "avg": 49.57142857142857,
    "median": 49,
    "standardDeviation": 7.208271892310208,
    "percentile25": 45,
    "percentile75": 53,
    "qArr": [
      37,
      44,
      46,
      49,
      51,
      53,
      68
    ],
    "skewness": 1.097035278607542,
    "badValue": 0
  },
  "playerTOT": {
    "total": 3449,
    "min": 216,
    "max": 297,
    "avg": 246.35714285714286,
    "median": 244.5,
    "standardDeviation": 21.50949007450679,
    "percentile25": 231,
    "percentile75": 260,
    "qArr": [
      216,
      227,
      232,
      243,
      250,
      262,
      297
    ],
    "skewness": 0.9252573150074002,
    "badValue": 0
  },
  "playerRating": {
    "total": 98.7,
    "min": 6.4,
    "max": 8.9,
    "avg": 7.05,
    "median": 6.85,
    "standardDeviation": 0.6068066295899261,
    "percentile25": 6.7,
    "percentile75": 7.3,
    "qArr": [
      6.4,
      6.6,
      6.7,
      6.8,
      7.2,
      7.4,
      8.9
    ],
    "skewness": 2.3424482316995126,
    "badValue": 0
  },
  "playerNumber": 26,
  "noATTR": 12,
  "noRating": 12
}