{
  "playerValue": {
    "total": 11300000,
    "min": 105000,
    "max": 965000,
    "avg": 594736.8421052631,
    "median": 620000,
    "standardDeviation": 261521.22629062834,
    "percentile25": 330000,
    "percentile75": 860000,
    "skewness": -0.3607255789688323,
    "kurtosis": -0.6530889442709182,
    "outliers": [],
    "badValue": 9
  },
  "playerAge": {
    "total": 591,
    "min": 19,
    "max": 34,
    "avg": 25.695652173913043,
    "median": 25,
    "standardDeviation": 4.226570020700779,
    "percentile25": 22,
    "percentile75": 28,
    "skewness": 0.41723562212619203,
    "kurtosis": -0.32207537017949806,
    "outliers": [],
    "badValue": 5
  },
  "playerATT": {
    "total": 486,
    "min": 34,
    "max": 55,
    "avg": 44.18181818181818,
    "median": 45,
    "standardDeviation": 7.9064781473305095,
    "percentile25": 36,
    "percentile75": 54,
    "skewness": 0.15550866026159918,
    "kurtosis": -1.1182304549564162,
    "outliers": [],
    "badValue": 0
  },
  "playerTEC": {
    "total": 523,
    "min": 41,
    "max": 56,
    "avg": 47.54545454545455,
    "median": 46,
    "standardDeviation": 5.516316893192023,
    "percentile25": 42,
    "percentile75": 55,
    "skewness": 0.5173137332134607,
    "kurtosis": -1.0492331633169387,
    "outliers": [],
    "badValue": 0
  },
  "playerTAC": {
    "total": 533,
    "min": 37,
    "max": 61,
    "avg": 48.45454545454545,
    "median": 49,
    "standardDeviation": 8.968263603737109,
    "percentile25": 38,
    "percentile75": 58,
    "skewness": -0.10818621550866941,
    "kurtosis": -1.284360109039819,
    "outliers": [],
    "badValue": 0
  },
  "playerDEF": {
    "total": 645,
    "min": 38,
    "max": 75,
    "avg": 58.63636363636363,
    "median": 59,
    "standardDeviation": 13.213441691032433,
    "percentile25": 48,
    "percentile75": 72,
    "skewness": -0.369491835824871,
    "kurtosis": -0.6996892559879448,
    "outliers": [],
    "badValue": 0
  },
  "playerCRE": {
    "total": 498,
    "min": 36,
    "max": 58,
    "avg": 45.27272727272727,
    "median": 48,
    "standardDeviation": 6.689080777871692,
    "percentile25": 39,
    "percentile75": 50,
    "skewness": 0.2630222271861881,
    "kurtosis": -0.23017537047138203,
    "outliers": [],
    "badValue": 0
  },
  "playerTOT": {
    "total": 2685,
    "min": 213,
    "max": 280,
    "avg": 244.0909090909091,
    "median": 239,
    "standardDeviation": 17.207052177177214,
    "percentile25": 236,
    "percentile75": 253,
    "skewness": 0.4285277180280908,
    "kurtosis": 1.7545203367446156,
    "outliers": [
      280
    ],
    "badValue": 0
  },
  "playerRating": {
    "total": 76.5,
    "min": 6.4,
    "max": 7.7,
    "avg": 6.954545454545454,
    "median": 7,
    "standardDeviation": 0.3798651348322942,
    "percentile25": 6.6,
    "percentile75": 7.2,
    "skewness": 0.4336459967798848,
    "kurtosis": 0.3285440850564685,
    "outliers": [],
    "badValue": 0
  },
  "playerNumber": 28,
  "noATTR": 17,
  "noRating": 17
}