{
  "playerValue": {
    "total": 11300000,
    "min": 105000,
    "max": 965000,
    "avg": 594736.8421052631,
    "median": 620000,
    "standardDeviation": 261521.22629062834,
    "percentile25": 330000,
    "percentile75": 860000,
    "qArr": [
      105000,
      315000,
      515000,
      620000,
      775000,
      865000,
      965000
    ],
    "skewness": -0.3607255789688323,
    "badValue": 9
  },
  "playerAge": {
    "total": 591,
    "min": 19,
    "max": 34,
    "avg": 25.695652173913043,
    "median": 25,
    "standardDeviation": 4.226570020700779,
    "percentile25": 22,
    "percentile75": 28,
    "qArr": [
      20,
      21,
      24,
      25,
      27,
      29,
      33
    ],
    "skewness": 0.41723562212619203,
    "badValue": 5
  },
  "playerATT": {
    "total": 486,
    "min": 34,
    "max": 55,
    "avg": 44.18181818181818,
    "median": 45,
    "standardDeviation": 7.9064781473305095,
    "percentile25": 36,
    "percentile75": 54,
    "qArr": [
      34,
      36,
      38,
      45,
      49,
      54,
      55
    ],
    "skewness": 0.15550866026159918,
    "badValue": 0
  },
  "playerTEC": {
    "total": 523,
    "min": 41,
    "max": 56,
    "avg": 47.54545454545455,
    "median": 46,
    "standardDeviation": 5.516316893192023,
    "percentile25": 42,
    "percentile75": 55,
    "qArr": [
      41,
      42,
      43,
      46,
      51,
      55,
      56
    ],
    "skewness": 0.5173137332134607,
    "badValue": 0
  },
  "playerTAC": {
    "total": 533,
    "min": 37,
    "max": 61,
    "avg": 48.45454545454545,
    "median": 49,
    "standardDeviation": 8.968263603737109,
    "percentile25": 38,
    "percentile75": 58,
    "qArr": [
      37,
      38,
      39,
      49,
      54,
      58,
      61
    ],
    "skewness": -0.10818621550866941,
    "badValue": 0
  },
  "playerDEF": {
    "total": 645,
    "min": 38,
    "max": 75,
    "avg": 58.63636363636363,
    "median": 59,
    "standardDeviation": 13.213441691032433,
    "percentile25": 48,
    "percentile75": 72,
    "qArr": [
      38,
      48,
      49,
      59,
      70,
      72,
      75
    ],
    "skewness": -0.369491835824871,
    "badValue": 0
  },
  "playerCRE": {
    "total": 498,
    "min": 36,
    "max": 58,
    "avg": 45.27272727272727,
    "median": 48,
    "standardDeviation": 6.689080777871692,
    "percentile25": 39,
    "percentile75": 50,
    "qArr": [
      36,
      39,
      40,
      48,
      49,
      50,
      58
    ],
    "skewness": 0.2630222271861881,
    "badValue": 0
  },
  "playerTOT": {
    "total": 2685,
    "min": 213,
    "max": 280,
    "avg": 244.0909090909091,
    "median": 239,
    "standardDeviation": 17.207052177177214,
    "percentile25": 236,
    "percentile75": 253,
    "qArr": [
      213,
      236,
      236,
      239,
      252,
      253,
      280
    ],
    "skewness": 0.4285277180280908,
    "badValue": 0
  },
  "playerRating": {
    "total": 76.5,
    "min": 6.4,
    "max": 7.7,
    "avg": 6.954545454545454,
    "median": 7,
    "standardDeviation": 0.3798651348322942,
    "percentile25": 6.6,
    "percentile75": 7.2,
    "qArr": [
      6.4,
      6.6,
      6.7,
      7,
      7.1,
      7.2,
      7.7
    ],
    "skewness": 0.4336459967798848,
    "badValue": 0
  },
  "playerNumber": 28,
  "noATTR": 17,
  "noRating": 17
}