{
  "playerValue": {
    "total": 22917000,
    "min": 97000,
    "max": 2600000,
    "avg": 996391.304347826,
    "median": 825000,
    "standardDeviation": 684445.490517399,
    "percentile25": 515000,
    "percentile75": 1400000,
    "qArr": [
      205000,
      440000,
      740000,
      825000,
      940000,
      1500000,
      2400000
    ],
    "skewness": 1.084399008546262,
    "badValue": 2
  },
  "playerAge": {
    "total": 622,
    "min": 19,
    "max": 38,
    "avg": 25.916666666666668,
    "median": 25,
    "standardDeviation": 5.29871577732651,
    "percentile25": 21,
    "percentile75": 28,
    "qArr": [
      19,
      21,
      24,
      25,
      26,
      31,
      37
    ],
    "skewness": 0.9846741813559213,
    "badValue": 1
  },
  "playerATT": {
    "total": 845,
    "min": 40,
    "max": 69,
    "avg": 52.8125,
    "median": 53.5,
    "standardDeviation": 8.56021867419285,
    "percentile25": 46,
    "percentile75": 58,
    "qArr": [
      40,
      46,
      48,
      52,
      57,
      59,
      69
    ],
    "skewness": 0.1140059147639664,
    "badValue": 0
  },
  "playerTEC": {
    "total": 823,
    "min": 39,
    "max": 57,
    "avg": 51.4375,
    "median": 51.5,
    "standardDeviation": 4.676654119132609,
    "percentile25": 49,
    "percentile75": 55,
    "qArr": [
      39,
      49,
      50,
      51,
      54,
      55,
      57
    ],
    "skewness": -1.1647419299743742,
    "badValue": 0
  },
  "playerTAC": {
    "total": 755,
    "min": 32,
    "max": 64,
    "avg": 47.1875,
    "median": 46,
    "standardDeviation": 8.232699663536865,
    "percentile25": 40,
    "percentile75": 52,
    "qArr": [
      32,
      40,
      43,
      45,
      50,
      54,
      64
    ],
    "skewness": 0.3783506452542753,
    "badValue": 0
  },
  "playerDEF": {
    "total": 767,
    "min": 27,
    "max": 69,
    "avg": 47.9375,
    "median": 50,
    "standardDeviation": 11.11006722526916,
    "percentile25": 38,
    "percentile75": 54,
    "qArr": [
      27,
      38,
      42,
      50,
      54,
      55,
      69
    ],
    "skewness": 0.08852164205089584,
    "badValue": 0
  },
  "playerCRE": {
    "total": 816,
    "min": 41,
    "max": 65,
    "avg": 51,
    "median": 49,
    "standardDeviation": 7.713624310270756,
    "percentile25": 43,
    "percentile75": 53,
    "qArr": [
      41,
      43,
      47,
      48,
      52,
      61,
      65
    ],
    "skewness": 0.7211324786197622,
    "badValue": 0
  },
  "playerTOT": {
    "total": 4006,
    "min": 220,
    "max": 309,
    "avg": 250.375,
    "median": 247.5,
    "standardDeviation": 21.828522052580656,
    "percentile25": 232,
    "percentile75": 261,
    "qArr": [
      220,
      232,
      238,
      246,
      260,
      263,
      309
    ],
    "skewness": 1.2442998369351936,
    "badValue": 0
  },
  "playerRating": {
    "total": 110.1,
    "min": 6.4,
    "max": 7.8,
    "avg": 6.88125,
    "median": 6.75,
    "standardDeviation": 0.39877742852373177,
    "percentile25": 6.6,
    "percentile75": 7.2,
    "qArr": [
      6.4,
      6.6,
      6.6,
      6.7,
      7.1,
      7.2,
      7.8
    ],
    "skewness": 0.8965606759204079,
    "badValue": 0
  },
  "playerNumber": 25,
  "noATTR": 9,
  "noRating": 9
}