{
  "playerValue": {
    "total": 22917000,
    "min": 97000,
    "max": 2600000,
    "avg": 996391.304347826,
    "median": 825000,
    "standardDeviation": 684445.490517399,
    "percentile25": 515000,
    "percentile75": 1400000,
    "skewness": 1.084399008546262,
    "kurtosis": 0.7691633394386725,
    "outliers": [],
    "badValue": 2
  },
  "playerAge": {
    "total": 622,
    "min": 19,
    "max": 38,
    "avg": 25.916666666666668,
    "median": 25,
    "standardDeviation": 5.29871577732651,
    "percentile25": 21,
    "percentile75": 28,
    "skewness": 0.9846741813559213,
    "kurtosis": 0.6123117287111577,
    "outliers": [],
    "badValue": 1
  },
  "playerATT": {
    "total": 845,
    "min": 40,
    "max": 69,
    "avg": 52.8125,
    "median": 53.5,
    "standardDeviation": 8.56021867419285,
    "percentile25": 46,
    "percentile75": 58,
    "skewness": 0.1140059147639664,
    "kurtosis": -0.3379401233537038,
    "outliers": [],
    "badValue": 0
  },
  "playerTEC": {
    "total": 823,
    "min": 39,
    "max": 57,
    "avg": 51.4375,
    "median": 51.5,
    "standardDeviation": 4.676654119132609,
    "percentile25": 49,
    "percentile75": 55,
    "skewness": -1.1647419299743742,
    "kurtosis": 2.2371971221436384,
    "outliers": [
      39
    ],
    "badValue": 0
  },
  "playerTAC": {
    "total": 755,
    "min": 32,
    "max": 64,
    "avg": 47.1875,
    "median": 46,
    "standardDeviation": 8.232699663536865,
    "percentile25": 40,
    "percentile75": 52,
    "skewness": 0.3783506452542753,
    "kurtosis": 0.4000820053218854,
    "outliers": [],
    "badValue": 0
  },
  "playerDEF": {
    "total": 767,
    "min": 27,
    "max": 69,
    "avg": 47.9375,
    "median": 50,
    "standardDeviation": 11.11006722526916,
    "percentile25": 38,
    "percentile75": 54,
    "skewness": 0.08852164205089584,
    "kurtosis": 0.08035414265919938,
    "outliers": [],
    "badValue": 0
  },
  "playerCRE": {
    "total": 816,
    "min": 41,
    "max": 65,
    "avg": 51,
    "median": 49,
    "standardDeviation": 7.713624310270756,
    "percentile25": 43,
    "percentile75": 53,
    "skewness": 0.7211324786197622,
    "kurtosis": -0.414244379070309,
    "outliers": [],
    "badValue": 0
  },
  "playerTOT": {
    "total": 4006,
    "min": 220,
    "max": 309,
    "avg": 250.375,
    "median": 247.5,
    "standardDeviation": 21.828522052580656,
    "percentile25": 232,
    "percentile75": 261,
    "skewness": 1.2442998369351936,
    "kurtosis": 2.5553114423790086,
    "outliers": [
      309
    ],
    "badValue": 0
  },
  "playerRating": {
    "total": 110.1,
    "min": 6.4,
    "max": 7.8,
    "avg": 6.88125,
    "median": 6.75,
    "standardDeviation": 0.39877742852373177,
    "percentile25": 6.6,
    "percentile75": 7.2,
    "skewness": 0.8965606759204079,
    "kurtosis": 0.4158705675038217,
    "outliers": [],
    "badValue": 0
  },
  "playerNumber": 25,
  "noATTR": 9,
  "noRating": 9
}