{
  "playerValue": {
    "total": 4400000,
    "min": 195000,
    "max": 620000,
    "avg": 400000,
    "median": 375000,
    "standardDeviation": 144725.44539732655,
    "percentile25": 290000,
    "percentile75": 550000,
    "qArr": [
      195000,
      290000,
      310000,
      375000,
      530000,
      550000,
      620000
    ],
    "skewness": 0.13145175687848615,
    "badValue": 4
  },
  "playerAge": {
    "total": 315,
    "min": 22,
    "max": 36,
    "avg": 26.25,
    "median": 24,
    "standardDeviation": 4.621056877670591,
    "percentile25": 23,
    "percentile75": 27,
    "qArr": [
      22,
      23,
      24,
      24,
      26,
      27,
      36
    ],
    "skewness": 1.8137354602445557,
    "badValue": 3
  },
  "playerATT": {
    "total": 294,
    "min": 35,
    "max": 50,
    "avg": 42,
    "median": 43,
    "standardDeviation": 5.5549205986353085,
    "percentile25": 36,
    "percentile75": 49,
    "qArr": [
      35,
      36,
      38,
      43,
      43,
      49,
      50
    ],
    "skewness": 0.31853640624118873,
    "badValue": 0
  },
  "playerTEC": {
    "total": 330,
    "min": 41,
    "max": 57,
    "avg": 47.142857142857146,
    "median": 47,
    "standardDeviation": 5.276052946462682,
    "percentile25": 42,
    "percentile75": 52,
    "qArr": [
      41,
      42,
      44,
      47,
      47,
      52,
      57
    ],
    "skewness": 1.0699591811540388,
    "badValue": 0
  },
  "playerTAC": {
    "total": 350,
    "min": 39,
    "max": 58,
    "avg": 50,
    "median": 50,
    "standardDeviation": 5.976143046671968,
    "percentile25": 45,
    "percentile75": 56,
    "qArr": [
      39,
      45,
      50,
      50,
      52,
      56,
      58
    ],
    "skewness": -0.7871297529632584,
    "badValue": 0
  },
  "playerDEF": {
    "total": 426,
    "min": 55,
    "max": 69,
    "avg": 60.857142857142854,
    "median": 60,
    "standardDeviation": 4.189393799604337,
    "percentile25": 58,
    "percentile75": 64,
    "qArr": [
      55,
      58,
      59,
      60,
      61,
      64,
      69
    ],
    "skewness": 1.0779158440333005,
    "badValue": 0
  },
  "playerCRE": {
    "total": 305,
    "min": 36,
    "max": 54,
    "avg": 43.57142857142857,
    "median": 43,
    "standardDeviation": 5.627918743883488,
    "percentile25": 39,
    "percentile75": 48,
    "qArr": [
      36,
      39,
      40,
      43,
      45,
      48,
      54
    ],
    "skewness": 0.8490210798934492,
    "badValue": 0
  },
  "playerTOT": {
    "total": 1705,
    "min": 223,
    "max": 274,
    "avg": 243.57142857142858,
    "median": 243,
    "standardDeviation": 15.655735077482838,
    "percentile25": 227,
    "percentile75": 250,
    "qArr": [
      223,
      227,
      239,
      243,
      249,
      250,
      274
    ],
    "skewness": 0.9271588845834806,
    "badValue": 0
  },
  "playerRating": {
    "total": 47.699999999999996,
    "min": 6.6,
    "max": 7.3,
    "avg": 6.814285714285714,
    "median": 6.7,
    "standardDeviation": 0.21665358411575858,
    "percentile25": 6.7,
    "percentile75": 6.9,
    "qArr": [
      6.6,
      6.7,
      6.7,
      6.7,
      6.8,
      6.9,
      7.3
    ],
    "skewness": 2.3150561733763766,
    "badValue": 0
  },
  "playerNumber": 15,
  "noATTR": 8,
  "noRating": 8
}