{
  "playerValue": {
    "total": 28541999,
    "min": 97000,
    "max": 4099999,
    "avg": 1019357.1071428572,
    "median": 890000,
    "standardDeviation": 816865.4432665735,
    "percentile25": 410000,
    "percentile75": 1400000,
    "qArr": [
      145000,
      290000,
      560000,
      870000,
      1100000,
      1600000,
      2100000
    ],
    "skewness": 2.0792983672113157,
    "badValue": 3
  },
  "playerAge": {
    "total": 775,
    "min": 18,
    "max": 40,
    "avg": 25.833333333333332,
    "median": 26.5,
    "standardDeviation": 4.397600355749586,
    "percentile25": 22,
    "percentile75": 28,
    "qArr": [
      18,
      22,
      24,
      26,
      27,
      29,
      32
    ],
    "skewness": 0.8250755762550336,
    "badValue": 1
  },
  "playerATT": {
    "total": 789,
    "min": 36,
    "max": 62,
    "avg": 49.3125,
    "median": 51,
    "standardDeviation": 8.722949257561917,
    "percentile25": 39,
    "percentile75": 57,
    "qArr": [
      36,
      39,
      46,
      51,
      55,
      57,
      62
    ],
    "skewness": -0.3529657760797068,
    "badValue": 0
  },
  "playerTEC": {
    "total": 779,
    "min": 38,
    "max": 60,
    "avg": 48.6875,
    "median": 48.5,
    "standardDeviation": 5.168640416008837,
    "percentile25": 46,
    "percentile75": 51,
    "qArr": [
      38,
      46,
      47,
      48,
      50,
      52,
      60
    ],
    "skewness": 0.10937028553921907,
    "badValue": 0
  },
  "playerTAC": {
    "total": 747,
    "min": 35,
    "max": 63,
    "avg": 46.6875,
    "median": 46.5,
    "standardDeviation": 7.243261955086258,
    "percentile25": 40,
    "percentile75": 50,
    "qArr": [
      35,
      40,
      44,
      46,
      50,
      51,
      63
    ],
    "skewness": 0.4888931081368837,
    "badValue": 0
  },
  "playerDEF": {
    "total": 780,
    "min": 30,
    "max": 78,
    "avg": 48.75,
    "median": 44,
    "standardDeviation": 15.327671055969331,
    "percentile25": 34,
    "percentile75": 53,
    "qArr": [
      30,
      34,
      37,
      43,
      53,
      67,
      78
    ],
    "skewness": 0.7598112490791503,
    "badValue": 0
  },
  "playerCRE": {
    "total": 751,
    "min": 36,
    "max": 66,
    "avg": 46.9375,
    "median": 46.5,
    "standardDeviation": 7.50390523327687,
    "percentile25": 41,
    "percentile75": 51,
    "qArr": [
      36,
      41,
      44,
      46,
      48,
      53,
      66
    ],
    "skewness": 0.8601033576350977,
    "badValue": 0
  },
  "playerTOT": {
    "total": 3846,
    "min": 203,
    "max": 290,
    "avg": 240.375,
    "median": 237.5,
    "standardDeviation": 19.71317769919401,
    "percentile25": 230,
    "percentile75": 250,
    "qArr": [
      203,
      230,
      234,
      236,
      244,
      252,
      290
    ],
    "skewness": 0.6286629356472526,
    "badValue": 0
  },
  "playerRating": {
    "total": 110.60000000000001,
    "min": 6.2,
    "max": 8.2,
    "avg": 6.9125000000000005,
    "median": 6.8,
    "standardDeviation": 0.5406882188470541,
    "percentile25": 6.5,
    "percentile75": 7.2,
    "qArr": [
      6.2,
      6.5,
      6.5,
      6.8,
      7.1,
      7.3,
      8.2
    ],
    "skewness": 1.0067170955933098,
    "badValue": 0
  },
  "playerNumber": 31,
  "noATTR": 15,
  "noRating": 15
}