{
  "playerValue": {
    "total": 23475000,
    "min": 110000,
    "max": 2600000,
    "avg": 978125,
    "median": 770000,
    "standardDeviation": 725720.6368213139,
    "percentile25": 460000,
    "percentile75": 1400000,
    "qArr": [
      165000,
      280000,
      470000,
      765000,
      1100000,
      1700000,
      2300000
    ],
    "skewness": 0.8395996845329741,
    "badValue": 5
  },
  "playerAge": {
    "total": 677,
    "min": 17,
    "max": 34,
    "avg": 24.178571428571427,
    "median": 24,
    "standardDeviation": 3.991540800140176,
    "percentile25": 21,
    "percentile75": 26,
    "qArr": [
      19,
      21,
      22,
      24,
      26,
      28,
      30
    ],
    "skewness": 0.413854273323544,
    "badValue": 1
  },
  "playerATT": {
    "total": 794,
    "min": 33,
    "max": 66,
    "avg": 49.625,
    "median": 49,
    "standardDeviation": 11.826215582340785,
    "percentile25": 35,
    "percentile75": 60,
    "qArr": [
      33,
      35,
      42,
      46,
      59,
      62,
      66
    ],
    "skewness": -0.0799530156472002,
    "badValue": 0
  },
  "playerTEC": {
    "total": 754,
    "min": 40,
    "max": 64,
    "avg": 47.125,
    "median": 46,
    "standardDeviation": 5.301827515112124,
    "percentile25": 44,
    "percentile75": 48,
    "qArr": [
      40,
      44,
      45,
      46,
      48,
      49,
      64
    ],
    "skewness": 2.22762771176394,
    "badValue": 0
  },
  "playerTAC": {
    "total": 708,
    "min": 31,
    "max": 60,
    "avg": 44.25,
    "median": 44.5,
    "standardDeviation": 8.370334521391603,
    "percentile25": 37,
    "percentile75": 49,
    "qArr": [
      31,
      37,
      42,
      44,
      48,
      50,
      60
    ],
    "skewness": 0.04014493161373248,
    "badValue": 0
  },
  "playerDEF": {
    "total": 797,
    "min": 27,
    "max": 75,
    "avg": 49.8125,
    "median": 52.5,
    "standardDeviation": 16.48187925419914,
    "percentile25": 32,
    "percentile75": 64,
    "qArr": [
      27,
      32,
      35,
      51,
      59,
      68,
      75
    ],
    "skewness": 0.08311015160443952,
    "badValue": 0
  },
  "playerCRE": {
    "total": 733,
    "min": 32,
    "max": 72,
    "avg": 45.8125,
    "median": 44,
    "standardDeviation": 9.976339195817271,
    "percentile25": 37,
    "percentile75": 49,
    "qArr": [
      32,
      37,
      42,
      43,
      48,
      51,
      72
    ],
    "skewness": 1.1523010445976674,
    "badValue": 0
  },
  "playerTOT": {
    "total": 3786,
    "min": 213,
    "max": 275,
    "avg": 236.625,
    "median": 230.5,
    "standardDeviation": 17.087550292537546,
    "percentile25": 225,
    "percentile75": 242,
    "qArr": [
      213,
      225,
      226,
      229,
      240,
      248,
      275
    ],
    "skewness": 1.1816922238652645,
    "badValue": 0
  },
  "playerRating": {
    "total": 113.39999999999998,
    "min": 6.5,
    "max": 8.2,
    "avg": 7.087499999999999,
    "median": 7.1,
    "standardDeviation": 0.4702060718451007,
    "percentile25": 6.6,
    "percentile75": 7.4,
    "qArr": [
      6.5,
      6.6,
      6.7,
      7.1,
      7.4,
      7.4,
      8.2
    ],
    "skewness": 0.6850186945832485,
    "badValue": 0
  },
  "playerNumber": 29,
  "noATTR": 13,
  "noRating": 13
}