{
  "playerValue": {
    "total": 19584206965,
    "min": 23000,
    "max": 196000000,
    "avg": 6594009.079124579,
    "median": 1400000,
    "standardDeviation": 15140096.058601545,
    "percentile25": 420000,
    "percentile75": 4600000,
    "qArr": [
      120000,
      325000,
      725000,
      1400000,
      2600000,
      7400000,
      32000000
    ],
    "skewness": 5.348978732592915,
    "badValue": 302
  },
  "playerAge": {
    "total": 82647,
    "min": 16,
    "max": 43,
    "avg": 25.89191729323308,
    "median": 25,
    "standardDeviation": 4.652515403750102,
    "percentile25": 22,
    "percentile75": 29,
    "qArr": [
      19,
      22,
      24,
      25,
      27,
      30,
      34
    ],
    "skewness": 0.4589914231682825,
    "badValue": 80
  },
  "playerATT": {
    "total": 111026,
    "min": 31,
    "max": 92,
    "avg": 52.42020774315392,
    "median": 52,
    "standardDeviation": 12.108574270854538,
    "percentile25": 42,
    "percentile75": 61,
    "qArr": [
      35,
      40,
      46,
      52,
      58,
      63,
      73
    ],
    "skewness": 0.31239224697043955,
    "badValue": 0
  },
  "playerTEC": {
    "total": 107675,
    "min": 18,
    "max": 93,
    "avg": 50.83805476864967,
    "median": 50,
    "standardDeviation": 7.9095289462687655,
    "percentile25": 45,
    "percentile75": 55,
    "qArr": [
      41,
      44,
      47,
      50,
      53,
      57,
      66
    ],
    "skewness": 0.8743736613780239,
    "badValue": 0
  },
  "playerTAC": {
    "total": 101706,
    "min": 11,
    "max": 91,
    "avg": 48.01983002832861,
    "median": 47,
    "standardDeviation": 10.410125435643895,
    "percentile25": 41,
    "percentile75": 55,
    "qArr": [
      32,
      39,
      44,
      47,
      51,
      57,
      67
    ],
    "skewness": 0.31497460437711877,
    "badValue": 0
  },
  "playerDEF": {
    "total": 107007,
    "min": 11,
    "max": 92,
    "avg": 50.522662889518415,
    "median": 51,
    "standardDeviation": 16.611036699068485,
    "percentile25": 36,
    "percentile75": 64,
    "qArr": [
      25,
      34,
      41,
      51,
      59,
      67,
      76
    ],
    "skewness": 0.039906183805444397,
    "badValue": 0
  },
  "playerCRE": {
    "total": 108778,
    "min": 30,
    "max": 99,
    "avg": 51.358829084041545,
    "median": 50,
    "standardDeviation": 10.36080199990655,
    "percentile25": 43,
    "percentile75": 58,
    "qArr": [
      37,
      42,
      46,
      50,
      55,
      60,
      70
    ],
    "skewness": 0.6407855199618337,
    "badValue": 0
  },
  "playerTOT": {
    "total": 536192,
    "min": 156,
    "max": 400,
    "avg": 253.15958451369215,
    "median": 248,
    "standardDeviation": 28.997118645194753,
    "percentile25": 234,
    "percentile75": 266,
    "qArr": [
      216,
      231,
      239,
      248,
      258,
      273,
      305
    ],
    "skewness": 1.253524331605055,
    "badValue": 0
  },
  "playerRating": {
    "total": 14551.810000000023,
    "min": 3.6,
    "max": 9.9,
    "avg": 6.909691358024702,
    "median": 6.8,
    "standardDeviation": 0.5195516820530719,
    "percentile25": 6.6,
    "percentile75": 7.2,
    "qArr": [
      6.2,
      6.5,
      6.7,
      6.8,
      7,
      7.3,
      7.9
    ],
    "skewness": 0.9124208760039144,
    "badValue": 0
  },
  "playerNumber": 3272,
  "noATTR": 1154,
  "noRating": 1166
}