{
  "playerValue": {
    "total": 18857359969,
    "min": 46000,
    "max": 196000000,
    "avg": 8249063.853455818,
    "median": 1900000,
    "standardDeviation": 16891205.26885801,
    "percentile25": 580000,
    "percentile75": 8100000,
    "skewness": 4.722685953809362,
    "kurtosis": 32.87179148585488,
    "outliers": [
      19400000,
      19400000,
      19400000,
      19400000,
      19400000,
      19500000,
      19500000,
      19600000,
      19700000,
      19900000,
      20000000,
      20000000,
      20000000,
      20000000,
      20000000,
      21000000,
      21000000,
      21000000,
      21000000,
      21000000,
      21000000,
      21000000,
      21000000,
      21000000,
      21000000,
      21000000,
      21000000,
      21000000,
      21000000,
      21000000,
      21000000,
      21000000,
      21000000,
      21000000,
      21000000,
      21000000,
      22000000,
      22000000,
      22000000,
      22000000,
      23000000,
      23000000,
      23000000,
      23000000,
      23000000,
      23000000,
      23000000,
      23000000,
      23000000,
      23000000,
      23000000,
      23000000,
      23000000,
      23000000,
      23000000,
      23000000,
      23000000,
      23000000,
      23000000,
      24000000,
      24000000,
      24000000,
      24000000,
      24000000,
      24000000,
      24000000,
      24000000,
      24000000,
      24000000,
      24000000,
      24000000,
      24000000,
      25000000,
      25000000,
      26000000,
      26000000,
      26000000,
      26000000,
      26000000,
      26000000,
      26000000,
      26000000,
      26000000,
      26000000,
      27000000,
      27000000,
      27000000,
      27000000,
      27000000,
      27000000,
      27000000,
      27000000,
      27000000,
      27000000,
      27000000,
      27000000,
      27000000,
      27000000,
      27000000,
      27000000,
      28000000,
      28000000,
      29000000,
      29000000,
      29000000,
      29000000,
      29000000,
      29000000,
      29000000,
      29000000,
      29000000,
      29000000,
      29000000,
      29000000,
      29000000,
      29000000,
      29000000,
      30000000,
      30000000,
      30000000,
      30000000,
      30000000,
      31000000,
      31000000,
      31000000,
      31000000,
      31000000,
      31000000,
      31000000,
      31000000,
      31000000,
      31000000,
      31000000,
      31000000,
      31000000,
      31000000,
      31000000,
      32000000,
      32000000,
      32000000,
      32000000,
      32000000,
      32000000,
      32000000,
      32000000,
      33000000,
      33000000,
      33000000,
      33000000,
      34000000,
      34000000,
      34000000,
      34000000,
      34000000,
      34000000,
      34000000,
      34000000,
      34000000,
      34000000,
      35000000,
      35000000,
      36000000,
      36000000,
      36000000,
      36000000,
      36000000,
      36000000,
      36000000,
      36000000,
      37000000,
      37000000,
      37000000,
      37000000,
      37000000,
      37000000,
      37000000,
      38000000,
      38000000,
      38000000,
      38000000,
      38000000,
      38000000,
      39000000,
      39000000,
      39000000,
      39000000,
      39000000,
      40000000,
      41000000,
      41000000,
      42000000,
      42000000,
      42000000,
      42000000,
      42000000,
      42000000,
      42000000,
      42000000,
      42000000,
      43000000,
      43000000,
      43000000,
      43000000,
      44000000,
      44000000,
      44000000,
      45000000,
      46000000,
      46000000,
      46000000,
      47000000,
      47000000,
      47000000,
      48000000,
      48000000,
      48000000,
      49000000,
      49000000,
      49000000,
      49000000,
      50000000,
      52000000,
      52000000,
      52000000,
      52000000,
      52000000,
      52000000,
      52000000,
      53000000,
      53000000,
      53000000,
      53000000,
      53000000,
      53000000,
      54000000,
      54000000,
      54000000,
      55000000,
      57000000,
      57000000,
      58000000,
      60000000,
      60000000,
      62000000,
      62000000,
      63000000,
      63000000,
      64000000,
      64000000,
      65000000,
      65000000,
      65000000,
      67000000,
      67000000,
      67000000,
      67000000,
      67000000,
      68000000,
      68000000,
      68000000,
      69000000,
      71000000,
      72000000,
      73000000,
      73000000,
      75000000,
      76000000,
      76000000,
      77000000,
      78000000,
      81000000,
      82000000,
      87000000,
      87000000,
      88000000,
      88000000,
      93000000,
      95000000,
      104000000,
      114000000,
      116000000,
      117000000,
      117000000,
      121000000,
      129000000,
      142000000,
      147000000,
      170000000,
      187000000,
      191000000,
      196000000
    ],
    "badValue": 252
  },
  "playerAge": {
    "total": 63429,
    "min": 16,
    "max": 43,
    "avg": 25.658980582524272,
    "median": 25,
    "standardDeviation": 4.573895282430511,
    "percentile25": 22,
    "percentile75": 29,
    "skewness": 0.41796906648263393,
    "kurtosis": -0.29470065376243504,
    "outliers": [
      40,
      40,
      40,
      40,
      40,
      43
    ],
    "badValue": 66
  },
  "playerATT": {
    "total": 88702,
    "min": 31,
    "max": 92,
    "avg": 53.17865707434053,
    "median": 53,
    "standardDeviation": 12.407904385596883,
    "percentile25": 42,
    "percentile75": 62,
    "skewness": 0.31296418444073054,
    "kurtosis": -0.5521499243960171,
    "outliers": [],
    "badValue": 0
  },
  "playerTEC": {
    "total": 85458,
    "min": 22,
    "max": 93,
    "avg": 51.23381294964029,
    "median": 50,
    "standardDeviation": 8.152797880431006,
    "percentile25": 46,
    "percentile75": 55,
    "skewness": 0.9104355193841683,
    "kurtosis": 1.6515907798500478,
    "outliers": [
      22,
      26,
      28,
      31,
      32,
      69,
      69,
      69,
      69,
      69,
      69,
      70,
      70,
      70,
      70,
      70,
      70,
      70,
      70,
      70,
      71,
      71,
      71,
      71,
      71,
      72,
      72,
      72,
      72,
      72,
      72,
      72,
      72,
      72,
      72,
      73,
      73,
      73,
      74,
      74,
      74,
      74,
      75,
      75,
      75,
      76,
      76,
      76,
      77,
      77,
      77,
      77,
      77,
      77,
      78,
      79,
      80,
      80,
      80,
      81,
      82,
      83,
      84,
      86,
      86,
      93
    ],
    "badValue": 0
  },
  "playerTAC": {
    "total": 81000,
    "min": 11,
    "max": 91,
    "avg": 48.56115107913669,
    "median": 48,
    "standardDeviation": 10.84711618865903,
    "percentile25": 41,
    "percentile75": 55,
    "skewness": 0.31167081362563115,
    "kurtosis": 0.05820430893137507,
    "outliers": [
      11,
      13,
      16,
      77,
      77,
      77,
      77,
      77,
      77,
      78,
      78,
      78,
      79,
      79,
      80,
      82,
      91
    ],
    "badValue": 0
  },
  "playerDEF": {
    "total": 84331,
    "min": 11,
    "max": 92,
    "avg": 50.55815347721823,
    "median": 51,
    "standardDeviation": 17.1501578166825,
    "percentile25": 35,
    "percentile75": 65,
    "skewness": 0.03274261080248405,
    "kurtosis": -1.0235059621484566,
    "outliers": [],
    "badValue": 0
  },
  "playerCRE": {
    "total": 87427,
    "min": 30,
    "max": 99,
    "avg": 52.41426858513189,
    "median": 52,
    "standardDeviation": 10.650732076697306,
    "percentile25": 44,
    "percentile75": 59,
    "skewness": 0.5817204145146827,
    "kurtosis": 0.20083208152944243,
    "outliers": [
      83,
      83,
      83,
      84,
      84,
      84,
      84,
      85,
      86,
      87,
      87,
      87,
      96,
      99
    ],