{
  "playerValue": {
    "total": 20031000,
    "min": 96000,
    "max": 2300000,
    "avg": 572314.2857142857,
    "median": 390000,
    "standardDeviation": 458700.4482497153,
    "percentile25": 210000,
    "percentile75": 840000,
    "qArr": [
      105000,
      155000,
      310000,
      390000,
      720000,
      840000,
      1500000
    ],
    "skewness": 1.822485858156519,
    "badValue": 3
  },
  "playerAge": {
    "total": 982,
    "min": 19,
    "max": 40,
    "avg": 26.54054054054054,
    "median": 26,
    "standardDeviation": 4.946167473993263,
    "percentile25": 23,
    "percentile75": 29,
    "qArr": [
      20,
      23,
      24,
      26,
      28,
      29,
      38
    ],
    "skewness": 1.0756032539481541,
    "badValue": 1
  },
  "playerATT": {
    "total": 1047,
    "min": 33,
    "max": 65,
    "avg": 47.59090909090909,
    "median": 49,
    "standardDeviation": 9.684378662704418,
    "percentile25": 39,
    "percentile75": 55,
    "qArr": [
      34,
      36,
      40,
      49,
      53,
      56,
      63
    ],
    "skewness": -0.010452287942094345,
    "badValue": 0
  },
  "playerTEC": {
    "total": 1060,
    "min": 41,
    "max": 59,
    "avg": 48.18181818181818,
    "median": 48,
    "standardDeviation": 5.314100998427448,
    "percentile25": 44,
    "percentile75": 53,
    "qArr": [
      41,
      42,
      44,
      47,
      52,
      54,
      55
    ],
    "skewness": 0.24118863009505845,
    "badValue": 0
  },
  "playerTAC": {
    "total": 1027,
    "min": 30,
    "max": 58,
    "avg": 46.68181818181818,
    "median": 47.5,
    "standardDeviation": 8.614925545166384,
    "percentile25": 40,
    "percentile75": 54,
    "qArr": [
      31,
      38,
      43,
      45,
      52,
      54,
      58
    ],
    "skewness": -0.4071477918517113,
    "badValue": 0
  },
  "playerDEF": {
    "total": 1136,
    "min": 31,
    "max": 74,
    "avg": 51.63636363636363,
    "median": 50.5,
    "standardDeviation": 14.901328356118439,
    "percentile25": 36,
    "percentile75": 67,
    "qArr": [
      34,
      36,
      38,
      50,
      63,
      68,
      73
    ],
    "skewness": 0.09384795100951973,
    "badValue": 0
  },
  "playerCRE": {
    "total": 1003,
    "min": 33,
    "max": 61,
    "avg": 45.59090909090909,
    "median": 46,
    "standardDeviation": 8.456622423279718,
    "percentile25": 40,
    "percentile75": 48,
    "qArr": [
      34,
      36,
      42,
      46,
      48,
      53,
      61
    ],
    "skewness": 0.37861933541155934,
    "badValue": 0
  },
  "playerTOT": {
    "total": 5273,
    "min": 208,
    "max": 265,
    "avg": 239.6818181818182,
    "median": 236,
    "standardDeviation": 16.071958537765997,
    "percentile25": 232,
    "percentile75": 249,
    "qArr": [
      211,
      230,
      232,
      236,
      242,
      260,
      265
    ],
    "skewness": 0.09629754555706357,
    "badValue": 0
  },
  "playerRating": {
    "total": 141.5,
    "min": 6,
    "max": 7.8,
    "avg": 6.738095238095238,
    "median": 6.6,
    "standardDeviation": 0.41573364925175516,
    "percentile25": 6.5,
    "percentile75": 6.9,
    "qArr": [
      6.1,
      6.5,
      6.5,
      6.6,
      6.9,
      7.1,
      7.3
    ],
    "skewness": 0.7106883384951598,
    "badValue": 0
  },
  "playerNumber": 38,
  "noATTR": 16,
  "noRating": 17
}