{
  "playerValue": {
    "total": 27768000,
    "min": 48000,
    "max": 4200000,
    "avg": 925600,
    "median": 542500,
    "standardDeviation": 1059421.6220812814,
    "percentile25": 205000,
    "percentile75": 970000,
    "qArr": [
      49000,
      195000,
      415000,
      535000,
      680000,
      1300000,
      3300000
    ],
    "skewness": 2.0025253434301424,
    "badValue": 1
  },
  "playerAge": {
    "total": 773,
    "min": 18,
    "max": 39,
    "avg": 25.766666666666666,
    "median": 25.5,
    "standardDeviation": 4.957710044858301,
    "percentile25": 22,
    "percentile75": 28,
    "qArr": [
      19,
      21,
      23,
      25,
      27,
      29,
      35
    ],
    "skewness": 0.7056975255936704,
    "badValue": 1
  },
  "playerATT": {
    "total": 805,
    "min": 34,
    "max": 66,
    "avg": 50.3125,
    "median": 51,
    "standardDeviation": 9.210854669898989,
    "percentile25": 44,
    "percentile75": 58,
    "qArr": [
      34,
      44,
      46,
      50,
      56,
      58,
      66
    ],
    "skewness": -0.12539230548002805,
    "badValue": 0
  },
  "playerTEC": {
    "total": 791,
    "min": 40,
    "max": 59,
    "avg": 49.4375,
    "median": 49.5,
    "standardDeviation": 4.769286503241339,
    "percentile25": 46,
    "percentile75": 51,
    "qArr": [
      40,
      46,
      48,
      49,
      51,
      51,
      59
    ],
    "skewness": 0.2500235503572637,
    "badValue": 0
  },
  "playerTAC": {
    "total": 760,
    "min": 35,
    "max": 59,
    "avg": 47.5,
    "median": 48,
    "standardDeviation": 5.809475019311125,
    "percentile25": 42,
    "percentile75": 51,
    "qArr": [
      35,
      42,
      44,
      47,
      51,
      52,
      59
    ],
    "skewness": -0.1678702622864083,
    "badValue": 0
  },
  "playerDEF": {
    "total": 805,
    "min": 26,
    "max": 71,
    "avg": 50.3125,
    "median": 54.5,
    "standardDeviation": 14.69574236811465,
    "percentile25": 34,
    "percentile75": 60,
    "qArr": [
      26,
      34,
      38,
      52,
      59,
      64,
      71
    ],
    "skewness": -0.26202835147952996,
    "badValue": 0
  },
  "playerCRE": {
    "total": 744,
    "min": 36,
    "max": 59,
    "avg": 46.5,
    "median": 46,
    "standardDeviation": 6.96419413859206,
    "percentile25": 39,
    "percentile75": 52,
    "qArr": [
      36,
      39,
      45,
      46,
      51,
      52,
      59
    ],
    "skewness": -0.018948174083107006,
    "badValue": 0
  },
  "playerTOT": {
    "total": 3905,
    "min": 206,
    "max": 269,
    "avg": 244.0625,
    "median": 242.5,
    "standardDeviation": 18.763224503000544,
    "percentile25": 235,
    "percentile75": 261,
    "qArr": [
      206,
      235,
      235,
      240,
      258,
      261,
      269
    ],
    "skewness": -0.5004719258818849,
    "badValue": 0
  },
  "playerRating": {
    "total": 111.59999999999998,
    "min": 6.4,
    "max": 8,
    "avg": 6.974999999999999,
    "median": 6.85,
    "standardDeviation": 0.44370598373247117,
    "percentile25": 6.6,
    "percentile75": 7.1,
    "qArr": [
      6.4,
      6.6,
      6.7,
      6.7,
      7.1,
      7.4,
      8
    ],
    "skewness": 0.8987995107338798,
    "badValue": 0
  },
  "playerNumber": 31,
  "noATTR": 15,
  "noRating": 15
}