{
  "playerValue": {
    "total": 43902000,
    "min": 97000,
    "max": 4600000,
    "avg": 1756080,
    "median": 1700000,
    "standardDeviation": 1110476.6515330253,
    "percentile25": 910000,
    "percentile75": 2600000,
    "qArr": [
      160000,
      755000,
      1100000,
      1700000,
      2300000,
      2600000,
      3900000
    ],
    "skewness": 0.7240704653048627,
    "badValue": 2
  },
  "playerAge": {
    "total": 670,
    "min": 18,
    "max": 34,
    "avg": 24.814814814814813,
    "median": 24,
    "standardDeviation": 3.600792474884928,
    "percentile25": 22,
    "percentile75": 27,
    "qArr": [
      20,
      22,
      23,
      24,
      26,
      28,
      32
    ],
    "skewness": 0.6171645102465624,
    "badValue": 0
  },
  "playerATT": {
    "total": 1064,
    "min": 34,
    "max": 65,
    "avg": 50.666666666666664,
    "median": 52,
    "standardDeviation": 9.014978717104178,
    "percentile25": 42,
    "percentile75": 58,
    "qArr": [
      37,
      42,
      51,
      52,
      54,
      58,
      63
    ],
    "skewness": -0.3360806001115066,
    "badValue": 0
  },
  "playerTEC": {
    "total": 1051,
    "min": 40,
    "max": 66,
    "avg": 50.04761904761905,
    "median": 48,
    "standardDeviation": 6.615106740500006,
    "percentile25": 45,
    "percentile75": 53,
    "qArr": [
      41,
      45,
      47,
      48,
      51,
      57,
      61
    ],
    "skewness": 0.7964163329129893,
    "badValue": 0
  },
  "playerTAC": {
    "total": 930,
    "min": 25,
    "max": 60,
    "avg": 44.285714285714285,
    "median": 48,
    "standardDeviation": 9.871280406854437,
    "percentile25": 35,
    "percentile75": 51,
    "qArr": [
      28,
      35,
      42,
      48,
      50,
      52,
      56
    ],
    "skewness": -0.5051555032422563,
    "badValue": 0
  },
  "playerDEF": {
    "total": 1024,
    "min": 25,
    "max": 75,
    "avg": 48.76190476190476,
    "median": 52,
    "standardDeviation": 15.09621447946396,
    "percentile25": 34,
    "percentile75": 58,
    "qArr": [
      26,
      32,
      44,
      52,
      53,
      65,
      70
    ],
    "skewness": 0.0007665160085650114,
    "badValue": 0
  },
  "playerCRE": {
    "total": 1015,
    "min": 36,
    "max": 63,
    "avg": 48.333333333333336,
    "median": 48,
    "standardDeviation": 7.851801936548937,
    "percentile25": 42,
    "percentile75": 53,
    "qArr": [
      37,
      41,
      45,
      48,
      51,
      56,
      63
    ],
    "skewness": 0.3686977185155715,
    "badValue": 0
  },
  "playerTOT": {
    "total": 5084,
    "min": 210,
    "max": 301,
    "avg": 242.0952380952381,
    "median": 239,
    "standardDeviation": 24.626553152672543,
    "percentile25": 215,
    "percentile75": 256,
    "qArr": [
      212,
      215,
      234,
      239,
      249,
      261,
      281
    ],
    "skewness": 0.657329499958699,
    "badValue": 0
  },
  "playerRating": {
    "total": 146.50000000000003,
    "min": 6.1,
    "max": 8.5,
    "avg": 6.976190476190477,
    "median": 6.8,
    "standardDeviation": 0.5689629345235752,
    "percentile25": 6.5,
    "percentile75": 7.4,
    "qArr": [
      6.4,
      6.5,
      6.6,
      6.8,
      7.2,
      7.4,
      7.8
    ],
    "skewness": 1.0102039164012873,
    "badValue": 0
  },
  "playerNumber": 27,
  "noATTR": 6,
  "noRating": 6
}