{
  "playerValue": {
    "total": 43902000,
    "min": 97000,
    "max": 4600000,
    "avg": 1756080,
    "median": 1700000,
    "standardDeviation": 1110476.6515330253,
    "percentile25": 910000,
    "percentile75": 2600000,
    "skewness": 0.7240704653048627,
    "kurtosis": 0.5880062564553139,
    "outliers": [],
    "badValue": 2
  },
  "playerAge": {
    "total": 670,
    "min": 18,
    "max": 34,
    "avg": 24.814814814814813,
    "median": 24,
    "standardDeviation": 3.600792474884928,
    "percentile25": 22,
    "percentile75": 27,
    "skewness": 0.6171645102465624,
    "kurtosis": 0.6260676470360975,
    "outliers": [],
    "badValue": 0
  },
  "playerATT": {
    "total": 1064,
    "min": 34,
    "max": 65,
    "avg": 50.666666666666664,
    "median": 52,
    "standardDeviation": 9.014978717104178,
    "percentile25": 42,
    "percentile75": 58,
    "skewness": -0.3360806001115066,
    "kurtosis": -0.7755328254030474,
    "outliers": [],
    "badValue": 0
  },
  "playerTEC": {
    "total": 1051,
    "min": 40,
    "max": 66,
    "avg": 50.04761904761905,
    "median": 48,
    "standardDeviation": 6.615106740500006,
    "percentile25": 45,
    "percentile75": 53,
    "skewness": 0.7964163329129893,
    "kurtosis": 0.4057859180929255,
    "outliers": [
      66
    ],
    "badValue": 0
  },
  "playerTAC": {
    "total": 930,
    "min": 25,
    "max": 60,
    "avg": 44.285714285714285,
    "median": 48,
    "standardDeviation": 9.871280406854437,
    "percentile25": 35,
    "percentile75": 51,
    "skewness": -0.5051555032422563,
    "kurtosis": -0.6041436461807606,
    "outliers": [],
    "badValue": 0
  },
  "playerDEF": {
    "total": 1024,
    "min": 25,
    "max": 75,
    "avg": 48.76190476190476,
    "median": 52,
    "standardDeviation": 15.09621447946396,
    "percentile25": 34,
    "percentile75": 58,
    "skewness": 0.0007665160085650114,
    "kurtosis": -0.8917500487149046,
    "outliers": [],
    "badValue": 0
  },
  "playerCRE": {
    "total": 1015,
    "min": 36,
    "max": 63,
    "avg": 48.333333333333336,
    "median": 48,
    "standardDeviation": 7.851801936548937,
    "percentile25": 42,
    "percentile75": 53,
    "skewness": 0.3686977185155715,
    "kurtosis": -0.4460070507879159,
    "outliers": [],
    "badValue": 0
  },
  "playerTOT": {
    "total": 5084,
    "min": 210,
    "max": 301,
    "avg": 242.0952380952381,
    "median": 239,
    "standardDeviation": 24.626553152672543,
    "percentile25": 215,
    "percentile75": 256,
    "skewness": 0.657329499958699,
    "kurtosis": 0.24238930649304846,
    "outliers": [],
    "badValue": 0
  },
  "playerRating": {
    "total": 146.50000000000003,
    "min": 6.1,
    "max": 8.5,
    "avg": 6.976190476190477,
    "median": 6.8,
    "standardDeviation": 0.5689629345235752,
    "percentile25": 6.5,
    "percentile75": 7.4,
    "skewness": 1.0102039164012873,
    "kurtosis": 1.1564251092245823,
    "outliers": [],
    "badValue": 0
  },
  "playerNumber": 27,
  "noATTR": 6,
  "noRating": 6
}