{
  "playerValue": {
    "total": 249619998,
    "min": 305000,
    "max": 21000000,
    "avg": 6746486.432432433,
    "median": 5400000,
    "standardDeviation": 5527171.46719875,
    "percentile25": 2100000,
    "percentile75": 10300000,
    "skewness": 0.9085072047219453,
    "kurtosis": 0.1789853326125339,
    "outliers": [],
    "badValue": 0
  },
  "playerAge": {
    "total": 932,
    "min": 19,
    "max": 35,
    "avg": 25.18918918918919,
    "median": 24,
    "standardDeviation": 3.9307370730157496,
    "percentile25": 22,
    "percentile75": 27,
    "skewness": 0.9836055385039455,
    "kurtosis": 0.6777269124185574,
    "outliers": [
      35
    ],
    "badValue": 0
  },
  "playerATT": {
    "total": 1539,
    "min": 36,
    "max": 69,
    "avg": 53.06896551724138,
    "median": 58,
    "standardDeviation": 11.3560891595131,
    "percentile25": 41,
    "percentile75": 63,
    "skewness": -0.27795712881156937,
    "kurtosis": -1.3075406850175049,
    "outliers": [],
    "badValue": 0
  },
  "playerTEC": {
    "total": 1475,
    "min": 38,
    "max": 67,
    "avg": 50.86206896551724,
    "median": 51,
    "standardDeviation": 7.094068128791363,
    "percentile25": 46,
    "percentile75": 57,
    "skewness": 0.2817218044840534,
    "kurtosis": -0.32693487978303404,
    "outliers": [],
    "badValue": 0
  },
  "playerTAC": {
    "total": 1349,
    "min": 27,
    "max": 69,
    "avg": 46.51724137931034,
    "median": 48,
    "standardDeviation": 11.475973971602953,
    "percentile25": 37,
    "percentile75": 55,
    "skewness": 0.017527509217875117,
    "kurtosis": -0.8952690258425324,
    "outliers": [],
    "badValue": 0
  },
  "playerDEF": {
    "total": 1353,
    "min": 16,
    "max": 76,
    "avg": 46.6551724137931,
    "median": 44,
    "standardDeviation": 17.937200531334536,
    "percentile25": 33,
    "percentile75": 64,
    "skewness": 0.1926738312624319,
    "kurtosis": -0.9573468117645336,
    "outliers": [],
    "badValue": 0
  },
  "playerCRE": {
    "total": 1520,
    "min": 35,
    "max": 80,
    "avg": 52.41379310344828,
    "median": 51,
    "standardDeviation": 10.413907284142251,
    "percentile25": 44,
    "percentile75": 59,
    "skewness": 0.4913336113769203,
    "kurtosis": 0.17247199492038545,
    "outliers": [],
    "badValue": 0
  },
  "playerTOT": {
    "total": 7236,
    "min": 201,
    "max": 324,
    "avg": 249.51724137931035,
    "median": 256,
    "standardDeviation": 27.032063579303916,
    "percentile25": 230,
    "percentile75": 264,
    "skewness": 0.43426335157807167,
    "kurtosis": 0.8813609084967386,
    "outliers": [
      324
    ],
    "badValue": 0
  },
  "playerRating": {
    "total": 199.20000000000002,
    "min": 6.1,
    "max": 7.7,
    "avg": 6.86896551724138,
    "median": 6.9,
    "standardDeviation": 0.4379446101615593,
    "percentile25": 6.5,
    "percentile75": 7.3,
    "skewness": 0.040971502755284266,
    "kurtosis": -0.9751767717155979,
    "outliers": [],
    "badValue": 0
  },
  "playerNumber": 37,
  "noATTR": 8,
  "noRating": 8
}