{
  "playerValue": {
    "total": 53221000,
    "min": 46000,
    "max": 4300000,
    "avg": 1774033.3333333333,
    "median": 1400000,
    "standardDeviation": 1317259.9460833673,
    "percentile25": 725000,
    "percentile75": 3000000,
    "skewness": 0.7269272614057063,
    "kurtosis": -0.6735574891989669,
    "outliers": [],
    "badValue": 5
  },
  "playerAge": {
    "total": 873,
    "min": 17,
    "max": 34,
    "avg": 25.676470588235293,
    "median": 26,
    "standardDeviation": 4.041844280809371,
    "percentile25": 22,
    "percentile75": 29,
    "skewness": -0.17785429476014444,
    "kurtosis": -0.5585907389336624,
    "outliers": [],
    "badValue": 1
  },
  "playerATT": {
    "total": 1214,
    "min": 35,
    "max": 67,
    "avg": 50.583333333333336,
    "median": 52.5,
    "standardDeviation": 9.780578828587918,
    "percentile25": 39,
    "percentile75": 58,
    "skewness": -0.22480656541057115,
    "kurtosis": -1.1087896951869296,
    "outliers": [],
    "badValue": 0
  },
  "playerTEC": {
    "total": 1164,
    "min": 36,
    "max": 58,
    "avg": 48.5,
    "median": 48,
    "standardDeviation": 6.689544080129826,
    "percentile25": 43,
    "percentile75": 55,
    "skewness": -0.21484777228360438,
    "kurtosis": -0.918822467564365,
    "outliers": [],
    "badValue": 0
  },
  "playerTAC": {
    "total": 1105,
    "min": 35,
    "max": 64,
    "avg": 46.041666666666664,
    "median": 44.5,
    "standardDeviation": 7.469265730683007,
    "percentile25": 40,
    "percentile75": 51,
    "skewness": 0.8777545548122467,
    "kurtosis": 0.4717814168200416,
    "outliers": [],
    "badValue": 0
  },
  "playerDEF": {
    "total": 1182,
    "min": 24,
    "max": 79,
    "avg": 49.25,
    "median": 47.5,
    "standardDeviation": 15.35211711784404,
    "percentile25": 36,
    "percentile75": 58,
    "skewness": 0.22823689564025784,
    "kurtosis": -0.5480873028296771,
    "outliers": [],
    "badValue": 0
  },
  "playerCRE": {
    "total": 1159,
    "min": 37,
    "max": 60,
    "avg": 48.291666666666664,
    "median": 47,
    "standardDeviation": 7.818136855344047,
    "percentile25": 41,
    "percentile75": 55,
    "skewness": -0.018975906268169297,
    "kurtosis": -1.3432935006690125,
    "outliers": [],
    "badValue": 0
  },
  "playerTOT": {
    "total": 5824,
    "min": 203,
    "max": 271,
    "avg": 242.66666666666666,
    "median": 243.5,
    "standardDeviation": 18.94436298451043,
    "percentile25": 228,
    "percentile75": 256,
    "skewness": -0.24974743489038992,
    "kurtosis": -0.5605574298986506,
    "outliers": [],
    "badValue": 0
  },
  "playerRating": {
    "total": 165.8,
    "min": 6.3,
    "max": 8,
    "avg": 6.908333333333334,
    "median": 6.9,
    "standardDeviation": 0.41121432638251093,
    "percentile25": 6.5,
    "percentile75": 7,
    "skewness": 0.7916105155845714,
    "kurtosis": 0.7691913512777382,
    "outliers": [
      8
    ],
    "badValue": 0
  },
  "playerNumber": 35,
  "noATTR": 11,
  "noRating": 11
}