{
  "playerValue": {
    "total": 53221000,
    "min": 46000,
    "max": 4300000,
    "avg": 1774033.3333333333,
    "median": 1400000,
    "standardDeviation": 1317259.9460833673,
    "percentile25": 725000,
    "percentile75": 3000000,
    "qArr": [
      95000,
      530000,
      1100000,
      1400000,
      1700000,
      3200000,
      4200000
    ],
    "skewness": 0.7269272614057063,
    "badValue": 5
  },
  "playerAge": {
    "total": 873,
    "min": 17,
    "max": 34,
    "avg": 25.676470588235293,
    "median": 26,
    "standardDeviation": 4.041844280809371,
    "percentile25": 22,
    "percentile75": 29,
    "qArr": [
      18,
      22,
      23,
      26,
      29,
      29,
      31
    ],
    "skewness": -0.17785429476014444,
    "badValue": 1
  },
  "playerATT": {
    "total": 1214,
    "min": 35,
    "max": 67,
    "avg": 50.583333333333336,
    "median": 52.5,
    "standardDeviation": 9.780578828587918,
    "percentile25": 39,
    "percentile75": 58,
    "qArr": [
      36,
      38,
      45,
      52,
      57,
      59,
      64
    ],
    "skewness": -0.22480656541057115,
    "badValue": 0
  },
  "playerTEC": {
    "total": 1164,
    "min": 36,
    "max": 58,
    "avg": 48.5,
    "median": 48,
    "standardDeviation": 6.689544080129826,
    "percentile25": 43,
    "percentile75": 55,
    "qArr": [
      38,
      41,
      46,
      48,
      53,
      56,
      57
    ],
    "skewness": -0.21484777228360438,
    "badValue": 0
  },
  "playerTAC": {
    "total": 1105,
    "min": 35,
    "max": 64,
    "avg": 46.041666666666664,
    "median": 44.5,
    "standardDeviation": 7.469265730683007,
    "percentile25": 40,
    "percentile75": 51,
    "qArr": [
      37,
      40,
      41,
      44,
      49,
      53,
      62
    ],
    "skewness": 0.8777545548122467,
    "badValue": 0
  },
  "playerDEF": {
    "total": 1182,
    "min": 24,
    "max": 79,
    "avg": 49.25,
    "median": 47.5,
    "standardDeviation": 15.35211711784404,
    "percentile25": 36,
    "percentile75": 58,
    "qArr": [
      25,
      33,
      46,
      47,
      53,
      67,
      75
    ],
    "skewness": 0.22823689564025784,
    "badValue": 0
  },
  "playerCRE": {
    "total": 1159,
    "min": 37,
    "max": 60,
    "avg": 48.291666666666664,
    "median": 47,
    "standardDeviation": 7.818136855344047,
    "percentile25": 41,
    "percentile75": 55,
    "qArr": [
      37,
      38,
      45,
      47,
      55,
      57,
      59
    ],
    "skewness": -0.018975906268169297,
    "badValue": 0
  },
  "playerTOT": {
    "total": 5824,
    "min": 203,
    "max": 271,
    "avg": 242.66666666666666,
    "median": 243.5,
    "standardDeviation": 18.94436298451043,
    "percentile25": 228,
    "percentile75": 256,
    "qArr": [
      212,
      227,
      235,
      242,
      251,
      264,
      270
    ],
    "skewness": -0.24974743489038992,
    "badValue": 0
  },
  "playerRating": {
    "total": 165.8,
    "min": 6.3,
    "max": 8,
    "avg": 6.908333333333334,
    "median": 6.9,
    "standardDeviation": 0.41121432638251093,
    "percentile25": 6.5,
    "percentile75": 7,
    "qArr": [
      6.4,
      6.5,
      6.7,
      6.9,
      7,
      7.3,
      7.5
    ],
    "skewness": 0.7916105155845714,
    "badValue": 0
  },
  "playerNumber": 35,
  "noATTR": 11,
  "noRating": 11
}