{
  "playerValue": {
    "total": 1509471991,
    "min": 46000,
    "max": 21000000,
    "avg": 2426803.8440514468,
    "median": 1200000,
    "standardDeviation": 3286964.901435493,
    "percentile25": 470000,
    "percentile75": 2900000,
    "skewness": 2.7681337775448096,
    "kurtosis": 8.486737364290532,
    "outliers": [
      6600000,
      6600000,
      6700000,
      6700000,
      6800000,
      7200000,
      7200000,
      7300000,
      7300000,
      7400000,
      7400000,
      7400000,
      7500000,
      7600000,
      8199999,
      8400000,
      9100000,
      9300000,
      9300000,
      9300000,
      9600000,
      10300000,
      10300000,
      10400000,
      11300000,
      11500000,
      11600000,
      11600000,
      11600000,
      12400000,
      12400000,
      12400000,
      12400000,
      12700000,
      12700000,
      12800000,
      13000000,
      13400000,
      13500000,
      13600000,
      14800000,
      14900000,
      15500000,
      15500000,
      15600000,
      15700000,
      16500000,
      16800000,
      17300000,
      17500000,
      18500000,
      19500000,
      21000000
    ],
    "badValue": 92
  },
  "playerAge": {
    "total": 17614,
    "min": 16,
    "max": 37,
    "avg": 25.162857142857142,
    "median": 25,
    "standardDeviation": 4.418376283160121,
    "percentile25": 22,
    "percentile75": 28,
    "skewness": 0.32202713710131176,
    "kurtosis": -0.5239942998252012,
    "outliers": [],
    "badValue": 14
  },
  "playerATT": {
    "total": 23928,
    "min": 32,
    "max": 76,
    "avg": 50.26890756302521,
    "median": 52,
    "standardDeviation": 10.269844474444128,
    "percentile25": 40,
    "percentile75": 59,
    "skewness": -0.08515397986368989,
    "kurtosis": -1.1207770519896292,
    "outliers": [],
    "badValue": 0
  },
  "playerTEC": {
    "total": 23121,
    "min": 31,
    "max": 74,
    "avg": 48.5735294117647,
    "median": 48,
    "standardDeviation": 6.166190424401057,
    "percentile25": 44,
    "percentile75": 52,
    "skewness": 0.5427542260987887,
    "kurtosis": 0.6397693246785474,
    "outliers": [
      31,
      65,
      66,
      67,
      68,
      69,
      74
    ],
    "badValue": 0
  },
  "playerTAC": {
    "total": 21772,
    "min": 23,
    "max": 77,
    "avg": 45.739495798319325,
    "median": 46,
    "standardDeviation": 8.472607552423117,
    "percentile25": 40,
    "percentile75": 52,
    "skewness": 0.16122691652647544,
    "kurtosis": 0.09948923211436167,
    "outliers": [
      77
    ],
    "badValue": 0
  },
  "playerDEF": {
    "total": 23831,
    "min": 16,
    "max": 81,
    "avg": 50.06512605042017,
    "median": 51,
    "standardDeviation": 14.839546662623425,
    "percentile25": 37,
    "percentile75": 63,
    "skewness": 0.0018122068306393457,
    "kurtosis": -1.0731657266689572,
    "outliers": [],
    "badValue": 0
  },
  "playerCRE": {
    "total": 23045,
    "min": 31,
    "max": 80,
    "avg": 48.41386554621849,
    "median": 47,
    "standardDeviation": 8.426332835673685,
    "percentile25": 41,
    "percentile75": 55,
    "skewness": 0.42315187307140556,
    "kurtosis": -0.19403901748337393,
    "outliers": [
      78,
      80
    ],
    "badValue": 0
  },
  "playerTOT": {
    "total": 115697,
    "min": 192,
    "max": 324,
    "avg": 243.0609243697479,
    "median": 241,
    "standardDeviation": 20.77860654379506,
    "percentile25": 229,
    "percentile75": 256,
    "skewness": 0.6267707154462059,
    "kurtosis": 0.6613004377886265,
    "outliers": [
      297,
      297,
      298,
      301,
      303,
      306,
      306,
      308,
      311,
      324
    ],
    "badValue": 0
  },
  "playerRating": {
    "total": 3275.2999999999997,
    "min": 4.6,
    "max": 8.8,
    "avg": 6.895368421052631,
    "median": 6.8,
    "standardDeviation": 0.48453213575749216,
    "percentile25": 6.6,
    "percentile75": 7.2,
    "skewness": 0.46132048344859045,
    "kurtosis": 1.562797138479874,
    "outliers": [
      4.6,
      8.2,
      8.2,
      8.2,
      8.3,
      8.5,
      8.6,
      8.8
    ],
    "badValue": 0
  },
  "playerNumber": 714,
  "noATTR": 238,
  "noRating": 239
}