{
  "playerValue": {
    "total": 1509471991,
    "min": 46000,
    "max": 21000000,
    "avg": 2426803.8440514468,
    "median": 1200000,
    "standardDeviation": 3286964.901435493,
    "percentile25": 470000,
    "percentile75": 2900000,
    "qArr": [
      160000,
      380000,
      740000,
      1200000,
      2200000,
      3300000,
      10300000
    ],
    "skewness": 2.7681337775448096,
    "badValue": 92
  },
  "playerAge": {
    "total": 17614,
    "min": 16,
    "max": 37,
    "avg": 25.162857142857142,
    "median": 25,
    "standardDeviation": 4.418376283160121,
    "percentile25": 22,
    "percentile75": 28,
    "qArr": [
      19,
      21,
      23,
      25,
      27,
      29,
      33
    ],
    "skewness": 0.32202713710131176,
    "badValue": 14
  },
  "playerATT": {
    "total": 23928,
    "min": 32,
    "max": 76,
    "avg": 50.26890756302521,
    "median": 52,
    "standardDeviation": 10.269844474444128,
    "percentile25": 40,
    "percentile75": 59,
    "qArr": [
      35,
      38,
      46,
      52,
      56,
      60,
      65
    ],
    "skewness": -0.08515397986368989,
    "badValue": 0
  },
  "playerTEC": {
    "total": 23121,
    "min": 31,
    "max": 74,
    "avg": 48.5735294117647,
    "median": 48,
    "standardDeviation": 6.166190424401057,
    "percentile25": 44,
    "percentile75": 52,
    "qArr": [
      40,
      43,
      45,
      48,
      50,
      53,
      60
    ],
    "skewness": 0.5427542260987887,
    "badValue": 0
  },
  "playerTAC": {
    "total": 21772,
    "min": 23,
    "max": 77,
    "avg": 45.739495798319325,
    "median": 46,
    "standardDeviation": 8.472607552423117,
    "percentile25": 40,
    "percentile75": 52,
    "qArr": [
      32,
      39,
      42,
      46,
      49,
      53,
      60
    ],
    "skewness": 0.16122691652647544,
    "badValue": 0
  },
  "playerDEF": {
    "total": 23831,
    "min": 16,
    "max": 81,
    "avg": 50.06512605042017,
    "median": 51,
    "standardDeviation": 14.839546662623425,
    "percentile25": 37,
    "percentile75": 63,
    "qArr": [
      28,
      34,
      42,
      51,
      58,
      66,
      72
    ],
    "skewness": 0.0018122068306393457,
    "badValue": 0
  },
  "playerCRE": {
    "total": 23045,
    "min": 31,
    "max": 80,
    "avg": 48.41386554621849,
    "median": 47,
    "standardDeviation": 8.426332835673685,
    "percentile25": 41,
    "percentile75": 55,
    "qArr": [
      37,
      40,
      44,
      47,
      52,
      56,
      63
    ],
    "skewness": 0.42315187307140556,
    "badValue": 0
  },
  "playerTOT": {
    "total": 115697,
    "min": 192,
    "max": 324,
    "avg": 243.0609243697479,
    "median": 241,
    "standardDeviation": 20.77860654379506,
    "percentile25": 229,
    "percentile75": 256,
    "qArr": [
      212,
      226,
      233,
      241,
      250,
      258,
      280
    ],
    "skewness": 0.6267707154462059,
    "badValue": 0
  },
  "playerRating": {
    "total": 3275.2999999999997,
    "min": 4.6,
    "max": 8.8,
    "avg": 6.895368421052631,
    "median": 6.8,
    "standardDeviation": 0.48453213575749216,
    "percentile25": 6.6,
    "percentile75": 7.2,
    "qArr": [
      6.2,
      6.5,
      6.7,
      6.8,
      7,
      7.3,
      7.7
    ],
    "skewness": 0.46132048344859045,
    "badValue": 0
  },
  "playerNumber": 714,
  "noATTR": 238,
  "noRating": 239
}