{
  "playerValue": {
    "total": 76459999,
    "min": 90000,
    "max": 7500000,
    "avg": 2940769.1923076925,
    "median": 2250000,
    "standardDeviation": 2396611.648981858,
    "percentile25": 1000000,
    "percentile75": 4800000,
    "qArr": [
      230000,
      775000,
      1500000,
      2100000,
      3100000,
      4900000,
      7300000
    ],
    "skewness": 0.7664795695815778,
    "badValue": 0
  },
  "playerAge": {
    "total": 647,
    "min": 18,
    "max": 32,
    "avg": 24.884615384615383,
    "median": 24.5,
    "standardDeviation": 3.042353884702323,
    "percentile25": 23,
    "percentile75": 26,
    "qArr": [
      21,
      23,
      24,
      24,
      26,
      27,
      31
    ],
    "skewness": 0.35446086748080796,
    "badValue": 0
  },
  "playerATT": {
    "total": 1223,
    "min": 35,
    "max": 67,
    "avg": 53.17391304347826,
    "median": 54,
    "standardDeviation": 9.805287721264804,
    "percentile25": 45,
    "percentile75": 62,
    "qArr": [
      37,
      44,
      51,
      54,
      60,
      62,
      66
    ],
    "skewness": -0.4079912274506382,
    "badValue": 0
  },
  "playerTEC": {
    "total": 1146,
    "min": 41,
    "max": 65,
    "avg": 49.82608695652174,
    "median": 49,
    "standardDeviation": 5.79093875331215,
    "percentile25": 45,
    "percentile75": 52,
    "qArr": [
      43,
      45,
      47,
      49,
      51,
      55,
      59
    ],
    "skewness": 0.9127564125793093,
    "badValue": 0
  },
  "playerTAC": {
    "total": 1086,
    "min": 35,
    "max": 58,
    "avg": 47.21739130434783,
    "median": 49,
    "standardDeviation": 6.142910524860844,
    "percentile25": 42,
    "percentile75": 51,
    "qArr": [
      37,
      41,
      47,
      49,
      49,
      53,
      56
    ],
    "skewness": -0.3305804151763662,
    "badValue": 0
  },
  "playerDEF": {
    "total": 1160,
    "min": 30,
    "max": 73,
    "avg": 50.43478260869565,
    "median": 56,
    "standardDeviation": 12.60374715487602,
    "percentile25": 42,
    "percentile75": 60,
    "qArr": [
      30,
      40,
      44,
      56,
      57,
      61,
      69
    ],
    "skewness": -0.1860273784540536,
    "badValue": 0
  },
  "playerCRE": {
    "total": 1164,
    "min": 37,
    "max": 66,
    "avg": 50.608695652173914,
    "median": 50,
    "standardDeviation": 7.861514017446185,
    "percentile25": 42,
    "percentile75": 58,
    "qArr": [
      39,
      42,
      47,
      50,
      56,
      58,
      60
    ],
    "skewness": -0.05788445688459552,
    "badValue": 0
  },
  "playerTOT": {
    "total": 5779,
    "min": 229,
    "max": 297,
    "avg": 251.2608695652174,
    "median": 244,
    "standardDeviation": 19.074721244311913,
    "percentile25": 236,
    "percentile75": 266,
    "qArr": [
      230,
      233,
      241,
      244,
      252,
      274,
      283
    ],
    "skewness": 0.9049127666778762,
    "badValue": 0
  },
  "playerRating": {
    "total": 160.03999999999996,
    "min": 6.5,
    "max": 8.3,
    "avg": 6.9582608695652155,
    "median": 6.8,
    "standardDeviation": 0.4694830846044176,
    "percentile25": 6.6,
    "percentile75": 7.1,
    "qArr": [
      6.5,
      6.6,
      6.8,
      6.8,
      6.9,
      7.3,
      8
    ],
    "skewness": 1.6317646064574214,
    "badValue": 0
  },
  "playerNumber": 26,
  "noATTR": 3,
  "noRating": 3
}