{
  "playerValue": {
    "total": 16237000,
    "min": 97000,
    "max": 3700000,
    "avg": 676541.6666666666,
    "median": 420000,
    "standardDeviation": 765065.4100122566,
    "percentile25": 270000,
    "percentile75": 675000,
    "qArr": [
      105000,
      210000,
      310000,
      415000,
      550000,
      960000,
      1900000
    ],
    "skewness": 3.0984855388779806,
    "badValue": 2
  },
  "playerAge": {
    "total": 703,
    "min": 19,
    "max": 35,
    "avg": 27.03846153846154,
    "median": 28,
    "standardDeviation": 4.686156118995357,
    "percentile25": 23,
    "percentile75": 31,
    "qArr": [
      19,
      22,
      25,
      28,
      29,
      31,
      34
    ],
    "skewness": -0.22438954065869476,
    "badValue": 0
  },
  "playerATT": {
    "total": 979,
    "min": 34,
    "max": 63,
    "avg": 48.95,
    "median": 49.5,
    "standardDeviation": 9.856343135260664,
    "percentile25": 37,
    "percentile75": 57,
    "qArr": [
      34,
      36,
      43,
      47,
      55,
      58,
      61
    ],
    "skewness": -0.23290910176882798,
    "badValue": 0
  },
  "playerTEC": {
    "total": 952,
    "min": 39,
    "max": 63,
    "avg": 47.6,
    "median": 46.5,
    "standardDeviation": 6.56048778674269,
    "percentile25": 41,
    "percentile75": 52,
    "qArr": [
      39,
      41,
      43,
      45,
      50,
      53,
      56
    ],
    "skewness": 0.6014894277899075,
    "badValue": 0
  },
  "playerTAC": {
    "total": 822,
    "min": 32,
    "max": 55,
    "avg": 41.1,
    "median": 41,
    "standardDeviation": 6.090155991434045,
    "percentile25": 36,
    "percentile75": 44,
    "qArr": [
      32,
      34,
      38,
      41,
      42,
      46,
      52
    ],
    "skewness": 0.5502594239720061,
    "badValue": 0
  },
  "playerDEF": {
    "total": 966,
    "min": 27,
    "max": 75,
    "avg": 48.3,
    "median": 45.5,
    "standardDeviation": 14.03246236410417,
    "percentile25": 37,
    "percentile75": 61,
    "qArr": [
      27,
      36,
      41,
      43,
      51,
      62,
      70
    ],
    "skewness": 0.2887874511034124,
    "badValue": 0
  },
  "playerCRE": {
    "total": 920,
    "min": 35,
    "max": 62,
    "avg": 46,
    "median": 44,
    "standardDeviation": 8.099382692526634,
    "percentile25": 39,
    "percentile75": 51,
    "qArr": [
      35,
      39,
      39,
      44,
      50,
      52,
      59
    ],
    "skewness": 0.5448203607963681,
    "badValue": 0
  },
  "playerTOT": {
    "total": 4639,
    "min": 201,
    "max": 259,
    "avg": 231.95,
    "median": 231.5,
    "standardDeviation": 15.762217483590309,
    "percentile25": 220,
    "percentile75": 241,
    "qArr": [
      201,
      217,
      226,
      231,
      234,
      244,
      257
    ],
    "skewness": 0.03924951673169218,
    "badValue": 0
  },
  "playerRating": {
    "total": 136.3,
    "min": 6,
    "max": 7.9,
    "avg": 6.815,
    "median": 6.8,
    "standardDeviation": 0.4126439142893059,
    "percentile25": 6.5,
    "percentile75": 7,
    "qArr": [
      6,
      6.5,
      6.6,
      6.8,
      6.9,
      7,
      7.5
    ],
    "skewness": 0.778766432223662,
    "badValue": 0
  },
  "playerNumber": 26,
  "noATTR": 6,
  "noRating": 6
}