{
  "playerValue": {
    "total": 42369999,
    "min": 105000,
    "max": 6500000,
    "avg": 1925909.0454545454,
    "median": 1750000,
    "standardDeviation": 1622023.532364897,
    "percentile25": 370000,
    "percentile75": 2900000,
    "qArr": [
      160000,
      320000,
      925000,
      1600000,
      2200000,
      3200000,
      4099999
    ],
    "skewness": 1.0951777080371417,
    "badValue": 5
  },
  "playerAge": {
    "total": 620,
    "min": 18,
    "max": 33,
    "avg": 23.846153846153847,
    "median": 24,
    "standardDeviation": 3.4828404377451596,
    "percentile25": 21,
    "percentile75": 26,
    "qArr": [
      19,
      21,
      23,
      24,
      25,
      27,
      29
    ],
    "skewness": 0.5207047924627807,
    "badValue": 1
  },
  "playerATT": {
    "total": 810,
    "min": 35,
    "max": 76,
    "avg": 50.625,
    "median": 49.5,
    "standardDeviation": 10.907995920424613,
    "percentile25": 41,
    "percentile75": 56,
    "qArr": [
      35,
      41,
      48,
      48,
      54,
      61,
      76
    ],
    "skewness": 0.6086734202600077,
    "badValue": 0
  },
  "playerTEC": {
    "total": 754,
    "min": 31,
    "max": 55,
    "avg": 47.125,
    "median": 48,
    "standardDeviation": 5.555121510822243,
    "percentile25": 45,
    "percentile75": 50,
    "qArr": [
      31,
      45,
      45,
      47,
      50,
      52,
      55
    ],
    "skewness": -1.5587590341631092,
    "badValue": 0
  },
  "playerTAC": {
    "total": 743,
    "min": 30,
    "max": 66,
    "avg": 46.4375,
    "median": 46,
    "standardDeviation": 8.703223181672408,
    "percentile25": 40,
    "percentile75": 52,
    "qArr": [
      30,
      40,
      41,
      45,
      48,
      54,
      66
    ],
    "skewness": 0.3715696627417662,
    "badValue": 0
  },
  "playerDEF": {
    "total": 862,
    "min": 33,
    "max": 73,
    "avg": 53.875,
    "median": 52.5,
    "standardDeviation": 12.388881103634823,
    "percentile25": 44,
    "percentile75": 62,
    "qArr": [
      33,
      44,
      46,
      52,
      61,
      69,
      73
    ],
    "skewness": -0.03482213888836461,
    "badValue": 0
  },
  "playerCRE": {
    "total": 816,
    "min": 37,
    "max": 68,
    "avg": 51,
    "median": 50.5,
    "standardDeviation": 9.246621004453464,
    "percentile25": 40,
    "percentile75": 57,
    "qArr": [
      37,
      40,
      45,
      49,
      56,
      60,
      68
    ],
    "skewness": 0.13068062574410222,
    "badValue": 0
  },
  "playerTOT": {
    "total": 3985,
    "min": 215,
    "max": 308,
    "avg": 249.0625,
    "median": 242.5,
    "standardDeviation": 25.095987602602932,
    "percentile25": 231,
    "percentile75": 253,
    "qArr": [
      215,
      231,
      235,
      242,
      248,
      258,
      308
    ],
    "skewness": 1.5779730790366624,
    "badValue": 0
  },
  "playerRating": {
    "total": 108.10000000000001,
    "min": 4.6,
    "max": 7.7,
    "avg": 6.7562500000000005,
    "median": 7,
    "standardDeviation": 0.799193929844315,
    "percentile25": 6.2,
    "percentile75": 7.3,
    "qArr": [
      4.6,
      6.2,
      6.6,
      6.9,
      7.3,
      7.3,
      7.7
    ],
    "skewness": -1.3284710112688367,
    "badValue": 0
  },
  "playerNumber": 27,
  "noATTR": 11,
  "noRating": 11
}