{
  "playerValue": {
    "total": 42369999,
    "min": 105000,
    "max": 6500000,
    "avg": 1925909.0454545454,
    "median": 1750000,
    "standardDeviation": 1622023.532364897,
    "percentile25": 370000,
    "percentile75": 2900000,
    "skewness": 1.0951777080371417,
    "kurtosis": 1.541611834545611,
    "outliers": [],
    "badValue": 5
  },
  "playerAge": {
    "total": 620,
    "min": 18,
    "max": 33,
    "avg": 23.846153846153847,
    "median": 24,
    "standardDeviation": 3.4828404377451596,
    "percentile25": 21,
    "percentile75": 26,
    "skewness": 0.5207047924627807,
    "kurtosis": 0.5678327568993642,
    "outliers": [],
    "badValue": 1
  },
  "playerATT": {
    "total": 810,
    "min": 35,
    "max": 76,
    "avg": 50.625,
    "median": 49.5,
    "standardDeviation": 10.907995920424613,
    "percentile25": 41,
    "percentile75": 56,
    "skewness": 0.6086734202600077,
    "kurtosis": 0.6461236549480915,
    "outliers": [],
    "badValue": 0
  },
  "playerTEC": {
    "total": 754,
    "min": 31,
    "max": 55,
    "avg": 47.125,
    "median": 48,
    "standardDeviation": 5.555121510822243,
    "percentile25": 45,
    "percentile75": 50,
    "skewness": -1.5587590341631092,
    "kurtosis": 4.17749594726589,
    "outliers": [
      31
    ],
    "badValue": 0
  },
  "playerTAC": {
    "total": 743,
    "min": 30,
    "max": 66,
    "avg": 46.4375,
    "median": 46,
    "standardDeviation": 8.703223181672408,
    "percentile25": 40,
    "percentile75": 52,
    "skewness": 0.3715696627417662,
    "kurtosis": 0.8194961677605042,
    "outliers": [],
    "badValue": 0
  },
  "playerDEF": {
    "total": 862,
    "min": 33,
    "max": 73,
    "avg": 53.875,
    "median": 52.5,
    "standardDeviation": 12.388881103634823,
    "percentile25": 44,
    "percentile75": 62,
    "skewness": -0.03482213888836461,
    "kurtosis": -0.8450563386930474,
    "outliers": [],
    "badValue": 0
  },
  "playerCRE": {
    "total": 816,
    "min": 37,
    "max": 68,
    "avg": 51,
    "median": 50.5,
    "standardDeviation": 9.246621004453464,
    "percentile25": 40,
    "percentile75": 57,
    "skewness": 0.13068062574410222,
    "kurtosis": -0.8312612014366403,
    "outliers": [],
    "badValue": 0
  },
  "playerTOT": {
    "total": 3985,
    "min": 215,
    "max": 308,
    "avg": 249.0625,
    "median": 242.5,
    "standardDeviation": 25.095987602602932,
    "percentile25": 231,
    "percentile75": 253,
    "skewness": 1.5779730790366624,
    "kurtosis": 2.470044902531347,
    "outliers": [
      306,
      308
    ],
    "badValue": 0
  },
  "playerRating": {
    "total": 108.10000000000001,
    "min": 4.6,
    "max": 7.7,
    "avg": 6.7562500000000005,
    "median": 7,
    "standardDeviation": 0.799193929844315,
    "percentile25": 6.2,
    "percentile75": 7.3,
    "skewness": -1.3284710112688367,
    "kurtosis": 2.3858781150168618,
    "outliers": [],
    "badValue": 0
  },
  "playerNumber": 27,
  "noATTR": 11,
  "noRating": 11
}