{
  "playerValue": {
    "total": 168364999,
    "min": 160000,
    "max": 18500000,
    "avg": 8017380.904761905,
    "median": 4900000,
    "standardDeviation": 6291512.7592168,
    "percentile25": 2400000,
    "percentile75": 14800000,
    "qArr": [
      315000,
      1300000,
      4099999,
      4900000,
      12400000,
      14900000,
      17300000
    ],
    "skewness": 0.33278155640411267,
    "badValue": 3
  },
  "playerAge": {
    "total": 607,
    "min": 17,
    "max": 34,
    "avg": 25.291666666666668,
    "median": 24.5,
    "standardDeviation": 4.513675208617573,
    "percentile25": 22,
    "percentile75": 28,
    "qArr": [
      18,
      21,
      24,
      24,
      27,
      31,
      33
    ],
    "skewness": 0.16018567615784346,
    "badValue": 0
  },
  "playerATT": {
    "total": 917,
    "min": 34,
    "max": 66,
    "avg": 50.94444444444444,
    "median": 49.5,
    "standardDeviation": 10.469385115247123,
    "percentile25": 42,
    "percentile75": 63,
    "qArr": [
      34,
      41,
      45,
      49,
      56,
      63,
      66
    ],
    "skewness": -0.04233878474112936,
    "badValue": 0
  },
  "playerTEC": {
    "total": 886,
    "min": 41,
    "max": 63,
    "avg": 49.22222222222222,
    "median": 48.5,
    "standardDeviation": 5.6721106747112096,
    "percentile25": 45,
    "percentile75": 54,
    "qArr": [
      41,
      45,
      46,
      48,
      50,
      54,
      63
    ],
    "skewness": 0.820906757668821,
    "badValue": 0
  },
  "playerTAC": {
    "total": 860,
    "min": 23,
    "max": 66,
    "avg": 47.77777777777778,
    "median": 46.5,
    "standardDeviation": 11.82067659069177,
    "percentile25": 39,
    "percentile75": 56,
    "qArr": [
      23,
      36,
      43,
      45,
      55,
      61,
      66
    ],
    "skewness": -0.13514528050232377,
    "badValue": 0
  },
  "playerDEF": {
    "total": 963,
    "min": 24,
    "max": 80,
    "avg": 53.5,
    "median": 60.5,
    "standardDeviation": 18.349235527521152,
    "percentile25": 34,
    "percentile75": 70,
    "qArr": [
      24,
      34,
      39,
      60,
      68,
      70,
      80
    ],
    "skewness": -0.18117405370869188,
    "badValue": 0
  },
  "playerCRE": {
    "total": 912,
    "min": 34,
    "max": 65,
    "avg": 50.666666666666664,
    "median": 50,
    "standardDeviation": 8.55050355892044,
    "percentile25": 46,
    "percentile75": 56,
    "qArr": [
      34,
      42,
      47,
      49,
      54,
      61,
      65
    ],
    "skewness": -0.019407516299576814,
    "badValue": 0
  },
  "playerTOT": {
    "total": 4538,
    "min": 213,
    "max": 311,
    "avg": 252.11111111111111,
    "median": 252,
    "standardDeviation": 23.294941961457088,
    "percentile25": 238,
    "percentile75": 266,
    "qArr": [
      213,
      236,
      242,
      251,
      255,
      271,
      311
    ],
    "skewness": 0.6353856291298629,
    "badValue": 0
  },
  "playerRating": {
    "total": 125.1,
    "min": 6.4,
    "max": 7.5,
    "avg": 6.949999999999999,
    "median": 6.9,
    "standardDeviation": 0.3370624736026115,
    "percentile25": 6.7,
    "percentile75": 7.4,
    "qArr": [
      6.4,
      6.6,
      6.7,
      6.9,
      7.1,
      7.4,
      7.5
    ],
    "skewness": 0.33179788925229753,
    "badValue": 0
  },
  "playerNumber": 24,
  "noATTR": 6,
  "noRating": 6
}