{
  "playerValue": {
    "total": 168364999,
    "min": 160000,
    "max": 18500000,
    "avg": 8017380.904761905,
    "median": 4900000,
    "standardDeviation": 6291512.7592168,
    "percentile25": 2400000,
    "percentile75": 14800000,
    "skewness": 0.33278155640411267,
    "kurtosis": -1.3468761958790365,
    "outliers": [],
    "badValue": 3
  },
  "playerAge": {
    "total": 607,
    "min": 17,
    "max": 34,
    "avg": 25.291666666666668,
    "median": 24.5,
    "standardDeviation": 4.513675208617573,
    "percentile25": 22,
    "percentile75": 28,
    "skewness": 0.16018567615784346,
    "kurtosis": -0.3368095811343679,
    "outliers": [],
    "badValue": 0
  },
  "playerATT": {
    "total": 917,
    "min": 34,
    "max": 66,
    "avg": 50.94444444444444,
    "median": 49.5,
    "standardDeviation": 10.469385115247123,
    "percentile25": 42,
    "percentile75": 63,
    "skewness": -0.04233878474112936,
    "kurtosis": -1.12324874739482,
    "outliers": [],
    "badValue": 0
  },
  "playerTEC": {
    "total": 886,
    "min": 41,
    "max": 63,
    "avg": 49.22222222222222,
    "median": 48.5,
    "standardDeviation": 5.6721106747112096,
    "percentile25": 45,
    "percentile75": 54,
    "skewness": 0.820906757668821,
    "kurtosis": 0.7618235425255486,
    "outliers": [],
    "badValue": 0
  },
  "playerTAC": {
    "total": 860,
    "min": 23,
    "max": 66,
    "avg": 47.77777777777778,
    "median": 46.5,
    "standardDeviation": 11.82067659069177,
    "percentile25": 39,
    "percentile75": 56,
    "skewness": -0.13514528050232377,
    "kurtosis": -0.2782800519439328,
    "outliers": [],
    "badValue": 0
  },
  "playerDEF": {
    "total": 963,
    "min": 24,
    "max": 80,
    "avg": 53.5,
    "median": 60.5,
    "standardDeviation": 18.349235527521152,
    "percentile25": 34,
    "percentile75": 70,
    "skewness": -0.18117405370869188,
    "kurtosis": -1.5356647605041003,
    "outliers": [],
    "badValue": 0
  },
  "playerCRE": {
    "total": 912,
    "min": 34,
    "max": 65,
    "avg": 50.666666666666664,
    "median": 50,
    "standardDeviation": 8.55050355892044,
    "percentile25": 46,
    "percentile75": 56,
    "skewness": -0.019407516299576814,
    "kurtosis": -0.3254445621616675,
    "outliers": [],
    "badValue": 0
  },
  "playerTOT": {
    "total": 4538,
    "min": 213,
    "max": 311,
    "avg": 252.11111111111111,
    "median": 252,
    "standardDeviation": 23.294941961457088,
    "percentile25": 238,
    "percentile75": 266,
    "skewness": 0.6353856291298629,
    "kurtosis": 1.621415768818566,
    "outliers": [
      311
    ],
    "badValue": 0
  },
  "playerRating": {
    "total": 125.1,
    "min": 6.4,
    "max": 7.5,
    "avg": 6.949999999999999,
    "median": 6.9,
    "standardDeviation": 0.3370624736026115,
    "percentile25": 6.7,
    "percentile75": 7.4,
    "skewness": 0.33179788925229753,
    "kurtosis": -0.980327628537677,
    "outliers": [],
    "badValue": 0
  },
  "playerNumber": 24,
  "noATTR": 6,
  "noRating": 6
}