{
  "playerValue": {
    "total": 103040000,
    "min": 185000,
    "max": 13500000,
    "avg": 3963076.923076923,
    "median": 2600000,
    "standardDeviation": 3763751.2171837385,
    "percentile25": 1500000,
    "percentile75": 5400000,
    "qArr": [
      240000,
      1100000,
      2000000,
      2600000,
      3300000,
      5800000,
      11600000
    ],
    "skewness": 1.4379415059288643,
    "badValue": 7
  },
  "playerAge": {
    "total": 842,
    "min": 19,
    "max": 36,
    "avg": 26.3125,
    "median": 26,
    "standardDeviation": 4.39770892056307,
    "percentile25": 22,
    "percentile75": 30,
    "qArr": [
      20,
      22,
      25,
      26,
      28,
      30,
      33
    ],
    "skewness": 0.18157984942038885,
    "badValue": 1
  },
  "playerATT": {
    "total": 973,
    "min": 33,
    "max": 72,
    "avg": 54.05555555555556,
    "median": 57.5,
    "standardDeviation": 12.330955726779754,
    "percentile25": 39,
    "percentile75": 65,
    "qArr": [
      33,
      39,
      49,
      57,
      62,
      65,
      72
    ],
    "skewness": -0.3659090976808963,
    "badValue": 0
  },
  "playerTEC": {
    "total": 870,
    "min": 35,
    "max": 68,
    "avg": 48.333333333333336,
    "median": 46.5,
    "standardDeviation": 8.517954892787092,
    "percentile25": 43,
    "percentile75": 55,
    "qArr": [
      35,
      42,
      44,
      46,
      50,
      56,
      68
    ],
    "skewness": 0.7364065924341051,
    "badValue": 0
  },
  "playerTAC": {
    "total": 829,
    "min": 34,
    "max": 77,
    "avg": 46.05555555555556,
    "median": 41.5,
    "standardDeviation": 11.197580205970208,
    "percentile25": 40,
    "percentile75": 53,
    "qArr": [
      34,
      38,
      40,
      41,
      46,
      55,
      77
    ],
    "skewness": 1.561765866406755,
    "badValue": 0
  },
  "playerDEF": {
    "total": 821,
    "min": 16,
    "max": 81,
    "avg": 45.611111111111114,
    "median": 41,
    "standardDeviation": 21.861022871486465,
    "percentile25": 26,
    "percentile75": 68,
    "qArr": [
      16,
      25,
      31,
      40,
      53,
      70,
      81
    ],
    "skewness": 0.3899593547415727,
    "badValue": 0
  },
  "playerCRE": {
    "total": 890,
    "min": 38,
    "max": 78,
    "avg": 49.44444444444444,
    "median": 47,
    "standardDeviation": 9.441175904999112,
    "percentile25": 43,
    "percentile75": 56,
    "qArr": [
      38,
      42,
      44,
      47,
      52,
      56,
      78
    ],
    "skewness": 1.6379366450981891,
    "badValue": 0
  },
  "playerTOT": {
    "total": 4383,
    "min": 207,
    "max": 297,
    "avg": 243.5,
    "median": 244,
    "standardDeviation": 23.636718140309675,
    "percentile25": 225,
    "percentile75": 252,
    "qArr": [
      207,
      224,
      236,
      243,
      247,
      270,
      297
    ],
    "skewness": 0.5033854515895341,
    "badValue": 0
  },
  "playerRating": {
    "total": 123,
    "min": 6,
    "max": 8.1,
    "avg": 6.833333333333333,
    "median": 6.800000000000001,
    "standardDeviation": 0.4864839839775475,
    "percentile25": 6.5,
    "percentile75": 7.1,
    "qArr": [
      6,
      6.5,
      6.6,
      6.7,
      7,
      7.1,
      8.1
    ],
    "skewness": 0.7583199737409805,
    "badValue": 0
  },
  "playerNumber": 33,
  "noATTR": 15,
  "noRating": 15
}