{
  "playerValue": {
    "total": 30960000,
    "min": 155000,
    "max": 4400000,
    "avg": 1346086.956521739,
    "median": 960000,
    "standardDeviation": 1095672.2737976892,
    "percentile25": 415000,
    "percentile75": 1900000,
    "qArr": [
      260000,
      380000,
      840000,
      960000,
      1200000,
      2400000,
      3500000
    ],
    "skewness": 1.3891989616340847,
    "badValue": 3
  },
  "playerAge": {
    "total": 690,
    "min": 18,
    "max": 34,
    "avg": 26.53846153846154,
    "median": 27,
    "standardDeviation": 4.5423711973675776,
    "percentile25": 24,
    "percentile75": 30,
    "qArr": [
      19,
      21,
      26,
      27,
      29,
      31,
      32
    ],
    "skewness": -0.49871810946187756,
    "badValue": 0
  },
  "playerATT": {
    "total": 982,
    "min": 36,
    "max": 64,
    "avg": 49.1,
    "median": 50.5,
    "standardDeviation": 9.507365565707463,
    "percentile25": 38,
    "percentile75": 57,
    "qArr": [
      36,
      37,
      40,
      50,
      53,
      60,
      62
    ],
    "skewness": -0.034729612590942385,
    "badValue": 0
  },
  "playerTEC": {
    "total": 942,
    "min": 39,
    "max": 56,
    "avg": 47.1,
    "median": 47,
    "standardDeviation": 4.581484475582123,
    "percentile25": 43,
    "percentile75": 50,
    "qArr": [
      39,
      43,
      44,
      45,
      50,
      50,
      53
    ],
    "skewness": 0.07421427184283512,
    "badValue": 0
  },
  "playerTAC": {
    "total": 979,
    "min": 32,
    "max": 63,
    "avg": 48.95,
    "median": 49.5,
    "standardDeviation": 7.671212420471748,
    "percentile25": 44,
    "percentile75": 52,
    "qArr": [
      32,
      42,
      47,
      49,
      52,
      53,
      61
    ],
    "skewness": -0.34723251333746785,
    "badValue": 0
  },
  "playerDEF": {
    "total": 1043,
    "min": 28,
    "max": 77,
    "avg": 52.15,
    "median": 54,
    "standardDeviation": 15.225882568836527,
    "percentile25": 38,
    "percentile75": 64,
    "qArr": [
      28,
      33,
      44,
      53,
      57,
      65,
      77
    ],
    "skewness": -0.040482886528665316,
    "badValue": 0
  },
  "playerCRE": {
    "total": 941,
    "min": 35,
    "max": 69,
    "avg": 47.05,
    "median": 43,
    "standardDeviation": 8.333516664650045,
    "percentile25": 40,
    "percentile75": 53,
    "qArr": [
      35,
      40,
      41,
      42,
      51,
      53,
      57
    ],
    "skewness": 0.9278702125239243,
    "badValue": 0
  },
  "playerTOT": {
    "total": 4887,
    "min": 205,
    "max": 283,
    "avg": 244.35,
    "median": 245.5,
    "standardDeviation": 18.873990039204745,
    "percentile25": 226,
    "percentile75": 257,
    "qArr": [
      205,
      225,
      236,
      245,
      252,
      261,
      270
    ],
    "skewness": -0.01820145933927173,
    "badValue": 0
  },
  "playerRating": {
    "total": 138.09999999999997,
    "min": 6.1,
    "max": 8.1,
    "avg": 6.9049999999999985,
    "median": 6.7,
    "standardDeviation": 0.4934318595307765,
    "percentile25": 6.6,
    "percentile75": 7.1,
    "qArr": [
      6.1,
      6.5,
      6.6,
      6.7,
      6.8,
      7.3,
      7.7
    ],
    "skewness": 0.9754618586891879,
    "badValue": 0
  },
  "playerNumber": 26,
  "noATTR": 6,
  "noRating": 6
}