{
  "playerValue": {
    "total": 77555000,
    "min": 130000,
    "max": 15600000,
    "avg": 2982884.6153846155,
    "median": 1030000,
    "standardDeviation": 3851555.6729808548,
    "percentile25": 580000,
    "percentile75": 3200000,
    "qArr": [
      195000,
      540000,
      855000,
      960000,
      2600000,
      4300000,
      12700000
    ],
    "skewness": 2.292096620983566,
    "badValue": 4
  },
  "playerAge": {
    "total": 740,
    "min": 17,
    "max": 35,
    "avg": 24.666666666666668,
    "median": 23,
    "standardDeviation": 4.706968828827694,
    "percentile25": 21,
    "percentile75": 28,
    "qArr": [
      20,
      21,
      22,
      23,
      24,
      31,
      33
    ],
    "skewness": 0.7743677630129318,
    "badValue": 0
  },
  "playerATT": {
    "total": 1094,
    "min": 32,
    "max": 66,
    "avg": 47.56521739130435,
    "median": 50,
    "standardDeviation": 9.990543733109615,
    "percentile25": 37,
    "percentile75": 55,
    "qArr": [
      33,
      35,
      43,
      50,
      54,
      56,
      62
    ],
    "skewness": -0.09414769149777372,
    "badValue": 0
  },
  "playerTEC": {
    "total": 1075,
    "min": 37,
    "max": 58,
    "avg": 46.73913043478261,
    "median": 48,
    "standardDeviation": 5.906646155736242,
    "percentile25": 42,
    "percentile75": 51,
    "qArr": [
      38,
      41,
      43,
      48,
      51,
      52,
      56
    ],
    "skewness": 0.13006745943485337,
    "badValue": 0
  },
  "playerTAC": {
    "total": 992,
    "min": 27,
    "max": 57,
    "avg": 43.130434782608695,
    "median": 40,
    "standardDeviation": 7.6346142399975125,
    "percentile25": 39,
    "percentile75": 51,
    "qArr": [
      30,
      38,
      39,
      40,
      43,
      53,
      54
    ],
    "skewness": 0.03762986998411686,
    "badValue": 0
  },
  "playerDEF": {
    "total": 1206,
    "min": 32,
    "max": 74,
    "avg": 52.43478260869565,
    "median": 55,
    "standardDeviation": 12.913848606140085,
    "percentile25": 41,
    "percentile75": 64,
    "qArr": [
      35,
      40,
      45,
      55,
      58,
      67,
      72
    ],
    "skewness": 0.1268412407062728,
    "badValue": 0
  },
  "playerCRE": {
    "total": 1047,
    "min": 31,
    "max": 60,
    "avg": 45.52173913043478,
    "median": 46,
    "standardDeviation": 7.435926685429162,
    "percentile25": 40,
    "percentile75": 53,
    "qArr": [
      35,
      39,
      42,
      46,
      48,
      53,
      55
    ],
    "skewness": -0.06778364141511109,
    "badValue": 0
  },
  "playerTOT": {
    "total": 5414,
    "min": 212,
    "max": 298,
    "avg": 235.3913043478261,
    "median": 229,
    "standardDeviation": 18.476163563841038,
    "percentile25": 224,
    "percentile75": 245,
    "qArr": [
      214,
      223,
      228,
      229,
      241,
      245,
      259
    ],
    "skewness": 1.8345000950139334,
    "badValue": 0
  },
  "playerRating": {
    "total": 156.29999999999998,
    "min": 5.9,
    "max": 8.2,
    "avg": 6.795652173913043,
    "median": 6.7,
    "standardDeviation": 0.4768358215949632,
    "percentile25": 6.5,
    "percentile75": 7.1,
    "qArr": [
      6.1,
      6.5,
      6.6,
      6.7,
      6.9,
      7.1,
      7.5
    ],
    "skewness": 0.9868674426789559,
    "badValue": 0
  },
  "playerNumber": 30,
  "noATTR": 7,
  "noRating": 7
}