{
  "playerValue": {
    "total": 34865000,
    "min": 105000,
    "max": 12700000,
    "avg": 1394600,
    "median": 775000,
    "standardDeviation": 2403952.1293070707,
    "percentile25": 360000,
    "percentile75": 1600000,
    "qArr": [
      140000,
      230000,
      360000,
      775000,
      1400000,
      1700000,
      2700000
    ],
    "skewness": 4.669349183058408,
    "badValue": 1
  },
  "playerAge": {
    "total": 624,
    "min": 18,
    "max": 34,
    "avg": 24.96,
    "median": 24,
    "standardDeviation": 3.994796615598847,
    "percentile25": 23,
    "percentile75": 27,
    "qArr": [
      20,
      22,
      23,
      24,
      26,
      27,
      33
    ],
    "skewness": 0.8389218415055901,
    "badValue": 1
  },
  "playerATT": {
    "total": 925,
    "min": 33,
    "max": 70,
    "avg": 51.388888888888886,
    "median": 52.5,
    "standardDeviation": 11.523593618161968,
    "percentile25": 40,
    "percentile75": 63,
    "qArr": [
      33,
      39,
      47,
      52,
      58,
      64,
      70
    ],
    "skewness": -0.17379093477907712,
    "badValue": 0
  },
  "playerTEC": {
    "total": 863,
    "min": 32,
    "max": 59,
    "avg": 47.94444444444444,
    "median": 49,
    "standardDeviation": 6.484787516627084,
    "percentile25": 45,
    "percentile75": 51,
    "qArr": [
      32,
      42,
      46,
      49,
      50,
      52,
      59
    ],
    "skewness": -0.5156351114455964,
    "badValue": 0
  },
  "playerTAC": {
    "total": 839,
    "min": 33,
    "max": 68,
    "avg": 46.611111111111114,
    "median": 44,
    "standardDeviation": 8.118147632782636,
    "percentile25": 42,
    "percentile75": 50,
    "qArr": [
      33,
      41,
      43,
      44,
      48,
      54,
      68
    ],
    "skewness": 1.026876177163133,
    "badValue": 0
  },
  "playerDEF": {
    "total": 902,
    "min": 28,
    "max": 72,
    "avg": 50.111111111111114,
    "median": 54.5,
    "standardDeviation": 14.6435002224684,
    "percentile25": 33,
    "percentile75": 61,
    "qArr": [
      28,
      33,
      43,
      52,
      57,
      64,
      72
    ],
    "skewness": -0.21093225199082322,
    "badValue": 0
  },
  "playerCRE": {
    "total": 829,
    "min": 33,
    "max": 67,
    "avg": 46.05555555555556,
    "median": 44,
    "standardDeviation": 8.746251401614689,
    "percentile25": 40,
    "percentile75": 54,
    "qArr": [
      33,
      38,
      41,
      42,
      51,
      54,
      67
    ],
    "skewness": 0.563734948920108,
    "badValue": 0
  },
  "playerTOT": {
    "total": 4358,
    "min": 222,
    "max": 306,
    "avg": 242.11111111111111,
    "median": 240,
    "standardDeviation": 19.005522264415937,
    "percentile25": 230,
    "percentile75": 248,
    "qArr": [
      222,
      226,
      232,
      239,
      246,
      252,
      306
    ],
    "skewness": 2.293352843889284,
    "badValue": 0
  },
  "playerRating": {
    "total": 122.72,
    "min": 6.4,
    "max": 7.7,
    "avg": 6.817777777777778,
    "median": 6.7,
    "standardDeviation": 0.35313761175992875,
    "percentile25": 6.6,
    "percentile75": 7,
    "qArr": [
      6.4,
      6.5,
      6.6,
      6.7,
      6.82,
      7.1,
      7.7
    ],
    "skewness": 1.2670582316881083,
    "badValue": 0
  },
  "playerNumber": 26,
  "noATTR": 8,
  "noRating": 8
}