{
  "playerValue": {
    "total": 41945000,
    "min": 79000,
    "max": 4800000,
    "avg": 1498035.7142857143,
    "median": 1200000,
    "standardDeviation": 1303241.0006853477,
    "percentile25": 210000,
    "percentile75": 2300000,
    "qArr": [
      91000,
      185000,
      440000,
      1100000,
      2100000,
      2400000,
      3700000
    ],
    "skewness": 0.7773912476250175,
    "badValue": 3
  },
  "playerAge": {
    "total": 773,
    "min": 17,
    "max": 36,
    "avg": 24.93548387096774,
    "median": 25,
    "standardDeviation": 5.123856183112845,
    "percentile25": 19,
    "percentile75": 29,
    "qArr": [
      18,
      19,
      22,
      25,
      27,
      30,
      33
    ],
    "skewness": 0.23191217058317906,
    "badValue": 0
  },
  "playerATT": {
    "total": 914,
    "min": 34,
    "max": 64,
    "avg": 50.77777777777778,
    "median": 53.5,
    "standardDeviation": 10.05294625446002,
    "percentile25": 46,
    "percentile75": 60,
    "qArr": [
      34,
      36,
      47,
      52,
      57,
      60,
      64
    ],
    "skewness": -0.6184738068029367,
    "badValue": 0
  },
  "playerTEC": {
    "total": 857,
    "min": 37,
    "max": 56,
    "avg": 47.611111111111114,
    "median": 47,
    "standardDeviation": 5.437921262239917,
    "percentile25": 44,
    "percentile75": 53,
    "qArr": [
      37,
      42,
      45,
      47,
      48,
      53,
      56
    ],
    "skewness": -0.020967869555408275,
    "badValue": 0
  },
  "playerTAC": {
    "total": 840,
    "min": 32,
    "max": 60,
    "avg": 46.666666666666664,
    "median": 46,
    "standardDeviation": 7.007932013876213,
    "percentile25": 42,
    "percentile75": 52,
    "qArr": [
      32,
      40,
      43,
      46,
      50,
      53,
      60
    ],
    "skewness": -0.08832058237046757,
    "badValue": 0
  },
  "playerDEF": {
    "total": 871,
    "min": 27,
    "max": 72,
    "avg": 48.388888888888886,
    "median": 49,
    "standardDeviation": 15.125911869257443,
    "percentile25": 34,
    "percentile75": 65,
    "qArr": [
      27,
      31,
      38,
      49,
      58,
      66,
      72
    ],
    "skewness": 0.028478454275233985,
    "badValue": 0
  },
  "playerCRE": {
    "total": 816,
    "min": 34,
    "max": 57,
    "avg": 45.333333333333336,
    "median": 44.5,
    "standardDeviation": 7.0710678118654755,
    "percentile25": 40,
    "percentile75": 51,
    "qArr": [
      34,
      39,
      41,
      44,
      49,
      53,
      57
    ],
    "skewness": -0.007986147175754861,
    "badValue": 0
  },
  "playerTOT": {
    "total": 4298,
    "min": 211,
    "max": 278,
    "avg": 238.77777777777777,
    "median": 236.5,
    "standardDeviation": 17.46283531629244,
    "percentile25": 224,
    "percentile75": 254,
    "qArr": [
      211,
      222,
      229,
      236,
      248,
      255,
      278
    ],
    "skewness": 0.4131613533369986,
    "badValue": 0
  },
  "playerRating": {
    "total": 127.90000000000002,
    "min": 6.4,
    "max": 7.7,
    "avg": 7.105555555555557,
    "median": 7.25,
    "standardDeviation": 0.41961916890625983,
    "percentile25": 6.7,
    "percentile75": 7.5,
    "qArr": [
      6.4,
      6.7,
      6.8,
      7.2,
      7.3,
      7.6,
      7.7
    ],
    "skewness": -0.22375734234493078,
    "badValue": 0
  },
  "playerNumber": 31,
  "noATTR": 13,
  "noRating": 13
}