{
  "playerValue": {
    "total": 41945000,
    "min": 79000,
    "max": 4800000,
    "avg": 1498035.7142857143,
    "median": 1200000,
    "standardDeviation": 1303241.0006853477,
    "percentile25": 210000,
    "percentile75": 2300000,
    "skewness": 0.7773912476250175,
    "kurtosis": -0.001712394581742771,
    "outliers": [],
    "badValue": 3
  },
  "playerAge": {
    "total": 773,
    "min": 17,
    "max": 36,
    "avg": 24.93548387096774,
    "median": 25,
    "standardDeviation": 5.123856183112845,
    "percentile25": 19,
    "percentile75": 29,
    "skewness": 0.23191217058317906,
    "kurtosis": -0.8345338517069312,
    "outliers": [],
    "badValue": 0
  },
  "playerATT": {
    "total": 914,
    "min": 34,
    "max": 64,
    "avg": 50.77777777777778,
    "median": 53.5,
    "standardDeviation": 10.05294625446002,
    "percentile25": 46,
    "percentile75": 60,
    "skewness": -0.6184738068029367,
    "kurtosis": -0.7537115745185767,
    "outliers": [],
    "badValue": 0
  },
  "playerTEC": {
    "total": 857,
    "min": 37,
    "max": 56,
    "avg": 47.611111111111114,
    "median": 47,
    "standardDeviation": 5.437921262239917,
    "percentile25": 44,
    "percentile75": 53,
    "skewness": -0.020967869555408275,
    "kurtosis": -0.47825161691930207,
    "outliers": [],
    "badValue": 0
  },
  "playerTAC": {
    "total": 840,
    "min": 32,
    "max": 60,
    "avg": 46.666666666666664,
    "median": 46,
    "standardDeviation": 7.007932013876213,
    "percentile25": 42,
    "percentile75": 52,
    "skewness": -0.08832058237046757,
    "kurtosis": 0.041132194263015176,
    "outliers": [],
    "badValue": 0
  },
  "playerDEF": {
    "total": 871,
    "min": 27,
    "max": 72,
    "avg": 48.388888888888886,
    "median": 49,
    "standardDeviation": 15.125911869257443,
    "percentile25": 34,
    "percentile75": 65,
    "skewness": 0.028478454275233985,
    "kurtosis": -1.3393557331914243,
    "outliers": [],
    "badValue": 0
  },
  "playerCRE": {
    "total": 816,
    "min": 34,
    "max": 57,
    "avg": 45.333333333333336,
    "median": 44.5,
    "standardDeviation": 7.0710678118654755,
    "percentile25": 40,
    "percentile75": 51,
    "skewness": -0.007986147175754861,
    "kurtosis": -0.9352882352941174,
    "outliers": [],
    "badValue": 0
  },
  "playerTOT": {
    "total": 4298,
    "min": 211,
    "max": 278,
    "avg": 238.77777777777777,
    "median": 236.5,
    "standardDeviation": 17.46283531629244,
    "percentile25": 224,
    "percentile75": 254,
    "skewness": 0.4131613533369986,
    "kurtosis": 0.07107905006714876,
    "outliers": [],
    "badValue": 0
  },
  "playerRating": {
    "total": 127.90000000000002,
    "min": 6.4,
    "max": 7.7,
    "avg": 7.105555555555557,
    "median": 7.25,
    "standardDeviation": 0.41961916890625983,
    "percentile25": 6.7,
    "percentile75": 7.5,
    "skewness": -0.22375734234493078,
    "kurtosis": -1.2390926492694239,
    "outliers": [],
    "badValue": 0
  },
  "playerNumber": 31,
  "noATTR": 13,
  "noRating": 13
}