{
  "playerValue": {
    "total": 14365000,
    "min": 165000,
    "max": 1300000,
    "avg": 513035.71428571426,
    "median": 405000,
    "standardDeviation": 297421.4760886905,
    "percentile25": 285000,
    "percentile75": 680000,
    "qArr": [
      195000,
      245000,
      340000,
      400000,
      540000,
      770000,
      1100000
    ],
    "skewness": 1.127364354517643,
    "badValue": 0
  },
  "playerAge": {
    "total": 740,
    "min": 21,
    "max": 35,
    "avg": 26.428571428571427,
    "median": 26,
    "standardDeviation": 3.2230040493367076,
    "percentile25": 24,
    "percentile75": 28,
    "qArr": [
      22,
      24,
      25,
      26,
      27,
      28,
      33
    ],
    "skewness": 0.8099216226107397,
    "badValue": 0
  },
  "playerATT": {
    "total": 1014,
    "min": 36,
    "max": 72,
    "avg": 50.7,
    "median": 52,
    "standardDeviation": 9.859513172565874,
    "percentile25": 40,
    "percentile75": 54,
    "qArr": [
      36,
      39,
      46,
      52,
      54,
      57,
      68
    ],
    "skewness": 0.39527547690013454,
    "badValue": 0
  },
  "playerTEC": {
    "total": 986,
    "min": 40,
    "max": 74,
    "avg": 49.3,
    "median": 48.5,
    "standardDeviation": 6.986415389883426,
    "percentile25": 44,
    "percentile75": 51,
    "qArr": [
      40,
      44,
      46,
      48,
      49,
      51,
      57
    ],
    "skewness": 2.4041081259136434,
    "badValue": 0
  },
  "playerTAC": {
    "total": 896,
    "min": 27,
    "max": 58,
    "avg": 44.8,
    "median": 46.5,
    "standardDeviation": 8.55336191213724,
    "percentile25": 36,
    "percentile75": 51,
    "qArr": [
      27,
      36,
      40,
      46,
      49,
      51,
      57
    ],
    "skewness": -0.38875709047483975,
    "badValue": 0
  },
  "playerDEF": {
    "total": 979,
    "min": 29,
    "max": 74,
    "avg": 48.95,
    "median": 48.5,
    "standardDeviation": 14.343901142994538,
    "percentile25": 34,
    "percentile75": 58,
    "qArr": [
      29,
      33,
      39,
      47,
      56,
      60,
      72
    ],
    "skewness": 0.26949379568813103,
    "badValue": 0
  },
  "playerCRE": {
    "total": 956,
    "min": 38,
    "max": 62,
    "avg": 47.8,
    "median": 46.5,
    "standardDeviation": 6.523802572120036,
    "percentile25": 42,
    "percentile75": 52,
    "qArr": [
      38,
      41,
      43,
      46,
      49,
      55,
      56
    ],
    "skewness": 0.5174702725817519,
    "badValue": 0
  },
  "playerTOT": {
    "total": 4831,
    "min": 201,
    "max": 285,
    "avg": 241.55,
    "median": 240,
    "standardDeviation": 22.32369817033011,
    "percentile25": 227,
    "percentile75": 257,
    "qArr": [
      201,
      222,
      231,
      238,
      251,
      258,
      280
    ],
    "skewness": 0.09939299238476693,
    "badValue": 0
  },
  "playerRating": {
    "total": 137.10000000000002,
    "min": 6.3,
    "max": 8.2,
    "avg": 6.855000000000001,
    "median": 6.8,
    "standardDeviation": 0.5132981589680601,
    "percentile25": 6.4,
    "percentile75": 6.9,
    "qArr": [
      6.3,
      6.4,
      6.5,
      6.8,
      6.9,
      7,
      7.9
    ],
    "skewness": 1.404553222069128,
    "badValue": 0
  },
  "playerNumber": 28,
  "noATTR": 8,
  "noRating": 8
}