{
  "playerValue": {
    "total": 34905000,
    "min": 140000,
    "max": 7200000,
    "avg": 1586590.9090909092,
    "median": 697500,
    "standardDeviation": 1717931.7548909825,
    "percentile25": 360000,
    "percentile75": 2400000,
    "qArr": [
      190000,
      280000,
      550000,
      640000,
      2100000,
      2600000,
      4600000
    ],
    "skewness": 1.9959859135746185,
    "badValue": 3
  },
  "playerAge": {
    "total": 637,
    "min": 18,
    "max": 35,
    "avg": 25.48,
    "median": 26,
    "standardDeviation": 4.605388148679762,
    "percentile25": 22,
    "percentile75": 29,
    "qArr": [
      18,
      21,
      23,
      26,
      27,
      30,
      33
    ],
    "skewness": 0.06755084169300596,
    "badValue": 0
  },
  "playerATT": {
    "total": 793,
    "min": 32,
    "max": 66,
    "avg": 46.64705882352941,
    "median": 47,
    "standardDeviation": 10.323822687303997,
    "percentile25": 37,
    "percentile75": 56,
    "qArr": [
      32,
      36,
      38,
      47,
      50,
      57,
      66
    ],
    "skewness": 0.3213083449431392,
    "badValue": 0
  },
  "playerTEC": {
    "total": 817,
    "min": 40,
    "max": 60,
    "avg": 48.05882352941177,
    "median": 47,
    "standardDeviation": 5.307825390932037,
    "percentile25": 44,
    "percentile75": 52,
    "qArr": [
      40,
      44,
      44,
      47,
      49,
      54,
      60
    ],
    "skewness": 0.8755923679297382,
    "badValue": 0
  },
  "playerTAC": {
    "total": 788,
    "min": 29,
    "max": 62,
    "avg": 46.35294117647059,
    "median": 46,
    "standardDeviation": 8.072765955545249,
    "percentile25": 43,
    "percentile75": 53,
    "qArr": [
      29,
      41,
      44,
      46,
      47,
      54,
      62
    ],
    "skewness": -0.10956905370575226,
    "badValue": 0
  },
  "playerDEF": {
    "total": 918,
    "min": 31,
    "max": 76,
    "avg": 54,
    "median": 58,
    "standardDeviation": 15.590343919535956,
    "percentile25": 38,
    "percentile75": 69,
    "qArr": [
      31,
      36,
      38,
      58,
      65,
      71,
      76
    ],
    "skewness": -0.1804587259705174,
    "badValue": 0
  },
  "playerCRE": {
    "total": 774,
    "min": 34,
    "max": 63,
    "avg": 45.529411764705884,
    "median": 46,
    "standardDeviation": 8.030219739567775,
    "percentile25": 40,
    "percentile75": 48,
    "qArr": [
      34,
      38,
      41,
      46,
      48,
      50,
      63
    ],
    "skewness": 0.6072666984376501,
    "badValue": 0
  },
  "playerTOT": {
    "total": 4090,
    "min": 216,
    "max": 264,
    "avg": 240.58823529411765,
    "median": 239,
    "standardDeviation": 13.945519303723293,
    "percentile25": 229,
    "percentile75": 252,
    "qArr": [
      216,
      226,
      231,
      239,
      249,
      254,
      264
    ],
    "skewness": 0.07438858610655984,
    "badValue": 0
  },
  "playerRating": {
    "total": 121.50000000000001,
    "min": 6.4,
    "max": 8.1,
    "avg": 7.147058823529413,
    "median": 7.1,
    "standardDeviation": 0.47665210776195044,
    "percentile25": 6.9,
    "percentile75": 7.4,
    "qArr": [
      6.4,
      6.8,
      6.9,
      7.1,
      7.3,
      7.7,
      8.1
    ],
    "skewness": 0.40092370075788447,
    "badValue": 0
  },
  "playerNumber": 25,
  "noATTR": 8,
  "noRating": 8
}