{
  "playerValue": {
    "total": 43725000,
    "min": 155000,
    "max": 5100000,
    "avg": 1749000,
    "median": 1500000,
    "standardDeviation": 1277622.0098291982,
    "percentile25": 760000,
    "percentile75": 2200000,
    "qArr": [
      220000,
      620000,
      870000,
      1500000,
      2100000,
      2600000,
      4600000
    ],
    "skewness": 1.170783338019892,
    "badValue": 7
  },
  "playerAge": {
    "total": 804,
    "min": 17,
    "max": 36,
    "avg": 25.125,
    "median": 25.5,
    "standardDeviation": 5.048205126577168,
    "percentile25": 21,
    "percentile75": 29,
    "qArr": [
      17,
      19,
      23,
      25,
      27,
      29,
      34
    ],
    "skewness": 0.12466899128473057,
    "badValue": 0
  },
  "playerATT": {
    "total": 1179,
    "min": 33,
    "max": 65,
    "avg": 51.26086956521739,
    "median": 53,
    "standardDeviation": 9.061228399804387,
    "percentile25": 45,
    "percentile75": 60,
    "qArr": [
      35,
      43,
      51,
      53,
      55,
      61,
      61
    ],
    "skewness": -0.5823168640917427,
    "badValue": 0
  },
  "playerTEC": {
    "total": 1104,
    "min": 43,
    "max": 60,
    "avg": 48,
    "median": 46,
    "standardDeviation": 4,
    "percentile25": 45,
    "percentile75": 50,
    "qArr": [
      43,
      45,
      46,
      46,
      50,
      50,
      54
    ],
    "skewness": 1.3721590909090908,
    "badValue": 0
  },
  "playerTAC": {
    "total": 1048,
    "min": 34,
    "max": 59,
    "avg": 45.56521739130435,
    "median": 45,
    "standardDeviation": 6.58605963186488,
    "percentile25": 39,
    "percentile75": 51,
    "qArr": [
      38,
      39,
      42,
      45,
      47,
      51,
      57
    ],
    "skewness": 0.36232649849737797,
    "badValue": 0
  },
  "playerDEF": {
    "total": 1109,
    "min": 29,
    "max": 68,
    "avg": 48.21739130434783,
    "median": 50,
    "standardDeviation": 11.71753246668216,
    "percentile25": 39,
    "percentile75": 57,
    "qArr": [
      32,
      39,
      40,
      50,
      52,
      61,
      67
    ],
    "skewness": 0.13452174718933965,
    "badValue": 0
  },
  "playerCRE": {
    "total": 1151,
    "min": 38,
    "max": 61,
    "avg": 50.04347826086956,
    "median": 48,
    "standardDeviation": 6.497345684599178,
    "percentile25": 46,
    "percentile75": 57,
    "qArr": [
      39,
      45,
      47,
      48,
      52,
      57,
      61
    ],
    "skewness": 0.09807411254871908,
    "badValue": 0
  },
  "playerTOT": {
    "total": 5591,
    "min": 218,
    "max": 283,
    "avg": 243.08695652173913,
    "median": 240,
    "standardDeviation": 16.61825356669001,
    "percentile25": 230,
    "percentile75": 251,
    "qArr": [
      225,
      228,
      237,
      240,
      244,
      255,
      276
    ],
    "skewness": 0.9764160038949242,
    "badValue": 0
  },
  "playerRating": {
    "total": 149.21,
    "min": 6.3,
    "max": 7.8,
    "avg": 6.782272727272727,
    "median": 6.75,
    "standardDeviation": 0.3463567763577401,
    "percentile25": 6.5,
    "percentile75": 7.1,
    "qArr": [
      6.4,
      6.5,
      6.6,
      6.7,
      6.8,
      7.1,
      7.2
    ],
    "skewness": 1.1588988922687544,
    "badValue": 0
  },
  "playerNumber": 32,
  "noATTR": 9,
  "noRating": 10
}