{
  "playerValue": {
    "total": 89125000,
    "min": 145000,
    "max": 15500000,
    "avg": 3073275.8620689656,
    "median": 1800000,
    "standardDeviation": 3707275.0648769964,
    "percentile25": 835000,
    "percentile75": 3300000,
    "qArr": [
      165000,
      620000,
      970000,
      1800000,
      2700000,
      4400000,
      11600000
    ],
    "skewness": 2.2466080155944863,
    "badValue": 2
  },
  "playerAge": {
    "total": 709,
    "min": 17,
    "max": 34,
    "avg": 22.870967741935484,
    "median": 22,
    "standardDeviation": 3.452366514051849,
    "percentile25": 21,
    "percentile75": 24,
    "qArr": [
      19,
      21,
      21,
      22,
      23,
      24,
      30
    ],
    "skewness": 1.4037817145013074,
    "badValue": 0
  },
  "playerATT": {
    "total": 806,
    "min": 35,
    "max": 64,
    "avg": 47.411764705882355,
    "median": 51,
    "standardDeviation": 9.324596339027934,
    "percentile25": 37,
    "percentile75": 54,
    "qArr": [
      35,
      37,
      38,
      51,
      53,
      56,
      64
    ],
    "skewness": 0.024454303007582962,
    "badValue": 0
  },
  "playerTEC": {
    "total": 841,
    "min": 42,
    "max": 69,
    "avg": 49.470588235294116,
    "median": 48,
    "standardDeviation": 6.895161535102401,
    "percentile25": 44,
    "percentile75": 52,
    "qArr": [
      42,
      44,
      47,
      48,
      49,
      53,
      69
    ],
    "skewness": 1.9004199722019917,
    "badValue": 0
  },
  "playerTAC": {
    "total": 760,
    "min": 25,
    "max": 59,
    "avg": 44.705882352941174,
    "median": 46,
    "standardDeviation": 10.225485496210828,
    "percentile25": 38,
    "percentile75": 52,
    "qArr": [
      25,
      36,
      44,
      46,
      52,
      54,
      59
    ],
    "skewness": -0.8265455181457045,
    "badValue": 0
  },
  "playerDEF": {
    "total": 878,
    "min": 27,
    "max": 71,
    "avg": 51.64705882352941,
    "median": 50,
    "standardDeviation": 14.29084929954907,
    "percentile25": 39,
    "percentile75": 68,
    "qArr": [
      27,
      35,
      46,
      50,
      58,
      68,
      71
    ],
    "skewness": -0.14637371837913848,
    "badValue": 0
  },
  "playerCRE": {
    "total": 839,
    "min": 37,
    "max": 62,
    "avg": 49.35294117647059,
    "median": 48,
    "standardDeviation": 8.18852264539745,
    "percentile25": 42,
    "percentile75": 55,
    "qArr": [
      37,
      42,
      44,
      48,
      53,
      59,
      62
    ],
    "skewness": 0.12285792164639446,
    "badValue": 0
  },
  "playerTOT": {
    "total": 4124,
    "min": 206,
    "max": 280,
    "avg": 242.58823529411765,
    "median": 245,
    "standardDeviation": 20.67410663417182,
    "percentile25": 236,
    "percentile75": 255,
    "qArr": [
      206,
      236,
      237,
      245,
      252,
      257,
      280
    ],
    "skewness": -0.32262792286646175,
    "badValue": 0
  },
  "playerRating": {
    "total": 114.30000000000001,
    "min": 6,
    "max": 7.4,
    "avg": 6.723529411764707,
    "median": 6.8,
    "standardDeviation": 0.3918724458810935,
    "percentile25": 6.5,
    "percentile75": 6.9,
    "qArr": [
      6,
      6.4,
      6.5,
      6.8,
      6.9,
      7,
      7.4
    ],
    "skewness": -0.4172704372548274,
    "badValue": 0
  },
  "playerNumber": 31,
  "noATTR": 14,
  "noRating": 14
}