{
  "playerValue": {
    "total": 39865000,
    "min": 90000,
    "max": 9300000,
    "avg": 1812045.4545454546,
    "median": 857500,
    "standardDeviation": 2275691.532804773,
    "percentile25": 325000,
    "percentile75": 2400000,
    "qArr": [
      160000,
      285000,
      660000,
      845000,
      1700000,
      2700000,
      7300000
    ],
    "skewness": 2.4783664548938598,
    "badValue": 1
  },
  "playerAge": {
    "total": 601,
    "min": 18,
    "max": 36,
    "avg": 26.130434782608695,
    "median": 25,
    "standardDeviation": 4.366914618952946,
    "percentile25": 23,
    "percentile75": 30,
    "qArr": [
      22,
      22,
      24,
      25,
      26,
      30,
      34
    ],
    "skewness": 0.6703338050868548,
    "badValue": 0
  },
  "playerATT": {
    "total": 749,
    "min": 36,
    "max": 59,
    "avg": 49.93333333333333,
    "median": 52,
    "standardDeviation": 8.086751854456494,
    "percentile25": 46,
    "percentile75": 58,
    "qArr": [
      36,
      38,
      47,
      52,
      54,
      58,
      59
    ],
    "skewness": -0.6035643599902417,
    "badValue": 0
  },
  "playerTEC": {
    "total": 727,
    "min": 40,
    "max": 61,
    "avg": 48.46666666666667,
    "median": 48,
    "standardDeviation": 6.042810236599818,
    "percentile25": 43,
    "percentile75": 54,
    "qArr": [
      40,
      42,
      47,
      48,
      50,
      54,
      61
    ],
    "skewness": 0.5806779342342397,
    "badValue": 0
  },
  "playerTAC": {
    "total": 692,
    "min": 38,
    "max": 60,
    "avg": 46.13333333333333,
    "median": 46,
    "standardDeviation": 5.771962885843563,
    "percentile25": 40,
    "percentile75": 50,
    "qArr": [
      38,
      40,
      44,
      46,
      48,
      50,
      60
    ],
    "skewness": 0.75350427220913,
    "badValue": 0
  },
  "playerDEF": {
    "total": 749,
    "min": 35,
    "max": 66,
    "avg": 49.93333333333333,
    "median": 50,
    "standardDeviation": 9.969731970096065,
    "percentile25": 39,
    "percentile75": 57,
    "qArr": [
      35,
      37,
      45,
      50,
      55,
      57,
      66
    ],
    "skewness": 0.05865111222932139,
    "badValue": 0
  },
  "playerCRE": {
    "total": 724,
    "min": 37,
    "max": 60,
    "avg": 48.266666666666666,
    "median": 48,
    "standardDeviation": 6.697926710723418,
    "percentile25": 43,
    "percentile75": 54,
    "qArr": [
      37,
      41,
      45,
      48,
      51,
      54,
      60
    ],
    "skewness": -0.014984378378767255,
    "badValue": 0
  },
  "playerTOT": {
    "total": 3641,
    "min": 227,
    "max": 272,
    "avg": 242.73333333333332,
    "median": 236,
    "standardDeviation": 13.76694914964419,
    "percentile25": 233,
    "percentile75": 254,
    "qArr": [
      227,
      231,
      235,
      236,
      239,
      254,
      272
    ],
    "skewness": 1.0996856149447112,
    "badValue": 0
  },
  "playerRating": {
    "total": 103.1,
    "min": 6.4,
    "max": 7.7,
    "avg": 6.873333333333333,
    "median": 6.7,
    "standardDeviation": 0.33757303736459104,
    "percentile25": 6.6,
    "percentile75": 7.1,
    "qArr": [
      6.4,
      6.6,
      6.7,
      6.7,
      7,
      7.1,
      7.7
    ],
    "skewness": 0.9149052788851457,
    "badValue": 0
  },
  "playerNumber": 23,
  "noATTR": 8,
  "noRating": 8
}