{
  "playerValue": {
    "total": 39865000,
    "min": 90000,
    "max": 9300000,
    "avg": 1812045.4545454546,
    "median": 857500,
    "standardDeviation": 2275691.532804773,
    "percentile25": 325000,
    "percentile75": 2400000,
    "skewness": 2.4783664548938598,
    "kurtosis": 6.224656484947591,
    "outliers": [
      7300000,
      9300000
    ],
    "badValue": 1
  },
  "playerAge": {
    "total": 601,
    "min": 18,
    "max": 36,
    "avg": 26.130434782608695,
    "median": 25,
    "standardDeviation": 4.366914618952946,
    "percentile25": 23,
    "percentile75": 30,
    "skewness": 0.6703338050868548,
    "kurtosis": 0.22344188927891384,
    "outliers": [],
    "badValue": 0
  },
  "playerATT": {
    "total": 749,
    "min": 36,
    "max": 59,
    "avg": 49.93333333333333,
    "median": 52,
    "standardDeviation": 8.086751854456494,
    "percentile25": 46,
    "percentile75": 58,
    "skewness": -0.6035643599902417,
    "kurtosis": -0.548362668111515,
    "outliers": [],
    "badValue": 0
  },
  "playerTEC": {
    "total": 727,
    "min": 40,
    "max": 61,
    "avg": 48.46666666666667,
    "median": 48,
    "standardDeviation": 6.042810236599818,
    "percentile25": 43,
    "percentile75": 54,
    "skewness": 0.5806779342342397,
    "kurtosis": 0.07231360424763666,
    "outliers": [],
    "badValue": 0
  },
  "playerTAC": {
    "total": 692,
    "min": 38,
    "max": 60,
    "avg": 46.13333333333333,
    "median": 46,
    "standardDeviation": 5.771962885843563,
    "percentile25": 40,
    "percentile75": 50,
    "skewness": 0.75350427220913,
    "kurtosis": 1.1625940674718311,
    "outliers": [],
    "badValue": 0
  },
  "playerDEF": {
    "total": 749,
    "min": 35,
    "max": 66,
    "avg": 49.93333333333333,
    "median": 50,
    "standardDeviation": 9.969731970096065,
    "percentile25": 39,
    "percentile75": 57,
    "skewness": 0.05865111222932139,
    "kurtosis": -0.8505450285133098,
    "outliers": [],
    "badValue": 0
  },
  "playerCRE": {
    "total": 724,
    "min": 37,
    "max": 60,
    "avg": 48.266666666666666,
    "median": 48,
    "standardDeviation": 6.697926710723418,
    "percentile25": 43,
    "percentile75": 54,
    "skewness": -0.014984378378767255,
    "kurtosis": -0.43875650457388193,
    "outliers": [],
    "badValue": 0
  },
  "playerTOT": {
    "total": 3641,
    "min": 227,
    "max": 272,
    "avg": 242.73333333333332,
    "median": 236,
    "standardDeviation": 13.76694914964419,
    "percentile25": 233,
    "percentile75": 254,
    "skewness": 1.0996856149447112,
    "kurtosis": 0.1027077080738259,
    "outliers": [],
    "badValue": 0
  },
  "playerRating": {
    "total": 103.1,
    "min": 6.4,
    "max": 7.7,
    "avg": 6.873333333333333,
    "median": 6.7,
    "standardDeviation": 0.33757303736459104,
    "percentile25": 6.6,
    "percentile75": 7.1,
    "skewness": 0.9149052788851457,
    "kurtosis": 1.1782372431514192,
    "outliers": [],
    "badValue": 0
  },
  "playerNumber": 23,
  "noATTR": 8,
  "noRating": 8
}