{
  "playerValue": {
    "total": 52254000,
    "min": 49000,
    "max": 9600000,
    "avg": 2090160,
    "median": 1400000,
    "standardDeviation": 2038089.3538802464,
    "percentile25": 680000,
    "percentile75": 2600000,
    "qArr": [
      290000,
      645000,
      1100000,
      1400000,
      2100000,
      2900000,
      6500000
    ],
    "skewness": 2.554249319208946,
    "badValue": 3
  },
  "playerAge": {
    "total": 694,
    "min": 18,
    "max": 35,
    "avg": 24.785714285714285,
    "median": 25,
    "standardDeviation": 4.345417478358608,
    "percentile25": 21,
    "percentile75": 27,
    "qArr": [
      19,
      20,
      23,
      25,
      26,
      30,
      32
    ],
    "skewness": 0.5415957328988772,
    "badValue": 0
  },
  "playerATT": {
    "total": 857,
    "min": 36,
    "max": 62,
    "avg": 50.411764705882355,
    "median": 52,
    "standardDeviation": 9.970891891957674,
    "percentile25": 40,
    "percentile75": 61,
    "qArr": [
      36,
      39,
      40,
      52,
      59,
      61,
      62
    ],
    "skewness": -0.235801663602673,
    "badValue": 0
  },
  "playerTEC": {
    "total": 867,
    "min": 39,
    "max": 62,
    "avg": 51,
    "median": 51,
    "standardDeviation": 6.211942956444275,
    "percentile25": 47,
    "percentile75": 56,
    "qArr": [
      39,
      47,
      48,
      51,
      53,
      56,
      62
    ],
    "skewness": -0.10637946538871017,
    "badValue": 0
  },
  "playerTAC": {
    "total": 807,
    "min": 37,
    "max": 64,
    "avg": 47.470588235294116,
    "median": 46,
    "standardDeviation": 7.701166046613243,
    "percentile25": 42,
    "percentile75": 52,
    "qArr": [
      37,
      42,
      43,
      46,
      49,
      52,
      64
    ],
    "skewness": 0.9266042889768634,
    "badValue": 0
  },
  "playerDEF": {
    "total": 860,
    "min": 34,
    "max": 79,
    "avg": 50.588235294117645,
    "median": 49,
    "standardDeviation": 13.762946091629773,
    "percentile25": 37,
    "percentile75": 58,
    "qArr": [
      34,
      37,
      39,
      49,
      58,
      61,
      79
    ],
    "skewness": 0.6146043861638685,
    "badValue": 0
  },
  "playerCRE": {
    "total": 852,
    "min": 36,
    "max": 67,
    "avg": 50.11764705882353,
    "median": 47,
    "standardDeviation": 9.779223792974554,
    "percentile25": 42,
    "percentile75": 58,
    "qArr": [
      36,
      42,
      44,
      47,
      55,
      61,
      67
    ],
    "skewness": 0.2784328464769282,
    "badValue": 0
  },
  "playerTOT": {
    "total": 4243,
    "min": 216,
    "max": 287,
    "avg": 249.58823529411765,
    "median": 252,
    "standardDeviation": 18.626542805518504,
    "percentile25": 241,
    "percentile75": 260,
    "qArr": [
      216,
      232,
      243,
      252,
      258,
      265,
      287
    ],
    "skewness": -0.16938661937807134,
    "badValue": 0
  },
  "playerRating": {
    "total": 118.77000000000001,
    "min": 6.1,
    "max": 8,
    "avg": 6.986470588235295,
    "median": 6.9,
    "standardDeviation": 0.4517800242500975,
    "percentile25": 6.7,
    "percentile75": 7.1,
    "qArr": [
      6.1,
      6.7,
      6.77,
      6.9,
      7.1,
      7.3,
      8
    ],
    "skewness": 0.5643794436241039,
    "badValue": 0
  },
  "playerNumber": 28,
  "noATTR": 11,
  "noRating": 11
}