{
  "playerValue": {
    "total": 48260998,
    "min": 91000,
    "max": 4099999,
    "avg": 2010874.9166666667,
    "median": 2000000,
    "standardDeviation": 1410814.3964347602,
    "percentile25": 550000,
    "percentile75": 3400000,
    "qArr": [
      230000,
      470000,
      750000,
      1400000,
      3100000,
      3500000,
      4099999
    ],
    "skewness": 0.057381743921835586,
    "badValue": 15
  },
  "playerAge": {
    "total": 890,
    "min": 16,
    "max": 33,
    "avg": 23.42105263157895,
    "median": 23.5,
    "standardDeviation": 4.591935602355209,
    "percentile25": 19,
    "percentile75": 28,
    "qArr": [
      17,
      19,
      21,
      23,
      25,
      29,
      31
    ],
    "skewness": 0.26784018728916337,
    "badValue": 1
  },
  "playerATT": {
    "total": 1013,
    "min": 37,
    "max": 64,
    "avg": 50.65,
    "median": 52.5,
    "standardDeviation": 8.821989571519568,
    "percentile25": 41,
    "percentile75": 58,
    "qArr": [
      37,
      39,
      46,
      52,
      54,
      59,
      62
    ],
    "skewness": -0.27577163468576066,
    "badValue": 0
  },
  "playerTEC": {
    "total": 992,
    "min": 42,
    "max": 61,
    "avg": 49.6,
    "median": 50,
    "standardDeviation": 4.2,
    "percentile25": 46,
    "percentile75": 52,
    "qArr": [
      42,
      45,
      47,
      50,
      51,
      53,
      54
    ],
    "skewness": 0.6414373045235904,
    "badValue": 0
  },
  "playerTAC": {
    "total": 905,
    "min": 27,
    "max": 65,
    "avg": 45.25,
    "median": 46,
    "standardDeviation": 8.554969316134336,
    "percentile25": 38,
    "percentile75": 50,
    "qArr": [
      27,
      37,
      43,
      46,
      49,
      50,
      55
    ],
    "skewness": -0.08136338313751544,
    "badValue": 0
  },
  "playerDEF": {
    "total": 964,
    "min": 32,
    "max": 68,
    "avg": 48.2,
    "median": 49,
    "standardDeviation": 12.592060990957755,
    "percentile25": 34,
    "percentile75": 59,
    "qArr": [
      32,
      34,
      35,
      47,
      56,
      60,
      66
    ],
    "skewness": 0.06458708174281447,
    "badValue": 0
  },
  "playerCRE": {
    "total": 989,
    "min": 34,
    "max": 63,
    "avg": 49.45,
    "median": 49,
    "standardDeviation": 7.990463065429938,
    "percentile25": 42,
    "percentile75": 56,
    "qArr": [
      34,
      41,
      44,
      49,
      53,
      56,
      61
    ],
    "skewness": -0.009709505033684989,
    "badValue": 0
  },
  "playerTOT": {
    "total": 4863,
    "min": 218,
    "max": 303,
    "avg": 243.15,
    "median": 235.5,
    "standardDeviation": 20.49701197735904,
    "percentile25": 231,
    "percentile75": 251,
    "qArr": [
      218,
      224,
      232,
      235,
      240,
      256,
      274
    ],
    "skewness": 1.546643428281721,
    "badValue": 0
  },
  "playerRating": {
    "total": 138.59999999999997,
    "min": 6.1,
    "max": 8.1,
    "avg": 6.929999999999998,
    "median": 6.8,
    "standardDeviation": 0.5187484939737175,
    "percentile25": 6.6,
    "percentile75": 7.2,
    "qArr": [
      6.1,
      6.4,
      6.6,
      6.8,
      7,
      7.5,
      7.7
    ],
    "skewness": 0.5735379624786092,
    "badValue": 0
  },
  "playerNumber": 39,
  "noATTR": 19,
  "noRating": 19
}